⚠ [8974/9029] Replayed HSFormal.AlgebraicReduction
warning: HSFormal/AlgebraicReduction.lean:27:2: Try this: 
  letI̵

The goal is a proposition, so `let` is preferred over `letI`.
The difference between `let` and `letI` is that `letI` inlines the value.
But this is not relevant for proofs because of proof irrelevance.

Note: This linter can be disabled with `set_option linter.style.haveILetI false`
⚠ [8977/9029] Replayed HSFormal.Reduction
warning: HSFormal/Reduction.lean:54:2: Try this: 
  letI̵

The goal is a proposition, so `let` is preferred over `letI`.
The difference between `let` and `letI` is that `letI` inlines the value.
But this is not relevant for proofs because of proof irrelevance.

Note: This linter can be disabled with `set_option linter.style.haveILetI false`
warning: HSFormal/Reduction.lean:55:2: Try this: 
  haveI̵

The goal is a proposition, so `have` is preferred over `haveI`.
The difference between `have` and `haveI` is that `haveI` inlines the value.
But this is not relevant for proofs because of proof irrelevance.

Note: This linter can be disabled with `set_option linter.style.haveILetI false`
warning: HSFormal/Reduction.lean:73:2: Try this: 
  haveI̵

The goal is a proposition, so `have` is preferred over `haveI`.
The difference between `have` and `haveI` is that `haveI` inlines the value.
But this is not relevant for proofs because of proof irrelevance.

Note: This linter can be disabled with `set_option linter.style.haveILetI false`
warning: HSFormal/Reduction.lean:74:2: Try this: 
  haveI̵

The goal is a proposition, so `have` is preferred over `haveI`.
The difference between `have` and `haveI` is that `haveI` inlines the value.
But this is not relevant for proofs because of proof irrelevance.

Note: This linter can be disabled with `set_option linter.style.haveILetI false`
warning: HSFormal/Reduction.lean:88:2: Try this: 
  haveI̵

The goal is a proposition, so `have` is preferred over `haveI`.
The difference between `have` and `haveI` is that `haveI` inlines the value.
But this is not relevant for proofs because of proof irrelevance.

Note: This linter can be disabled with `set_option linter.style.haveILetI false`
warning: HSFormal/Reduction.lean:102:2: Try this: 
  haveI̵

The goal is a proposition, so `have` is preferred over `haveI`.
The difference between `have` and `haveI` is that `haveI` inlines the value.
But this is not relevant for proofs because of proof irrelevance.

Note: This linter can be disabled with `set_option linter.style.haveILetI false`
warning: HSFormal/Reduction.lean:103:2: Try this: 
  haveI̵

The goal is a proposition, so `have` is preferred over `haveI`.
The difference between `have` and `haveI` is that `haveI` inlines the value.
But this is not relevant for proofs because of proof irrelevance.

Note: This linter can be disabled with `set_option linter.style.haveILetI false`
warning: HSFormal/Reduction.lean:119:2: Try this: 
  haveI̵

The goal is a proposition, so `have` is preferred over `haveI`.
The difference between `have` and `haveI` is that `haveI` inlines the value.
But this is not relevant for proofs because of proof irrelevance.

Note: This linter can be disabled with `set_option linter.style.haveILetI false`
warning: HSFormal/Reduction.lean:120:2: Try this: 
  letI̵

The goal is a proposition, so `let` is preferred over `letI`.
The difference between `let` and `letI` is that `letI` inlines the value.
But this is not relevant for proofs because of proof irrelevance.

Note: This linter can be disabled with `set_option linter.style.haveILetI false`
warning: HSFormal/Reduction.lean:143:2: Try this: 
  haveI̵

The goal is a proposition, so `have` is preferred over `haveI`.
The difference between `have` and `haveI` is that `haveI` inlines the value.
But this is not relevant for proofs because of proof irrelevance.

Note: This linter can be disabled with `set_option linter.style.haveILetI false`
warning: HSFormal/Reduction.lean:176:2: Try this: 
  haveI̵

The goal is a proposition, so `have` is preferred over `haveI`.
The difference between `have` and `haveI` is that `haveI` inlines the value.
But this is not relevant for proofs because of proof irrelevance.

Note: This linter can be disabled with `set_option linter.style.haveILetI false`
warning: HSFormal/Reduction.lean:178:2: Try this: 
  haveI̵

The goal is a proposition, so `have` is preferred over `haveI`.
The difference between `have` and `haveI` is that `haveI` inlines the value.
But this is not relevant for proofs because of proof irrelevance.

Note: This linter can be disabled with `set_option linter.style.haveILetI false`
⚠ [8978/9029] Replayed HSFormal.BoundaryReduction
warning: HSFormal/BoundaryReduction.lean:49:0: Definition `HSFormal.topInteriorChartedSpace` of class type is semireducible. Most type class instances should be instance-reducible, so consider marking this
definition with `@[instance_reducible]`. If it is intentionally semireducible, this warning can be disabled with `set_option warn.classDefReducibility false`.
warning: HSFormal/BoundaryReduction.lean:73:0: Definition `HSFormal.topInteriorMulAction` of class type is semireducible. Most type class instances should be instance-reducible, so consider marking this
definition with `@[instance_reducible]`. If it is intentionally semireducible, this warning can be disabled with `set_option warn.classDefReducibility false`.
warning: HSFormal/BoundaryReduction.lean:93:2: Try this: 
  letI̵

The goal is a proposition, so `let` is preferred over `letI`.
The difference between `let` and `letI` is that `letI` inlines the value.
But this is not relevant for proofs because of proof irrelevance.

Note: This linter can be disabled with `set_option linter.style.haveILetI false`
warning: HSFormal/BoundaryReduction.lean:283:2: Try this: 
  letI̵

The goal is a proposition, so `let` is preferred over `letI`.
The difference between `let` and `letI` is that `letI` inlines the value.
But this is not relevant for proofs because of proof irrelevance.

Note: This linter can be disabled with `set_option linter.style.haveILetI false`
warning: HSFormal/BoundaryReduction.lean:284:2: Try this: 
  haveI̵

The goal is a proposition, so `have` is preferred over `haveI`.
The difference between `have` and `haveI` is that `haveI` inlines the value.
But this is not relevant for proofs because of proof irrelevance.

Note: This linter can be disabled with `set_option linter.style.haveILetI false`
warning: HSFormal/BoundaryReduction.lean:285:2: Try this: 
  letI̵

The goal is a proposition, so `let` is preferred over `letI`.
The difference between `let` and `letI` is that `letI` inlines the value.
But this is not relevant for proofs because of proof irrelevance.

Note: This linter can be disabled with `set_option linter.style.haveILetI false`
warning: HSFormal/BoundaryReduction.lean:286:2: Try this: 
  haveI̵

The goal is a proposition, so `have` is preferred over `haveI`.
The difference between `have` and `haveI` is that `haveI` inlines the value.
But this is not relevant for proofs because of proof irrelevance.

Note: This linter can be disabled with `set_option linter.style.haveILetI false`
warning: HSFormal/BoundaryReduction.lean:287:2: Try this: 
  haveI̵

The goal is a proposition, so `have` is preferred over `haveI`.
The difference between `have` and `haveI` is that `haveI` inlines the value.
But this is not relevant for proofs because of proof irrelevance.

Note: This linter can be disabled with `set_option linter.style.haveILetI false`
warning: HSFormal/BoundaryReduction.lean:294:2: Try this: 
  letI̵

The goal is a proposition, so `let` is preferred over `letI`.
The difference between `let` and `letI` is that `letI` inlines the value.
But this is not relevant for proofs because of proof irrelevance.

Note: This linter can be disabled with `set_option linter.style.haveILetI false`
warning: HSFormal/BoundaryReduction.lean:295:2: Try this: 
  haveI̵

The goal is a proposition, so `have` is preferred over `haveI`.
The difference between `have` and `haveI` is that `haveI` inlines the value.
But this is not relevant for proofs because of proof irrelevance.

Note: This linter can be disabled with `set_option linter.style.haveILetI false`
warning: HSFormal/BoundaryReduction.lean:296:2: Try this: 
  letI̵

The goal is a proposition, so `let` is preferred over `letI`.
The difference between `let` and `letI` is that `letI` inlines the value.
But this is not relevant for proofs because of proof irrelevance.

Note: This linter can be disabled with `set_option linter.style.haveILetI false`
warning: HSFormal/BoundaryReduction.lean:297:2: Try this: 
  haveI̵

The goal is a proposition, so `have` is preferred over `haveI`.
The difference between `have` and `haveI` is that `haveI` inlines the value.
But this is not relevant for proofs because of proof irrelevance.

Note: This linter can be disabled with `set_option linter.style.haveILetI false`
warning: HSFormal/BoundaryReduction.lean:298:2: Try this: 
  haveI̵

The goal is a proposition, so `have` is preferred over `haveI`.
The difference between `have` and `haveI` is that `haveI` inlines the value.
But this is not relevant for proofs because of proof irrelevance.

Note: This linter can be disabled with `set_option linter.style.haveILetI false`
⚠ [8983/9029] Replayed HSFormal.CharacterDetector
warning: HSFormal/CharacterDetector.lean:175:2: Try this: 
  letI̵

The goal is a proposition, so `let` is preferred over `letI`.
The difference between `let` and `letI` is that `letI` inlines the value.
But this is not relevant for proofs because of proof irrelevance.

Note: This linter can be disabled with `set_option linter.style.haveILetI false`
⚠ [8985/9029] Replayed HSFormal.ChartData
warning: HSFormal/ChartData.lean:140:2: Unused tactic linter: `change padicChar p j a = padicChar p j b` does nothing

Note: This linter can be disabled with `set_option linter.unusedTactic false`
warning: HSFormal/ChartData.lean:421:2: Try this: 
  haveI̵

The goal is a proposition, so `have` is preferred over `haveI`.
The difference between `have` and `haveI` is that `haveI` inlines the value.
But this is not relevant for proofs because of proof irrelevance.

Note: This linter can be disabled with `set_option linter.style.haveILetI false`
warning: HSFormal/ChartData.lean:508:2: Try this: 
  letI̵

The goal is a proposition, so `let` is preferred over `letI`.
The difference between `let` and `letI` is that `letI` inlines the value.
But this is not relevant for proofs because of proof irrelevance.

Note: This linter can be disabled with `set_option linter.style.haveILetI false`
⚠ [8986/9029] Replayed HSFormal.FixedData
warning: HSFormal/FixedData.lean:398:2: Try this: 
  haveI̵

The goal is a proposition, so `have` is preferred over `haveI`.
The difference between `have` and `haveI` is that `haveI` inlines the value.
But this is not relevant for proofs because of proof irrelevance.

Note: This linter can be disabled with `set_option linter.style.haveILetI false`
⚠ [8987/9029] Replayed HSFormal.IntegrationControl
warning: HSFormal/IntegrationControl.lean:145:13: This simp argument is unused:
  Set.mem_smul_set

Hint: Omit it from the simp argument list.
  [apply] simp only [mem_sphere_zero_iff_norm]

Note: This linter can be disabled with `set_option linter.unusedSimpArgs false`
⚠ [8990/9029] Replayed HSFormal.AsymptoticCategory
warning: HSFormal/AsymptoticCategory.lean:642:2: Try this: 
  haveI̵

The goal is a proposition, so `have` is preferred over `haveI`.
The difference between `have` and `haveI` is that `haveI` inlines the value.
But this is not relevant for proofs because of proof irrelevance.

Note: This linter can be disabled with `set_option linter.style.haveILetI false`
warning: HSFormal/AsymptoticCategory.lean:776:2: Try this: 
  haveI̵

The goal is a proposition, so `have` is preferred over `haveI`.
The difference between `have` and `haveI` is that `haveI` inlines the value.
But this is not relevant for proofs because of proof irrelevance.

Note: This linter can be disabled with `set_option linter.style.haveILetI false`
⚠ [8991/9029] Replayed HSFormal.AsymptoticSupport
warning: HSFormal/AsymptoticSupport.lean:354:2: Try this: 
  haveI̵

The goal is a proposition, so `have` is preferred over `haveI`.
The difference between `have` and `haveI` is that `haveI` inlines the value.
But this is not relevant for proofs because of proof irrelevance.

Note: This linter can be disabled with `set_option linter.style.haveILetI false`
⚠ [8992/9029] Replayed HSFormal.GraphType
warning: HSFormal/GraphType.lean:603:42: Unused tactic linter: `exact fun e ↦ h (congrArg Prod.fst e)` does nothing

Note: This linter can be disabled with `set_option linter.unusedTactic false`
warning: HSFormal/GraphType.lean:603:42: this tactic is never executed

Note: This linter can be disabled with `set_option linter.unreachableTactic false`
warning: HSFormal/GraphType.lean:942:2: Try this: 
  letI̵

The goal is a proposition, so `let` is preferred over `letI`.
The difference between `let` and `letI` is that `letI` inlines the value.
But this is not relevant for proofs because of proof irrelevance.

Note: This linter can be disabled with `set_option linter.style.haveILetI false`
⚠ [8993/9029] Replayed HSFormal.AsymptoticRelabel
warning: HSFormal/AsymptoticRelabel.lean:156:2: Try this: 
  haveI̵

The goal is a proposition, so `have` is preferred over `haveI`.
The difference between `have` and `haveI` is that `haveI` inlines the value.
But this is not relevant for proofs because of proof irrelevance.

Note: This linter can be disabled with `set_option linter.style.haveILetI false`
⚠ [8997/9029] Replayed HSFormal.Compression
warning: HSFormal/Compression.lean:419:15: This simp argument is unused:
  dualComplex_d

Hint: Omit it from the simp argument list.
  [apply] simp only [Linear.comp_units_smul, Linear.units_smul_comp, ← J.star_comp, Hom.comm]

Note: This linter can be disabled with `set_option linter.unusedSimpArgs false`
warning: HSFormal/Compression.lean:447:26: This simp argument is unused:
  dualComplex_d

Hint: Omit it from the simp argument list.
  [apply] simp only [dualHom_f, hT, J.star_add, Linear.units_smul_comp, Linear.comp_units_smul, ← J.star_comp,
    smul_smul, sub_add_cancel, Int.units_mul_self, one_smul]

Note: This linter can be disabled with `set_option linter.unusedSimpArgs false`
warning: HSFormal/Compression.lean:482:59: This simp argument is unused:
  dualComplex_d

Hint: Omit it from the simp argument list.
  [apply] simp only [dualNearPart, far_starRetract, starRetract_i, Linear.units_smul_comp, Linear.comp_units_smul,
    ← J.star_comp, assoc]

Note: This linter can be disabled with `set_option linter.unusedSimpArgs false`
warning: HSFormal/Compression.lean:488:59: This simp argument is unused:
  dualComplex_d

Hint: Omit it from the simp argument list.
  [apply] simp only [dualNearPart, far_starRetract, starRetract_r, Linear.units_smul_comp, Linear.comp_units_smul,
    ← J.star_comp, assoc]

Note: This linter can be disabled with `set_option linter.unusedSimpArgs false`
warning: HSFormal/Compression.lean:495:50: This simp argument is unused:
  dualComplex_d

Hint: Omit it from the simp argument list.
  [apply] simp only [hatD, dualNearPart, ← compress_star]

Note: This linter can be disabled with `set_option linter.unusedSimpArgs false`
warning: HSFormal/Compression.lean:512:29: This simp argument is unused:
  dualComplex_d

Hint: Omit it from the simp argument list.
  [apply] simp only [dualNearPart_r, Linear.comp_units_smul, Linear.units_smul_comp, ← J.star_comp]

Note: This linter can be disabled with `set_option linter.unusedSimpArgs false`
warning: HSFormal/Compression.lean:521:29: This simp argument is unused:
  dualComplex_d

Hint: Omit it from the simp argument list.
  [apply] simp only [dualNearPart_i, Linear.comp_units_smul, Linear.units_smul_comp, ← J.star_comp]

Note: This linter can be disabled with `set_option linter.unusedSimpArgs false`
⚠ [8998/9029] Replayed HSFormal.LTheory.SymmetricComplex
warning: HSFormal/LTheory/SymmetricComplex.lean:91:17: This simp argument is unused:
  dualComplex_d

Hint: Omit it from the simp argument list.
  [apply] simp only [J.star_units_smul, J.star_star, Linear.units_smul_comp, Linear.comp_units_smul, smul_smul]

Note: This linter can be disabled with `set_option linter.unusedSimpArgs false`
⚠ [8999/9029] Replayed HSFormal.LTheory.Isometry
warning: HSFormal/LTheory/Isometry.lean:264:25: This simp argument is unused:
  map_p

Hint: Omit it from the simp argument list.
  [apply] simp only [← Functor.map_comp, e.f_kar]

Note: This linter can be disabled with `set_option linter.unusedSimpArgs false`
warning: HSFormal/LTheory/Isometry.lean:265:25: This simp argument is unused:
  map_p

Hint: Omit it from the simp argument list.
  [apply] simp only [← Functor.map_comp, e.g_kar]

Note: This linter can be disabled with `set_option linter.unusedSimpArgs false`
⚠ [9000/9029] Replayed HSFormal.TensorTriviality
warning: HSFormal/TensorTriviality.lean:580:30: This simp argument is unused:
  tensorObj

Hint: Omit it from the simp argument list.
  [apply] simp

Note: This linter can be disabled with `set_option linter.unusedSimpArgs false`
⚠ [9002/9029] Replayed HSFormal.LTheory.KaroubiFiltration
warning: HSFormal/LTheory/KaroubiFiltration.lean:43:2: Try this: 
  haveI̵

The goal is a proposition, so `have` is preferred over `haveI`.
The difference between `have` and `haveI` is that `haveI` inlines the value.
But this is not relevant for proofs because of proof irrelevance.

Note: This linter can be disabled with `set_option linter.style.haveILetI false`
⚠ [9003/9029] Replayed HSFormal.IntegrationDuality
warning: HSFormal/IntegrationDuality.lean:393:28: This simp argument is unused:
  map_functor_map

Hint: Omit it from the simp argument list.
  [apply] simp only [Φ.F.map_add, Functor.map_preimage, Preadditive.add_comp, Preadditive.comp_add]

Note: This linter can be disabled with `set_option linter.unusedSimpArgs false`
warning: HSFormal/IntegrationDuality.lean:401:47: This simp argument is unused:
  map_functor_map

Hint: Omit it from the simp argument list.
  [apply] simp

Note: This linter can be disabled with `set_option linter.unusedSimpArgs false`
warning: HSFormal/IntegrationDuality.lean:409:32: This simp argument is unused:
  map_functor_map

Hint: Omit it from the simp argument list.
  [apply] simp

Note: This linter can be disabled with `set_option linter.unusedSimpArgs false`
⚠ [9005/9029] Replayed HSFormal.LTheory.Pairs
warning: HSFormal/LTheory/Pairs.lean:166:13: This simp argument is unused:
  dualComplex_d

Hint: Omit it from the simp argument list.
  [apply] simp only [comp_sub, Linear.units_smul_comp, Linear.comp_units_smul,
    XIsoOfEq_star_d_assoc D (show N + 1 - r' = N - (r' - 1) by omega) (show N + 1 - (r' + 1) = N - r' by omega)]

Note: This linter can be disabled with `set_option linter.unusedSimpArgs false`
warning: HSFormal/LTheory/Pairs.lean:376:15: This simp argument is unused:
  dualComplex_d

Hint: Omit it from the simp argument list.
  [apply] simp only [J.star_comp, J.star_units_smul, J.star_star, Linear.units_smul_comp, Linear.comp_units_smul,
    smul_smul, homotopyCofiber_d]

Note: This linter can be disabled with `set_option linter.unusedSimpArgs false`
warning: HSFormal/LTheory/Pairs.lean:411:15: This simp argument is unused:
  dualComplex_d

Hint: Omit it from the simp argument list.
  [apply] simp only [J.star_comp, J.star_units_smul, J.star_star, Linear.units_smul_comp, Linear.comp_units_smul,
    smul_smul, homotopyCofiber_d, assoc]

Note: This linter can be disabled with `set_option linter.unusedSimpArgs false`
warning: HSFormal/LTheory/Pairs.lean:449:17: This simp argument is unused:
  dualComplex_d

Hint: Omit it from the simp argument list.
  [apply] simp only [comp_add, add_comp, assoc, Linear.comp_units_smul, Linear.units_smul_comp,
    cone.star_fstX_inrX_assoc, cone.star_fstX_inlX_assoc, zero_comp, zero_add,
    cone.star_fstX_d_assoc j _ _ _
        (show (ComplexShape.down ℤ).Rel (N + 1 - r') (N + 1 - r) by simp only [ComplexShape.down_Rel]; omega),
    neg_comp, cone.star_fstX_inlX'_assoc j _ (down_rel_sub N r'), Hom.comm, φ.comm_assoc, comp_zero, neg_zero,
    star_d_XIsoOfEq_assoc]

Note: This linter can be disabled with `set_option linter.unusedSimpArgs false`
warning: HSFormal/LTheory/Pairs.lean:457:17: This simp argument is unused:
  dualComplex_d

Hint: Omit it from the simp argument list.
  [apply] simp only [comp_add, add_comp, assoc, Linear.comp_units_smul, Linear.units_smul_comp,
    cone.star_sndX_inrX_assoc, cone.star_sndX_inlX_assoc, zero_comp, add_zero,
    cone.star_sndX_d_assoc j _ _
        (show (ComplexShape.down ℤ).Rel (N + 1 - r') (N + 1 - r) by simp only [ComplexShape.down_Rel]; omega),
    cone.star_fstX_inlX'_assoc j _ (down_rel_sub N r'), cone.star_fstX_inrX_assoc, relTop_comm H r r' h, comp_zero,
    smul_zero, add_zero, zero_add, comp_f, dualHom_f, star_f_XIsoOfEq_assoc]

Note: This linter can be disabled with `set_option linter.unusedSimpArgs false`
warning: HSFormal/LTheory/Pairs.lean:729:25: This simp argument is unused:
  SymPoincare.map_p

Hint: Omit it from the simp argument list.
  [apply] simp only [← Functor.map_comp, X.j_kar]

Note: This linter can be disabled with `set_option linter.unusedSimpArgs false`
⚠ [9007/9029] Replayed HSFormal.LTheory.ConcreteL
warning: HSFormal/LTheory/ConcreteL.lean:679:35: This simp argument is unused:
  star_eqToHom

Hint: Omit it from the simp argument list.
  [apply] simp [singleInc_self]

Note: This linter can be disabled with `set_option linter.unusedSimpArgs false`
warning: HSFormal/LTheory/ConcreteL.lean:701:26: This simp argument is unused:
  star_eqToHom

Hint: Omit it from the simp argument list.
  [apply] simp [singleInc_self]

Note: This linter can be disabled with `set_option linter.unusedSimpArgs false`
⚠ [9008/9029] Replayed HSFormal.Montgomery
warning: HSFormal/Montgomery.lean:45:2: Try this: 
  letI̵

The goal is a proposition, so `let` is preferred over `letI`.
The difference between `let` and `letI` is that `letI` inlines the value.
But this is not relevant for proofs because of proof irrelevance.

Note: This linter can be disabled with `set_option linter.style.haveILetI false`
warning: HSFormal/Montgomery.lean:47:2: Try this: 
  haveI̵

The goal is a proposition, so `have` is preferred over `haveI`.
The difference between `have` and `haveI` is that `haveI` inlines the value.
But this is not relevant for proofs because of proof irrelevance.

Note: This linter can be disabled with `set_option linter.style.haveILetI false`
warning: HSFormal/Montgomery.lean:61:2: Try this: 
  haveI̵

The goal is a proposition, so `have` is preferred over `haveI`.
The difference between `have` and `haveI` is that `haveI` inlines the value.
But this is not relevant for proofs because of proof irrelevance.

Note: This linter can be disabled with `set_option linter.style.haveILetI false`
warning: HSFormal/Montgomery.lean:62:2: Try this: 
  haveI̵

The goal is a proposition, so `have` is preferred over `haveI`.
The difference between `have` and `haveI` is that `haveI` inlines the value.
But this is not relevant for proofs because of proof irrelevance.

Note: This linter can be disabled with `set_option linter.style.haveILetI false`
warning: HSFormal/Montgomery.lean:63:2: Try this: 
  letI̵

The goal is a proposition, so `let` is preferred over `letI`.
The difference between `let` and `letI` is that `letI` inlines the value.
But this is not relevant for proofs because of proof irrelevance.

Note: This linter can be disabled with `set_option linter.style.haveILetI false`
warning: HSFormal/Montgomery.lean:83:2: Try this: 
  letI̵

The goal is a proposition, so `let` is preferred over `letI`.
The difference between `let` and `letI` is that `letI` inlines the value.
But this is not relevant for proofs because of proof irrelevance.

Note: This linter can be disabled with `set_option linter.style.haveILetI false`
warning: HSFormal/Montgomery.lean:84:2: Try this: 
  haveI̵

The goal is a proposition, so `have` is preferred over `haveI`.
The difference between `have` and `haveI` is that `haveI` inlines the value.
But this is not relevant for proofs because of proof irrelevance.

Note: This linter can be disabled with `set_option linter.style.haveILetI false`
warning: HSFormal/Montgomery.lean:85:2: Try this: 
  haveI̵

The goal is a proposition, so `have` is preferred over `haveI`.
The difference between `have` and `haveI` is that `haveI` inlines the value.
But this is not relevant for proofs because of proof irrelevance.

Note: This linter can be disabled with `set_option linter.style.haveILetI false`
warning: HSFormal/Montgomery.lean:94:2: Try this: 
  haveI̵

The goal is a proposition, so `have` is preferred over `haveI`.
The difference between `have` and `haveI` is that `haveI` inlines the value.
But this is not relevant for proofs because of proof irrelevance.

Note: This linter can be disabled with `set_option linter.style.haveILetI false`
warning: HSFormal/Montgomery.lean:163:2: Try this: 
  haveI̵

The goal is a proposition, so `have` is preferred over `haveI`.
The difference between `have` and `haveI` is that `haveI` inlines the value.
But this is not relevant for proofs because of proof irrelevance.

Note: This linter can be disabled with `set_option linter.style.haveILetI false`
warning: HSFormal/Montgomery.lean:202:2: Try this: 
  haveI̵

The goal is a proposition, so `have` is preferred over `haveI`.
The difference between `have` and `haveI` is that `haveI` inlines the value.
But this is not relevant for proofs because of proof irrelevance.

Note: This linter can be disabled with `set_option linter.style.haveILetI false`
warning: HSFormal/Montgomery.lean:204:2: Try this: 
  haveI̵

The goal is a proposition, so `have` is preferred over `haveI`.
The difference between `have` and `haveI` is that `haveI` inlines the value.
But this is not relevant for proofs because of proof irrelevance.

Note: This linter can be disabled with `set_option linter.style.haveILetI false`
warning: HSFormal/Montgomery.lean:213:2: Try this: 
  haveI̵

The goal is a proposition, so `have` is preferred over `haveI`.
The difference between `have` and `haveI` is that `haveI` inlines the value.
But this is not relevant for proofs because of proof irrelevance.

Note: This linter can be disabled with `set_option linter.style.haveILetI false`
warning: HSFormal/Montgomery.lean:214:2: Try this: 
  haveI̵

The goal is a proposition, so `have` is preferred over `haveI`.
The difference between `have` and `haveI` is that `haveI` inlines the value.
But this is not relevant for proofs because of proof irrelevance.

Note: This linter can be disabled with `set_option linter.style.haveILetI false`
⚠ [9009/9029] Replayed HSFormal.Assembly
warning: HSFormal/Assembly.lean:497:2: Try this: 
  haveI̵

The goal is a proposition, so `have` is preferred over `haveI`.
The difference between `have` and `haveI` is that `haveI` inlines the value.
But this is not relevant for proofs because of proof irrelevance.

Note: This linter can be disabled with `set_option linter.style.haveILetI false`
warning: HSFormal/Assembly.lean:503:2: Try this: 
  haveI̵

The goal is a proposition, so `have` is preferred over `haveI`.
The difference between `have` and `haveI` is that `haveI` inlines the value.
But this is not relevant for proofs because of proof irrelevance.

Note: This linter can be disabled with `set_option linter.style.haveILetI false`
warning: HSFormal/Assembly.lean:542:2: Try this: 
  haveI̵

The goal is a proposition, so `have` is preferred over `haveI`.
The difference between `have` and `haveI` is that `haveI` inlines the value.
But this is not relevant for proofs because of proof irrelevance.

Note: This linter can be disabled with `set_option linter.style.haveILetI false`
warning: HSFormal/Assembly.lean:551:2: Try this: 
  haveI̵

The goal is a proposition, so `have` is preferred over `haveI`.
The difference between `have` and `haveI` is that `haveI` inlines the value.
But this is not relevant for proofs because of proof irrelevance.

Note: This linter can be disabled with `set_option linter.style.haveILetI false`
⚠ [9010/9029] Replayed HSFormal.LTheory.Union
warning: HSFormal/LTheory/Union.lean:177:13: This simp argument is unused:
  SymPoincare.map_φ

Hint: Omit it from the simp argument list.
  [apply] simp only [InvFunctor.mapDual_f, toClosed_φ_f]

Note: This linter can be disabled with `set_option linter.unusedSimpArgs false`
warning: HSFormal/LTheory/Union.lean:203:10: This simp argument is unused:
  map_top

Hint: Omit it from the simp argument list.
  [apply] simp [← hcap, Φ.map_star]

Note: This linter can be disabled with `set_option linter.unusedSimpArgs false`
warning: HSFormal/LTheory/Union.lean:270:10: This simp argument is unused:
  ObjectProperty.eqToHom_hom

Hint: Omit it from the simp argument list.
  [apply] simp

Note: This linter can be disabled with `set_option linter.unusedSimpArgs false`
warning: HSFormal/LTheory/Union.lean:335:2: Try this: 
  haveI̵

The goal is a proposition, so `have` is preferred over `haveI`.
The difference between `have` and `haveI` is that `haveI` inlines the value.
But this is not relevant for proofs because of proof irrelevance.

Note: This linter can be disabled with `set_option linter.style.haveILetI false`
warning: HSFormal/LTheory/Union.lean:336:2: Try this: 
  haveI̵

The goal is a proposition, so `have` is preferred over `haveI`.
The difference between `have` and `haveI` is that `haveI` inlines the value.
But this is not relevant for proofs because of proof irrelevance.

Note: This linter can be disabled with `set_option linter.style.haveILetI false`
⚠ [9011/9029] Replayed HSFormal.LTheory.Interface
warning: HSFormal/LTheory/Interface.lean:4:0: 'Mathlib.Algebra.Exact' has been deprecated: please replace this import by

import Mathlib.Algebra.Exact.Basic
⚠ [9013/9029] Replayed HSFormal.GraphCornerChain
warning: HSFormal/GraphCornerChain.lean:84:15: This simp argument is unused:
  dualComplex_d

Hint: Omit it from the simp argument list.
  [apply] simp only [J.star_units_smul, J.star_star, Linear.units_smul_comp, Linear.comp_units_smul, smul_smul]

Note: This linter can be disabled with `set_option linter.unusedSimpArgs false`
⚠ [9015/9029] Replayed HSFormal.BalmerSchlichting.SplitCone
warning: HSFormal/BalmerSchlichting/SplitCone.lean:71:15: This simp argument is unused:
  splitCone_d

Hint: Omit it from the simp argument list.
  [apply] simp only [HomologicalComplex.XIsoOfEq_rfl, Iso.refl_hom, id_comp, dite_true, HomologicalComplex.id_f,
    HomologicalComplex.zero_f, add_zero, assoc, biprod.inr_snd_assoc, biprod.inl_fst_assoc]

Note: This linter can be disabled with `set_option linter.unusedSimpArgs false`
⚠ [9016/9029] Replayed HSFormal.BalmerSchlichting.Dilation
warning: HSFormal/BalmerSchlichting/Dilation.lean:155:36: This simp argument is unused:
  splitCone_d

Hint: Omit it from the simp argument list.
  [apply] simp only [HomologicalComplex.add_f_apply, HomologicalComplex.comp_f, dilC, dilD, nullHomotopicMap_f_succ,
    dilH₂]

Note: This linter can be disabled with `set_option linter.unusedSimpArgs false`
⚠ [9019/9029] Replayed HSFormal.CornerClass
warning: HSFormal/CornerClass.lean:575:25: This simp argument is unused:
  SymPoincare.map_p

Hint: Omit it from the simp argument list.
  [apply] simp only [← Functor.map_comp, π.E_kar]

Note: This linter can be disabled with `set_option linter.unusedSimpArgs false`
warning: HSFormal/CornerClass.lean:641:15: This simp argument is unused:
  rawCorner_p

Hint: Omit it from the simp argument list.
  [apply] simp only [Functor.map_comp, assoc]

Note: This linter can be disabled with `set_option linter.unusedSimpArgs false`
warning: HSFormal/CornerClass.lean:645:15: This simp argument is unused:
  rawCorner_p

Hint: Omit it from the simp argument list.
  [apply] simp only [Functor.map_comp, assoc]

Note: This linter can be disabled with `set_option linter.unusedSimpArgs false`
warning: HSFormal/CornerClass.lean:649:15: This simp argument is unused:
  rawCorner_φ

Hint: Omit it from the simp argument list.
  [apply] simp only [Functor.map_comp, kmap_dualHom]

Note: This linter can be disabled with `set_option linter.unusedSimpArgs false`
warning: HSFormal/CornerClass.lean:665:30: This simp argument is unused:
  rawCorner

Hint: Omit it from the simp argument list.
  [apply] simp only [SymPoincare.map, KarSplitting.map]

Note: This linter can be disabled with `set_option linter.unusedSimpArgs false`
warning: HSFormal/CornerClass.lean:677:13: This simp argument is unused:
  rawCorner

Hint: Omit it from the simp argument list.
  [apply] simp only [KarSplitting.transport, SymPoincare.mk.injEq, heq_eq_eq, true_and, SymPoincare.scale_φ, ← hφ]

Note: This linter can be disabled with `set_option linter.unusedSimpArgs false`
warning: HSFormal/CornerClass.lean:678:4: This simp argument is unused:
  SymPoincare.scale_φ

Hint: Omit it from the simp argument list.
  [apply] simp only [rawCorner, KarSplitting.transport, SymPoincare.mk.injEq, heq_eq_eq, true_and, ← hφ]

Note: This linter can be disabled with `set_option linter.unusedSimpArgs false`
warning: HSFormal/CornerClass.lean:732:15: This simp argument is unused:
  HomotopySplitting.rawCorner_p

Hint: Omit it from the simp argument list.
  [apply] simp only [Functor.map_comp, assoc]

Note: This linter can be disabled with `set_option linter.unusedSimpArgs false`
warning: HSFormal/CornerClass.lean:749:15: This simp argument is unused:
  HomotopySplitting.corner_φ

Hint: Omit it from the simp argument list.
  [apply] simp only [Functor.map_comp, kmap_dualHom] at h₂ ⊢

Note: This linter can be disabled with `set_option linter.unusedSimpArgs false`
warning: HSFormal/CornerClass.lean:1007:15: This simp argument is unused:
  graphPoincare_p

Hint: Omit it from the simp argument list.
  [apply] simp only [sheetwise, assoc, biproduct.ι_map_assoc, biproduct.map_π, reassoc_of% h, h, Linear.smul_comp,
    Linear.comp_smul, p_comp_act, act_comp_p]

Note: This linter can be disabled with `set_option linter.unusedSimpArgs false`
warning: HSFormal/CornerClass.lean:1020:15: This simp argument is unused:
  graphPoincare_p

Hint: Omit it from the simp argument list.
  [apply] simp only [sheetwise, assoc, biproduct.map_π, A.graphCol_π_assoc, A.p_comp_graphCol_assoc, A.graphCol_π]

Note: This linter can be disabled with `set_option linter.unusedSimpArgs false`
⚠ [9021/9029] Replayed HSFormal.InducedClass
warning: HSFormal/InducedClass.lean:48:18: `dif_neg` has been deprecated: Use `dite_eq_right` instead

Hint: Replace the deprecated name:
  d̵i̵f̵_̵n̵e̵g̵d̲i̲t̲e̲_̲e̲q̲_̲r̲i̲g̲h̲t̲
warning: HSFormal/InducedClass.lean:52:80: `dif_pos` has been deprecated: Use `dite_eq_left` instead

Hint: Replace the deprecated name:
  d̵i̵f̵_̵p̵o̵s̵d̲i̲t̲e̲_̲e̲q̲_̲l̲e̲f̲t̲
warning: HSFormal/InducedClass.lean:53:6: `dif_pos` has been deprecated: Use `dite_eq_left` instead

Hint: Replace the deprecated name:
  d̵i̵f̵_̵p̵o̵s̵d̲i̲t̲e̲_̲e̲q̲_̲l̲e̲f̲t̲
warning: HSFormal/InducedClass.lean:161:23: This simp argument is unused:
  add_val

Hint: Omit it from the simp argument list.
  [apply] simp only [comp_val, freeSheet_map, sheetHom_val, Pi.one_apply, Pi.mul_apply, sheet_mul, one_mul, mul_one,
    ← sheet_add, ← sheet_sub, R2, Prod.mk.eta]

Note: This linter can be disabled with `set_option linter.unusedSimpArgs false`
warning: HSFormal/InducedClass.lean:162:46: This simp argument is unused:
  ← sheet_sub

Hint: Omit it from the simp argument list.
  [apply] simp only [comp_val, add_val, freeSheet_map, sheetHom_val, Pi.one_apply, Pi.mul_apply, sheet_mul, one_mul,
    mul_one, ← sheet_add, R2, Prod.mk.eta]

Note: Simp arguments with `←` have the additional effect of removing the other direction from the simp set, even if the simp argument itself is unused. If the hint above does not work, try replacing `←` with `-` to only get that effect and silence this warning.

Note: This linter can be disabled with `set_option linter.unusedSimpArgs false`
warning: HSFormal/InducedClass.lean:157:29: Unused tactic linter: `(try erw [extM_add] at h)` does nothing

Note: This linter can be disabled with `set_option linter.unusedTactic false`
warning: HSFormal/InducedClass.lean:204:71: This simp argument is unused:
  ← sheet_sub

Hint: Omit it from the simp argument list.
  [apply] simp only [Pi.one_apply, sheet_mul, one_mul, mul_one, ← sheet_add]

Note: Simp arguments with `←` have the additional effect of removing the other direction from the simp set, even if the simp argument itself is unused. If the hint above does not work, try replacing `←` with `-` to only get that effect and silence this warning.

Note: This linter can be disabled with `set_option linter.unusedSimpArgs false`
warning: HSFormal/InducedClass.lean:196:26: Unused tactic linter: `(try erw [extM_add])` does nothing

Note: This linter can be disabled with `set_option linter.unusedTactic false`
warning: HSFormal/InducedClass.lean:225:52: This simp argument is unused:
  dualComplex_d

Hint: Omit it from the simp argument list.
  [apply] simp only [HomologicalComplex.comp_f, CG_d, φG_f, dualHom_f] at h

Note: This linter can be disabled with `set_option linter.unusedSimpArgs false`
warning: HSFormal/InducedClass.lean:231:23: This simp argument is unused:
  add_val

Hint: Omit it from the simp argument list.
  [apply] simp only [comp_val, smul_val, freeSheet_map, sheetHom_val, Pi.one_apply, Pi.inv_apply, transpose_val,
    sheet_transpose, inv_one, inv_inv, sheet_mul, one_mul, mul_one, Matrix.mul_smul, ← sheet_smul, ← sheet_add,
    ← sheet_sub, R3, sg]

Note: This linter can be disabled with `set_option linter.unusedSimpArgs false`
warning: HSFormal/InducedClass.lean:231:32: This simp argument is unused:
  smul_val

Hint: Omit it from the simp argument list.
  [apply] simp only [comp_val, add_val, freeSheet_map, sheetHom_val, Pi.one_apply, Pi.inv_apply, transpose_val,
    sheet_transpose, inv_one, inv_inv, sheet_mul, one_mul, mul_one, Matrix.mul_smul, ← sheet_smul, ← sheet_add,
    ← sheet_sub, R3, sg]

Note: This linter can be disabled with `set_option linter.unusedSimpArgs false`
warning: HSFormal/InducedClass.lean:233:48: This simp argument is unused:
  ← sheet_sub

Hint: Omit it from the simp argument list.
  [apply] simp only [comp_val, add_val, smul_val, freeSheet_map, sheetHom_val, Pi.one_apply, Pi.inv_apply,
    transpose_val, sheet_transpose, inv_one, inv_inv, sheet_mul, one_mul, mul_one, Matrix.mul_smul, ← sheet_smul,
    ← sheet_add, R3, sg]

Note: Simp arguments with `←` have the additional effect of removing the other direction from the simp set, even if the simp argument itself is unused. If the hint above does not work, try replacing `←` with `-` to only get that effect and silence this warning.

Note: This linter can be disabled with `set_option linter.unusedSimpArgs false`
warning: HSFormal/InducedClass.lean:228:29: Unused tactic linter: `(try erw [extM_add] at h)` does nothing

Note: This linter can be disabled with `set_option linter.unusedTactic false`
warning: HSFormal/InducedClass.lean:251:54: This simp argument is unused:
  dualComplex_d

Hint: Omit it from the simp argument list.
  [apply] simp only [HomologicalComplex.comp_f, CG_d, φG_f, dualHom_f]

Note: This linter can be disabled with `set_option linter.unusedSimpArgs false`
warning: HSFormal/InducedClass.lean:264:33: This simp argument is unused:
  ← sheet_sub

Hint: Omit it from the simp argument list.
  [apply] simp only [sheet_transpose, inv_one, Matrix.mul_smul, sheet_mul, one_mul, mul_one, id, ← sheet_smul,
    ← sheet_add]

Note: Simp arguments with `←` have the additional effect of removing the other direction from the simp set, even if the simp argument itself is unused. If the hint above does not work, try replacing `←` with `-` to only get that effect and silence this warning.

Note: This linter can be disabled with `set_option linter.unusedSimpArgs false`
warning: HSFormal/InducedClass.lean:254:26: Unused tactic linter: `(try erw [extM_add])` does nothing

Note: This linter can be disabled with `set_option linter.unusedTactic false`
warning: HSFormal/InducedClass.lean:420:68: This simp argument is unused:
  sheetInclC_f

Hint: Omit it from the simp argument list.
  [apply] simp only [HomologicalComplex.comp_f, Functor.mapHomologicalComplex_obj_d,
    Functor.mapHomologicalComplex_map_f, HomotopyProjector.map_E, sheetProjC_f, CentralUnit.chain_f, seqUnit_hom]

Note: This linter can be disabled with `set_option linter.unusedSimpArgs false`
warning: HSFormal/InducedClass.lean:420:82: This simp argument is unused:
  sheetProjC_f

Hint: Omit it from the simp argument list.
  [apply] simp only [HomologicalComplex.comp_f, Functor.mapHomologicalComplex_obj_d,
    Functor.mapHomologicalComplex_map_f, HomotopyProjector.map_E, sheetInclC_f, CentralUnit.chain_f, seqUnit_hom]

Note: This linter can be disabled with `set_option linter.unusedSimpArgs false`
warning: HSFormal/InducedClass.lean:426:26: Unused tactic linter: `(try erw [extM_add])` does nothing

Note: This linter can be disabled with `set_option linter.unusedTactic false`
warning: HSFormal/InducedClass.lean:429:41: Used `tac1 <;> tac2` where `(tac1; tac2)` would suffice

Note: This linter can be disabled with `set_option linter.unnecessarySeqFocus false`
⚠ [9023/9029] Replayed HSFormal.Cubical.Contraction
warning: HSFormal/Cubical/Contraction.lean:415:13: This simp argument is unused:
  point

Hint: Omit it from the simp argument list.
  [apply] simp [h]

Note: This linter can be disabled with `set_option linter.unusedSimpArgs false`
warning: HSFormal/Cubical/Contraction.lean:426:17: This simp argument is unused:
  point

Hint: Omit it from the simp argument list.
  [apply] simp [h, hb]

Note: This linter can be disabled with `set_option linter.unusedSimpArgs false`
⚠ [9026/9143] Replayed HSFormal.EquivariantSignature
warning: HSFormal/EquivariantSignature.lean:257:2: Try this: 
  haveI̵

The goal is a proposition, so `have` is preferred over `haveI`.
The difference between `have` and `haveI` is that `haveI` inlines the value.
But this is not relevant for proofs because of proof irrelevance.

Note: This linter can be disabled with `set_option linter.style.haveILetI false`
warning: HSFormal/EquivariantSignature.lean:322:27: This simp argument is unused:
  PiLp.single_apply

Hint: Omit it from the simp argument list.
  [apply] simp [e.repr_self, hij]

Note: This linter can be disabled with `set_option linter.unusedSimpArgs false`
warning: HSFormal/EquivariantSignature.lean:334:23: This simp argument is unused:
  PiLp.single_apply

Hint: Omit it from the simp argument list.
  [apply] simp [e.repr_self, hji]

Note: This linter can be disabled with `set_option linter.unusedSimpArgs false`
warning: HSFormal/EquivariantSignature.lean:424:2: Try this: 
  letI̵

The goal is a proposition, so `let` is preferred over `letI`.
The difference between `let` and `letI` is that `letI` inlines the value.
But this is not relevant for proofs because of proof irrelevance.

Note: This linter can be disabled with `set_option linter.style.haveILetI false`
warning: HSFormal/EquivariantSignature.lean:431:2: Try this: 
  letI̵

The goal is a proposition, so `let` is preferred over `letI`.
The difference between `let` and `letI` is that `letI` inlines the value.
But this is not relevant for proofs because of proof irrelevance.

Note: This linter can be disabled with `set_option linter.style.haveILetI false`
warning: HSFormal/EquivariantSignature.lean:432:2: Try this: 
  letI̵

The goal is a proposition, so `let` is preferred over `letI`.
The difference between `let` and `letI` is that `letI` inlines the value.
But this is not relevant for proofs because of proof irrelevance.

Note: This linter can be disabled with `set_option linter.style.haveILetI false`
⚠ [9027/9143] Replayed HSFormal.Cubical.OneDim
warning: HSFormal/Cubical/OneDim.lean:494:6: `push_neg` has been deprecated. Prefer using `push Not` instead.
If you'd rather continue using `push_neg` in your project, you can implement it as follows:
```
open Lean.Parser.Tactic in
macro "push_neg" cfg:optConfig loc:(location)? : tactic =>
  `(tactic| push $cfg:optConfig Not $[$loc]?)
```
⚠ [9030/9143] Replayed HSFormal.Cubical.DualBridge
warning: HSFormal/Cubical/DualBridge.lean:121:15: This simp argument is unused:
  complex_d

Hint: Omit it from the simp argument list.
  [apply] simp only [complex_X]

Note: This linter can be disabled with `set_option linter.unusedSimpArgs false`
warning: HSFormal/Cubical/DualBridge.lean:148:15: This simp argument is unused:
  complex_d

Hint: Omit it from the simp argument list.
  [apply] simp only [hom_f]

Note: This linter can be disabled with `set_option linter.unusedSimpArgs false`
warning: HSFormal/Cubical/DualBridge.lean:198:17: This simp argument is unused:
  complex_d

Hint: Omit it from the simp argument list.
  [apply] simp only [dualComplex_d, R.star_mat, R.mat_units_smul, ← R.mat_mul]

Note: This linter can be disabled with `set_option linter.unusedSimpArgs false`
warning: HSFormal/Cubical/DualBridge.lean:198:28: This simp argument is unused:
  dualComplex_d

Hint: Omit it from the simp argument list.
  [apply] simp only [complex_d, R.star_mat, R.mat_units_smul, ← R.mat_mul]

Note: This linter can be disabled with `set_option linter.unusedSimpArgs false`
⚠ [9033/9143] Replayed HSFormal.Cubical.GridSeam
warning: HSFormal/Cubical/GridSeam.lean:334:2: `push_neg` has been deprecated. Prefer using `push Not` instead.
If you'd rather continue using `push_neg` in your project, you can implement it as follows:
```
open Lean.Parser.Tactic in
macro "push_neg" cfg:optConfig loc:(location)? : tactic =>
  `(tactic| push $cfg:optConfig Not $[$loc]?)
```
warning: HSFormal/Cubical/GridSeam.lean:377:4: Unused tactic linter: `change prop (circle.duality m).homInv.h _ _ ≤ _` does nothing

Note: This linter can be disabled with `set_option linter.unusedTactic false`
warning: HSFormal/Cubical/GridSeam.lean:380:4: Unused tactic linter: `change prop (circle.duality m).invHom.h _ _ ≤ _` does nothing

Note: This linter can be disabled with `set_option linter.unusedTactic false`
warning: HSFormal/Cubical/GridSeam.lean:644:4: `push_neg` has been deprecated. Prefer using `push Not` instead.
If you'd rather continue using `push_neg` in your project, you can implement it as follows:
```
open Lean.Parser.Tactic in
macro "push_neg" cfg:optConfig loc:(location)? : tactic =>
  `(tactic| push $cfg:optConfig Not $[$loc]?)
```
⚠ [9035/9143] Replayed HSFormal.Cubical.CylinderInvariance
warning: HSFormal/Cubical/CylinderInvariance.lean:126:19: This simp argument is unused:
  toSymPoincare_p

Hint: Omit it from the simp argument list.
  [apply] simp

Note: This linter can be disabled with `set_option linter.unusedSimpArgs false`
warning: HSFormal/Cubical/CylinderInvariance.lean:152:15: This simp argument is unused:
  SymPoincare.cut_p

Hint: Omit it from the simp argument list.
  [apply] simp only [toSymPoincare_p, Category.id_comp, ← Hom.toComplex_comp]

Note: This linter can be disabled with `set_option linter.unusedSimpArgs false`
warning: HSFormal/Cubical/CylinderInvariance.lean:152:34: This simp argument is unused:
  toSymPoincare_p

Hint: Omit it from the simp argument list.
  [apply] simp only [SymPoincare.cut_p, Category.id_comp, ← Hom.toComplex_comp]

Note: This linter can be disabled with `set_option linter.unusedSimpArgs false`
warning: HSFormal/Cubical/CylinderInvariance.lean:154:15: This simp argument is unused:
  SymPoincare.cut_p

Hint: Omit it from the simp argument list.
  [apply] simp only [toSymPoincare_p, Category.id_comp, ← Hom.toComplex_comp]

Note: This linter can be disabled with `set_option linter.unusedSimpArgs false`
warning: HSFormal/Cubical/CylinderInvariance.lean:154:34: This simp argument is unused:
  toSymPoincare_p

Hint: Omit it from the simp argument list.
  [apply] simp only [SymPoincare.cut_p, Category.id_comp, ← Hom.toComplex_comp]

Note: This linter can be disabled with `set_option linter.unusedSimpArgs false`
warning: HSFormal/Cubical/CylinderInvariance.lean:156:15: This simp argument is unused:
  SymPoincare.cut_p

Hint: Omit it from the simp argument list.
  [apply] simp only [toSymPoincare_p, Category.id_comp, ← Hom.toComplex_comp]

Note: This linter can be disabled with `set_option linter.unusedSimpArgs false`
warning: HSFormal/Cubical/CylinderInvariance.lean:156:34: This simp argument is unused:
  toSymPoincare_p

Hint: Omit it from the simp argument list.
  [apply] simp only [SymPoincare.cut_p, Category.id_comp, ← Hom.toComplex_comp]

Note: This linter can be disabled with `set_option linter.unusedSimpArgs false`
warning: HSFormal/Cubical/CylinderInvariance.lean:158:15: This simp argument is unused:
  SymPoincare.cut_p

Hint: Omit it from the simp argument list.
  [apply] simp only [toSymPoincare_p, Category.id_comp, ← Hom.toComplex_comp]

Note: This linter can be disabled with `set_option linter.unusedSimpArgs false`
warning: HSFormal/Cubical/CylinderInvariance.lean:158:34: This simp argument is unused:
  toSymPoincare_p

Hint: Omit it from the simp argument list.
  [apply] simp only [SymPoincare.cut_p, Category.id_comp, ← Hom.toComplex_comp]

Note: This linter can be disabled with `set_option linter.unusedSimpArgs false`
warning: HSFormal/Cubical/CylinderInvariance.lean:160:15: This simp argument is unused:
  SymPoincare.cut_φ

Hint: Omit it from the simp argument list.
  [apply] simp only [toSymPoincare_φ, ControlledSeq.dualityMap]

Note: This linter can be disabled with `set_option linter.unusedSimpArgs false`
warning: HSFormal/Cubical/CylinderInvariance.lean:160:34: This simp argument is unused:
  toSymPoincare_φ

Hint: Omit it from the simp argument list.
  [apply] simp only [SymPoincare.cut_φ, ControlledSeq.dualityMap]

Note: This linter can be disabled with `set_option linter.unusedSimpArgs false`
⚠ [9038/9143] Replayed HSFormal.LTheory.Localization
warning: HSFormal/LTheory/Localization.lean:251:2: Try this: 
  haveI̵

The goal is a proposition, so `have` is preferred over `haveI`.
The difference between `have` and `haveI` is that `haveI` inlines the value.
But this is not relevant for proofs because of proof irrelevance.

Note: This linter can be disabled with `set_option linter.style.haveILetI false`
warning: HSFormal/LTheory/Localization.lean:256:2: Try this: 
  haveI̵

The goal is a proposition, so `have` is preferred over `haveI`.
The difference between `have` and `haveI` is that `haveI` inlines the value.
But this is not relevant for proofs because of proof irrelevance.

Note: This linter can be disabled with `set_option linter.style.haveILetI false`
warning: HSFormal/LTheory/Localization.lean:281:2: Try this: 
  haveI̵

The goal is a proposition, so `have` is preferred over `haveI`.
The difference between `have` and `haveI` is that `haveI` inlines the value.
But this is not relevant for proofs because of proof irrelevance.

Note: This linter can be disabled with `set_option linter.style.haveILetI false`
warning: HSFormal/LTheory/Localization.lean:286:2: Try this: 
  haveI̵

The goal is a proposition, so `have` is preferred over `haveI`.
The difference between `have` and `haveI` is that `haveI` inlines the value.
But this is not relevant for proofs because of proof irrelevance.

Note: This linter can be disabled with `set_option linter.style.haveILetI false`
warning: HSFormal/LTheory/Localization.lean:435:2: Try this: 
  haveI̵

The goal is a proposition, so `have` is preferred over `haveI`.
The difference between `have` and `haveI` is that `haveI` inlines the value.
But this is not relevant for proofs because of proof irrelevance.

Note: This linter can be disabled with `set_option linter.style.haveILetI false`
warning: HSFormal/LTheory/Localization.lean:450:2: Try this: 
  haveI̵

The goal is a proposition, so `have` is preferred over `haveI`.
The difference between `have` and `haveI` is that `haveI` inlines the value.
But this is not relevant for proofs because of proof irrelevance.

Note: This linter can be disabled with `set_option linter.style.haveILetI false`
⚠ [9040/9143] Replayed HSFormal.SignatureRing
warning: HSFormal/SignatureRing.lean:439:2: Try this: 
  haveI̵

The goal is a proposition, so `have` is preferred over `haveI`.
The difference between `have` and `haveI` is that `haveI` inlines the value.
But this is not relevant for proofs because of proof irrelevance.

Note: This linter can be disabled with `set_option linter.style.haveILetI false`
⚠ [9041/9143] Replayed HSFormal.LTheory.MiddleForm
warning: HSFormal/LTheory/MiddleForm.lean:43:22: `TensorProduct.induction_on` has been deprecated: Use `TensorProduction.inductionOn` instead
⚠ [9042/9143] Replayed HSFormal.LTheory.SignatureCobordism
warning: HSFormal/LTheory/SignatureCobordism.lean:187:29: This simp argument is unused:
  dualComplex_d

Hint: Omit it from the simp argument list.
  [apply] simp only [coneSec, bdRet, Linear.units_smul_comp, Linear.comp_units_smul, cone.star_sndX_d_assoc j _ _ hi,
    add_comp, assoc, cone.star_fstX_inlX' j hi (down_rel_sub N m), cone.star_sndX_inlX, comp_zero, add_zero,
    star_f_XIsoOfEq, dualHom_f, smul_smul]

Note: This linter can be disabled with `set_option linter.unusedSimpArgs false`
⚠ [9045/9143] Replayed HSFormal.LTheory.TailSignature
warning: HSFormal/LTheory/TailSignature.lean:196:64: `if_pos` has been deprecated: Use `ite_eq_left` instead

Hint: Replace the deprecated name:
  i̵f̵_̵p̵o̵s̵i̲t̲e̲_̲e̲q̲_̲l̲e̲f̲t̲
warning: HSFormal/LTheory/TailSignature.lean:197:62: `if_neg` has been deprecated: Use `ite_eq_right` instead

Hint: Replace the deprecated name:
  i̵f̵_̵n̵e̵g̵i̲t̲e̲_̲e̲q̲_̲r̲i̲g̲h̲t̲
warning: HSFormal/LTheory/TailSignature.lean:188:53: This simp argument is unused:
  functor_map_val

Hint: Omit it from the simp argument list.
  [apply] simp only [toLin_apply, Matrix.mulVec, dotProduct]

Note: This linter can be disabled with `set_option linter.unusedSimpArgs false`
warning: HSFormal/LTheory/TailSignature.lean:205:53: This simp argument is unused:
  functor_map_val

Hint: Omit it from the simp argument list.
  [apply] simp only [toLin_apply, Matrix.mulVec, dotProduct]

Note: This linter can be disabled with `set_option linter.unusedSimpArgs false`
warning: HSFormal/LTheory/TailSignature.lean:221:25: This simp argument is unused:
  proj_apply

Hint: Omit it from the simp argument list.
  [apply] simp only [dotProduct]

Note: This linter can be disabled with `set_option linter.unusedSimpArgs false`
⚠ [9046/9143] Replayed HSFormal.Bridges
warning: HSFormal/Bridges.lean:330:2: `LinearEquiv.ofLinear` has been deprecated: Use `LinearEquiv.ofLinearMap` instead

Hint: Replace the deprecated name:
  LinearEquiv.ofLinearM̲a̲p̲
⚠ [9047/9143] Replayed HSFormal.LTheory.Theorem63
warning: HSFormal/LTheory/Theorem63.lean:101:21: `dif_pos` has been deprecated: Use `dite_eq_left` instead

Hint: Replace the deprecated name:
  d̵i̵f̵_̵p̵o̵s̵d̲i̲t̲e̲_̲e̲q̲_̲l̲e̲f̲t̲
warning: HSFormal/LTheory/Theorem63.lean:147:2: Try this: 
  letI̵

The goal is a proposition, so `let` is preferred over `letI`.
The difference between `let` and `letI` is that `letI` inlines the value.
But this is not relevant for proofs because of proof irrelevance.

Note: This linter can be disabled with `set_option linter.style.haveILetI false`
warning: HSFormal/LTheory/Theorem63.lean:165:2: Try this: 
  haveI̵

The goal is a proposition, so `have` is preferred over `haveI`.
The difference between `have` and `haveI` is that `haveI` inlines the value.
But this is not relevant for proofs because of proof irrelevance.

Note: This linter can be disabled with `set_option linter.style.haveILetI false`
warning: HSFormal/LTheory/Theorem63.lean:166:2: Try this: 
  letI̵

The goal is a proposition, so `let` is preferred over `letI`.
The difference between `let` and `letI` is that `letI` inlines the value.
But this is not relevant for proofs because of proof irrelevance.

Note: This linter can be disabled with `set_option linter.style.haveILetI false`
warning: HSFormal/LTheory/Theorem63.lean:177:4: Try this: 
  haveI̵

The goal is a proposition, so `have` is preferred over `haveI`.
The difference between `have` and `haveI` is that `haveI` inlines the value.
But this is not relevant for proofs because of proof irrelevance.

Note: This linter can be disabled with `set_option linter.style.haveILetI false`
warning: HSFormal/LTheory/Theorem63.lean:610:71: `dif_pos` has been deprecated: Use `dite_eq_left` instead

Hint: Replace the deprecated name:
  d̵i̵f̵_̵p̵o̵s̵d̲i̲t̲e̲_̲e̲q̲_̲l̲e̲f̲t̲
warning: HSFormal/LTheory/Theorem63.lean:613:60: `dif_neg` has been deprecated: Use `dite_eq_right` instead

Hint: Replace the deprecated name:
  d̵i̵f̵_̵n̵e̵g̵d̲i̲t̲e̲_̲e̲q̲_̲r̲i̲g̲h̲t̲
warning: HSFormal/LTheory/Theorem63.lean:776:19: `Set.setOf_and` has been deprecated: Use `Set.ofPred_and` instead

Hint: Replace the deprecated name:
  S̵e̵t̵.̵s̵e̵t̵O̵f̵_̵a̵n̵d̵S̲e̲t̲.̲o̲f̲P̲r̲e̲d̲_̲a̲n̲d̲
warning: HSFormal/LTheory/Theorem63.lean:776:34: `Set.setOf_forall` has been deprecated: Use `Set.ofPred_forall` instead

Hint: Replace the deprecated name:
  S̵e̵t̵.̵s̵e̵t̵O̵f̵_̵f̵o̵r̵a̵l̵l̵S̲e̲t̲.̲o̲f̲P̲r̲e̲d̲_̲f̲o̲r̲a̲l̲l̲
⚠ [9049/9143] Replayed HSFormal.Cubical.GridFlag
warning: HSFormal/Cubical/GridFlag.lean:183:4: `push_neg` has been deprecated. Prefer using `push Not` instead.
If you'd rather continue using `push_neg` in your project, you can implement it as follows:
```
open Lean.Parser.Tactic in
macro "push_neg" cfg:optConfig loc:(location)? : tactic =>
  `(tactic| push $cfg:optConfig Not $[$loc]?)
```
warning: HSFormal/Cubical/GridFlag.lean:334:18: `push_neg` has been deprecated. Prefer using `push Not` instead.
If you'd rather continue using `push_neg` in your project, you can implement it as follows:
```
open Lean.Parser.Tactic in
macro "push_neg" cfg:optConfig loc:(location)? : tactic =>
  `(tactic| push $cfg:optConfig Not $[$loc]?)
```
warning: HSFormal/Cubical/GridFlag.lean:438:23: This simp argument is unused:
  prodComplex

Hint: Omit it from the simp argument list.
  [apply] simp

Note: This linter can be disabled with `set_option linter.unusedSimpArgs false`
⚠ [9051/9143] Replayed HSFormal.Cubical.ChainModelMaps
warning: HSFormal/Cubical/ChainModelMaps.lean:304:4: `push_neg` has been deprecated. Prefer using `push Not` instead.
If you'd rather continue using `push_neg` in your project, you can implement it as follows:
```
open Lean.Parser.Tactic in
macro "push_neg" cfg:optConfig loc:(location)? : tactic =>
  `(tactic| push $cfg:optConfig Not $[$loc]?)
```
⚠ [9052/9143] Replayed HSFormal.Cubical.ChainModelCore
warning: HSFormal/Cubical/ChainModelCore.lean:210:2: Try this: 
  haveI̵

The goal is a proposition, so `have` is preferred over `haveI`.
The difference between `have` and `haveI` is that `haveI` inlines the value.
But this is not relevant for proofs because of proof irrelevance.

Note: This linter can be disabled with `set_option linter.style.haveILetI false`
warning: HSFormal/Cubical/ChainModelCore.lean:317:17: `push_neg` has been deprecated. Prefer using `push Not` instead.
If you'd rather continue using `push_neg` in your project, you can implement it as follows:
```
open Lean.Parser.Tactic in
macro "push_neg" cfg:optConfig loc:(location)? : tactic =>
  `(tactic| push $cfg:optConfig Not $[$loc]?)
```
⚠ [9053/9143] Replayed HSFormal.Cubical.ChainModelBounds
warning: HSFormal/Cubical/ChainModelBounds.lean:141:17: `dif_pos` has been deprecated: Use `dite_eq_left` instead

Hint: Replace the deprecated name:
  d̵i̵f̵_̵p̵o̵s̵d̲i̲t̲e̲_̲e̲q̲_̲l̲e̲f̲t̲
warning: HSFormal/Cubical/ChainModelBounds.lean:145:17: `dif_neg` has been deprecated: Use `dite_eq_right` instead

Hint: Replace the deprecated name:
  d̵i̵f̵_̵n̵e̵g̵d̲i̲t̲e̲_̲e̲q̲_̲r̲i̲g̲h̲t̲
warning: HSFormal/Cubical/ChainModelBounds.lean:173:17: `dif_pos` has been deprecated: Use `dite_eq_left` instead

Hint: Replace the deprecated name:
  d̵i̵f̵_̵p̵o̵s̵d̲i̲t̲e̲_̲e̲q̲_̲l̲e̲f̲t̲
warning: HSFormal/Cubical/ChainModelBounds.lean:191:17: `dif_pos` has been deprecated: Use `dite_eq_left` instead

Hint: Replace the deprecated name:
  d̵i̵f̵_̵p̵o̵s̵d̲i̲t̲e̲_̲e̲q̲_̲l̲e̲f̲t̲
warning: HSFormal/Cubical/ChainModelBounds.lean:242:36: Unused tactic linter: `(simp [graphErr, graphPropOn]; rfl)` does nothing

Note: This linter can be disabled with `set_option linter.unusedTactic false`
warning: HSFormal/Cubical/ChainModelBounds.lean:242:36: this tactic is never executed

Note: This linter can be disabled with `set_option linter.unreachableTactic false`
warning: HSFormal/Cubical/ChainModelBounds.lean:343:4: `push_neg` has been deprecated. Prefer using `push Not` instead.
If you'd rather continue using `push_neg` in your project, you can implement it as follows:
```
open Lean.Parser.Tactic in
macro "push_neg" cfg:optConfig loc:(location)? : tactic =>
  `(tactic| push $cfg:optConfig Not $[$loc]?)
```
⚠ [9055/9143] Replayed HSFormal.Brouwer.CubicalSperner
warning: HSFormal/Brouwer/CubicalSperner.lean:518:2: `rw` already closes the goal

Hint: Use `rw` instead of `rwa`:
  [apply] rw [h1]

Note: This linter can be disabled with `set_option linter.unnecessaryRwa false`
⚠ [9057/9143] Replayed HSFormal.Brouwer.ConvexHomeos
warning: HSFormal/Brouwer/ConvexHomeos.lean:86:2: Try this: 
  haveI̵

The goal is a proposition, so `have` is preferred over `haveI`.
The difference between `have` and `haveI` is that `haveI` inlines the value.
But this is not relevant for proofs because of proof irrelevance.

Note: This linter can be disabled with `set_option linter.style.haveILetI false`
⚠ [9060/9143] Replayed HSFormal.Cubical.ChainModel
warning: HSFormal/Cubical/ChainModel.lean:106:20: `dif_neg` has been deprecated: Use `dite_eq_right` instead

Hint: Replace the deprecated name:
  d̵i̵f̵_̵n̵e̵g̵d̲i̲t̲e̲_̲e̲q̲_̲r̲i̲g̲h̲t̲
warning: HSFormal/Cubical/ChainModel.lean:128:2: `push_neg` has been deprecated. Prefer using `push Not` instead.
If you'd rather continue using `push_neg` in your project, you can implement it as follows:
```
open Lean.Parser.Tactic in
macro "push_neg" cfg:optConfig loc:(location)? : tactic =>
  `(tactic| push $cfg:optConfig Not $[$loc]?)
```
⚠ [9061/9143] Replayed HSFormal.Prop92
warning: HSFormal/Prop92.lean:596:61: This simp argument is unused:
  dualComplex_extComplex_d hN

Hint: Omit it from the simp argument list.
  [apply] simp (config := { dsimp := false, proj := false }) only [dualComplex_extInv_mapC_d hN,
    dualComplex_extInv_mapC_id]

Note: This linter can be disabled with `set_option linter.unusedSimpArgs false`
warning: HSFormal/Prop92.lean:1325:63: Used `tac1 <;> tac2` where `(tac1; tac2)` would suffice

Note: This linter can be disabled with `set_option linter.unnecessarySeqFocus false`
warning: HSFormal/Prop92.lean:1365:43: Used `tac1 <;> tac2` where `(tac1; tac2)` would suffice

Note: This linter can be disabled with `set_option linter.unnecessarySeqFocus false`
warning: HSFormal/Prop92.lean:1405:70: Used `tac1 <;> tac2` where `(tac1; tac2)` would suffice

Note: This linter can be disabled with `set_option linter.unnecessarySeqFocus false`
⚠ [9063/9143] Replayed HSFormal.WeakInputs
warning: HSFormal/WeakInputs.lean:79:2: Try this: 
  letI̵

The goal is a proposition, so `let` is preferred over `letI`.
The difference between `let` and `letI` is that `letI` inlines the value.
But this is not relevant for proofs because of proof irrelevance.

Note: This linter can be disabled with `set_option linter.style.haveILetI false`
warning: HSFormal/WeakInputs.lean:80:2: Try this: 
  haveI̵

The goal is a proposition, so `have` is preferred over `haveI`.
The difference between `have` and `haveI` is that `haveI` inlines the value.
But this is not relevant for proofs because of proof irrelevance.

Note: This linter can be disabled with `set_option linter.style.haveILetI false`
warning: HSFormal/WeakInputs.lean:81:2: Try this: 
  haveI̵

The goal is a proposition, so `have` is preferred over `haveI`.
The difference between `have` and `haveI` is that `haveI` inlines the value.
But this is not relevant for proofs because of proof irrelevance.

Note: This linter can be disabled with `set_option linter.style.haveILetI false`
warning: HSFormal/WeakInputs.lean:86:2: Try this: 
  haveI̵

The goal is a proposition, so `have` is preferred over `haveI`.
The difference between `have` and `haveI` is that `haveI` inlines the value.
But this is not relevant for proofs because of proof irrelevance.

Note: This linter can be disabled with `set_option linter.style.haveILetI false`
warning: HSFormal/WeakInputs.lean:125:2: Try this: 
  haveI̵

The goal is a proposition, so `have` is preferred over `haveI`.
The difference between `have` and `haveI` is that `haveI` inlines the value.
But this is not relevant for proofs because of proof irrelevance.

Note: This linter can be disabled with `set_option linter.style.haveILetI false`
warning: HSFormal/WeakInputs.lean:160:2: Try this: 
  haveI̵

The goal is a proposition, so `have` is preferred over `haveI`.
The difference between `have` and `haveI` is that `haveI` inlines the value.
But this is not relevant for proofs because of proof irrelevance.

Note: This linter can be disabled with `set_option linter.style.haveILetI false`
warning: HSFormal/WeakInputs.lean:161:2: Try this: 
  haveI̵

The goal is a proposition, so `have` is preferred over `haveI`.
The difference between `have` and `haveI` is that `haveI` inlines the value.
But this is not relevant for proofs because of proof irrelevance.

Note: This linter can be disabled with `set_option linter.style.haveILetI false`
warning: HSFormal/WeakInputs.lean:179:2: Try this: 
  haveI̵

The goal is a proposition, so `have` is preferred over `haveI`.
The difference between `have` and `haveI` is that `haveI` inlines the value.
But this is not relevant for proofs because of proof irrelevance.

Note: This linter can be disabled with `set_option linter.style.haveILetI false`
warning: HSFormal/WeakInputs.lean:180:2: Try this: 
  letI̵

The goal is a proposition, so `let` is preferred over `letI`.
The difference between `let` and `letI` is that `letI` inlines the value.
But this is not relevant for proofs because of proof irrelevance.

Note: This linter can be disabled with `set_option linter.style.haveILetI false`
⚠ [9064/9143] Replayed HSFormal.MontgomeryPrime
warning: HSFormal/MontgomeryPrime.lean:74:2: Try this: 
  haveI̵

The goal is a proposition, so `have` is preferred over `haveI`.
The difference between `have` and `haveI` is that `haveI` inlines the value.
But this is not relevant for proofs because of proof irrelevance.

Note: This linter can be disabled with `set_option linter.style.haveILetI false`
warning: HSFormal/MontgomeryPrime.lean:75:2: Try this: 
  haveI̵

The goal is a proposition, so `have` is preferred over `haveI`.
The difference between `have` and `haveI` is that `haveI` inlines the value.
But this is not relevant for proofs because of proof irrelevance.

Note: This linter can be disabled with `set_option linter.style.haveILetI false`
warning: HSFormal/MontgomeryPrime.lean:76:2: Try this: 
  letI̵

The goal is a proposition, so `let` is preferred over `letI`.
The difference between `let` and `letI` is that `letI` inlines the value.
But this is not relevant for proofs because of proof irrelevance.

Note: This linter can be disabled with `set_option linter.style.haveILetI false`
warning: HSFormal/MontgomeryPrime.lean:107:2: Try this: 
  haveI̵

The goal is a proposition, so `have` is preferred over `haveI`.
The difference between `have` and `haveI` is that `haveI` inlines the value.
But this is not relevant for proofs because of proof irrelevance.

Note: This linter can be disabled with `set_option linter.style.haveILetI false`
warning: HSFormal/MontgomeryPrime.lean:142:2: Try this: 
  haveI̵

The goal is a proposition, so `have` is preferred over `haveI`.
The difference between `have` and `haveI` is that `haveI` inlines the value.
But this is not relevant for proofs because of proof irrelevance.

Note: This linter can be disabled with `set_option linter.style.haveILetI false`
warning: HSFormal/MontgomeryPrime.lean:144:2: Try this: 
  haveI̵

The goal is a proposition, so `have` is preferred over `haveI`.
The difference between `have` and `haveI` is that `haveI` inlines the value.
But this is not relevant for proofs because of proof irrelevance.

Note: This linter can be disabled with `set_option linter.style.haveILetI false`
warning: HSFormal/MontgomeryPrime.lean:153:2: Try this: 
  haveI̵

The goal is a proposition, so `have` is preferred over `haveI`.
The difference between `have` and `haveI` is that `haveI` inlines the value.
But this is not relevant for proofs because of proof irrelevance.

Note: This linter can be disabled with `set_option linter.style.haveILetI false`
warning: HSFormal/MontgomeryPrime.lean:154:2: Try this: 
  haveI̵

The goal is a proposition, so `have` is preferred over `haveI`.
The difference between `have` and `haveI` is that `haveI` inlines the value.
But this is not relevant for proofs because of proof irrelevance.

Note: This linter can be disabled with `set_option linter.style.haveILetI false`
⚠ [9067/9143] Replayed HSFormal.Cubical.PinchSignature
warning: HSFormal/Cubical/PinchSignature.lean:102:24: `Set.setOf_and` has been deprecated: Use `Set.ofPred_and` instead

Hint: Replace the deprecated name:
  S̵e̵t̵.̵s̵e̵t̵O̵f̵_̵a̵n̵d̵S̲e̲t̲.̲o̲f̲P̲r̲e̲d̲_̲a̲n̲d̲
warning: HSFormal/Cubical/PinchSignature.lean:102:39: `Set.setOf_forall` has been deprecated: Use `Set.ofPred_forall` instead

Hint: Replace the deprecated name:
  S̵e̵t̵.̵s̵e̵t̵O̵f̵_̵f̵o̵r̵a̵l̵l̵S̲e̲t̲.̲o̲f̲P̲r̲e̲d̲_̲f̲o̲r̲a̲l̲l̲
warning: HSFormal/Cubical/PinchSignature.lean:111:24: `Set.setOf_and` has been deprecated: Use `Set.ofPred_and` instead

Hint: Replace the deprecated name:
  S̵e̵t̵.̵s̵e̵t̵O̵f̵_̵a̵n̵d̵S̲e̲t̲.̲o̲f̲P̲r̲e̲d̲_̲a̲n̲d̲
warning: HSFormal/Cubical/PinchSignature.lean:111:39: `Set.setOf_exists` has been deprecated: Use `Set.ofPred_exists` instead

Hint: Replace the deprecated name:
  S̵e̵t̵.̵s̵e̵t̵O̵f̵_̵e̵x̵i̵s̵t̵s̵S̲e̲t̲.̲o̲f̲P̲r̲e̲d̲_̲e̲x̲i̲s̲t̲s̲
warning: HSFormal/Cubical/PinchSignature.lean:111:57: `Set.setOf_mem_eq` has been deprecated: Use `Set.ofPred_mem_eq` instead

Hint: Replace the deprecated name:
  S̵e̵t̵.̵s̵e̵t̵O̵f̵_̵m̵e̵m̵_̵e̵q̵S̲e̲t̲.̲o̲f̲P̲r̲e̲d̲_̲m̲e̲m̲_̲e̲q̲
warning: HSFormal/Cubical/PinchSignature.lean:116:24: `Set.setOf_and` has been deprecated: Use `Set.ofPred_and` instead

Hint: Replace the deprecated name:
  S̵e̵t̵.̵s̵e̵t̵O̵f̵_̵a̵n̵d̵S̲e̲t̲.̲o̲f̲P̲r̲e̲d̲_̲a̲n̲d̲
warning: HSFormal/Cubical/PinchSignature.lean:116:39: `Set.setOf_or` has been deprecated: Use `Set.ofPred_or` instead

Hint: Replace the deprecated name:
  S̵e̵t̵.̵s̵e̵t̵O̵f̵_̵o̵r̵S̲e̲t̲.̲o̲f̲P̲r̲e̲d̲_̲o̲r̲
warning: HSFormal/Cubical/PinchSignature.lean:116:53: `Set.setOf_exists` has been deprecated: Use `Set.ofPred_exists` instead

Hint: Replace the deprecated name:
  S̵e̵t̵.̵s̵e̵t̵O̵f̵_̵e̵x̵i̵s̵t̵s̵S̲e̲t̲.̲o̲f̲P̲r̲e̲d̲_̲e̲x̲i̲s̲t̲s̲
warning: HSFormal/Cubical/PinchSignature.lean:116:71: `Set.setOf_mem_eq` has been deprecated: Use `Set.ofPred_mem_eq` instead

Hint: Replace the deprecated name:
  S̵e̵t̵.̵s̵e̵t̵O̵f̵_̵m̵e̵m̵_̵e̵q̵S̲e̲t̲.̲o̲f̲P̲r̲e̲d̲_̲m̲e̲m̲_̲e̲q̲
warning: HSFormal/Cubical/PinchSignature.lean:122:23: `Set.setOf_and` has been deprecated: Use `Set.ofPred_and` instead

Hint: Replace the deprecated name:
  S̵e̵t̵.̵s̵e̵t̵O̵f̵_̵a̵n̵d̵S̲e̲t̲.̲o̲f̲P̲r̲e̲d̲_̲a̲n̲d̲
warning: HSFormal/Cubical/PinchSignature.lean:122:38: `Set.setOf_exists` has been deprecated: Use `Set.ofPred_exists` instead

Hint: Replace the deprecated name:
  S̵e̵t̵.̵s̵e̵t̵O̵f̵_̵e̵x̵i̵s̵t̵s̵S̲e̲t̲.̲o̲f̲P̲r̲e̲d̲_̲e̲x̲i̲s̲t̲s̲
warning: HSFormal/Cubical/PinchSignature.lean:122:56: `Set.setOf_mem_eq` has been deprecated: Use `Set.ofPred_mem_eq` instead

Hint: Replace the deprecated name:
  S̵e̵t̵.̵s̵e̵t̵O̵f̵_̵m̵e̵m̵_̵e̵q̵S̲e̲t̲.̲o̲f̲P̲r̲e̲d̲_̲m̲e̲m̲_̲e̲q̲
warning: HSFormal/Cubical/PinchSignature.lean:130:2: `push_neg` has been deprecated. Prefer using `push Not` instead.
If you'd rather continue using `push_neg` in your project, you can implement it as follows:
```
open Lean.Parser.Tactic in
macro "push_neg" cfg:optConfig loc:(location)? : tactic =>
  `(tactic| push $cfg:optConfig Not $[$loc]?)
```
warning: HSFormal/Cubical/PinchSignature.lean:172:43: `Set.mem_setOf_eq` has been deprecated: Use `Set.mem_ofPred_eq` instead

Hint: Replace the deprecated name:
  S̵e̵t̵.̵m̵e̵m̵_̵s̵e̵t̵O̵f̵_̵e̵q̵S̲e̲t̲.̲m̲e̲m̲_̲o̲f̲P̲r̲e̲d̲_̲e̲q̲
⚠ [9073/9143] Replayed HSFormal.Cubical.PinchLocal
warning: HSFormal/Cubical/PinchLocal.lean:89:25: `dif_neg` has been deprecated: Use `dite_eq_right` instead

Hint: Replace the deprecated name:
  d̵i̵f̵_̵n̵e̵g̵d̲i̲t̲e̲_̲e̲q̲_̲r̲i̲g̲h̲t̲
warning: HSFormal/Cubical/PinchLocal.lean:106:10: `dif_neg` has been deprecated: Use `dite_eq_right` instead

Hint: Replace the deprecated name:
  d̵i̵f̵_̵n̵e̵g̵d̲i̲t̲e̲_̲e̲q̲_̲r̲i̲g̲h̲t̲
⚠ [9074/9143] Replayed HSFormal.Cubical.PinchControl
warning: HSFormal/Cubical/PinchControl.lean:147:12: `if_neg` has been deprecated: Use `ite_eq_right` instead

Hint: Replace the deprecated name:
  i̵f̵_̵n̵e̵g̵i̲t̲e̲_̲e̲q̲_̲r̲i̲g̲h̲t̲
⚠ [9075/9143] Replayed HSFormal.Cubical.CubeGeom
warning: HSFormal/Cubical/CubeGeom.lean:41:4: Try this: 
  haveI̵

The goal is a proposition, so `have` is preferred over `haveI`.
The difference between `have` and `haveI` is that `haveI` inlines the value.
But this is not relevant for proofs because of proof irrelevance.

Note: This linter can be disabled with `set_option linter.style.haveILetI false`
warning: HSFormal/Cubical/CubeGeom.lean:190:25: `dif_neg` has been deprecated: Use `dite_eq_right` instead

Hint: Replace the deprecated name:
  d̵i̵f̵_̵n̵e̵g̵d̲i̲t̲e̲_̲e̲q̲_̲r̲i̲g̲h̲t̲
warning: HSFormal/Cubical/CubeGeom.lean:194:25: `dif_pos` has been deprecated: Use `dite_eq_left` instead

Hint: Replace the deprecated name:
  d̵i̵f̵_̵p̵o̵s̵d̲i̲t̲e̲_̲e̲q̲_̲l̲e̲f̲t̲
warning: HSFormal/Cubical/CubeGeom.lean:422:62: Variable name `hj` is not explicitly referenced.

Hint: The binding can be removed (if unused) or named `_` (if used implicitly). Alternatively, prefix the name with `_` to silence this warning:
  [apply] _hj

Note: This linter can be disabled with `set_option linter.unusedVariables false`
⚠ [9077/9143] Replayed HSFormal.LTheory.BoundaryPoincare
warning: HSFormal/LTheory/BoundaryPoincare.lean:71:15: This simp argument is unused:
  desusp_d

Hint: Omit it from the simp argument list.
  [apply] simp only [desuspMap_f, neg_comp, comp_neg, neg_neg, h]

Note: This linter can be disabled with `set_option linter.unusedSimpArgs false`
warning: HSFormal/LTheory/BoundaryPoincare.lean:104:15: This simp argument is unused:
  dualComplex_d

Hint: Omit it from the simp argument list.
  [apply] simp only [desusp_d, Linear.units_smul_comp, Linear.comp_units_smul, Int.negOnePow_succ, Units.neg_smul,
    neg_neg]

Note: This linter can be disabled with `set_option linter.unusedSimpArgs false`
warning: HSFormal/LTheory/BoundaryPoincare.lean:104:30: This simp argument is unused:
  desusp_d

Hint: Omit it from the simp argument list.
  [apply] simp only [dualComplex_d, Linear.units_smul_comp, Linear.comp_units_smul, Int.negOnePow_succ, Units.neg_smul,
    neg_neg]

Note: This linter can be disabled with `set_option linter.unusedSimpArgs false`
⚠ [9078/9143] Replayed HSFormal.Cubical.CutRealize
warning: HSFormal/Cubical/CutRealize.lean:235:41: `if_true` has been deprecated: Use `ite_true` instead

Hint: Replace the deprecated name:
  i̵f̵_̵t̵r̵u̵e̵i̲t̲e̲_̲t̲r̲u̲e̲
warning: HSFormal/Cubical/CutRealize.lean:402:37: This simp argument is unused:
  dualComplex_d

Hint: Omit it from the simp argument list.
  [apply] simp only [HomologicalComplex.comp_f, HomologicalComplex.zero_f, add_zero, dualHom_f, dualityMap_f,
    Hom.toComplex_f, asymptoticObjInvolution_star, transpose_hom, toComplex_d, Linear.units_smul_comp]

Note: This linter can be disabled with `set_option linter.unusedSimpArgs false`
warning: HSFormal/Cubical/CutRealize.lean:403:6: This simp argument is unused:
  toComplex_d

Hint: Omit it from the simp argument list.
  [apply] simp only [HomologicalComplex.comp_f, HomologicalComplex.zero_f, add_zero, dualHom_f, dualityMap_f,
    Hom.toComplex_f, dualComplex_d, asymptoticObjInvolution_star, transpose_hom, Linear.units_smul_comp]

Note: This linter can be disabled with `set_option linter.unusedSimpArgs false`
⚠ [9079/9143] Replayed HSFormal.Cubical.CutStep
warning: HSFormal/Cubical/CutStep.lean:78:63: `if_neg` has been deprecated: Use `ite_eq_right` instead

Hint: Replace the deprecated name:
  i̵f̵_̵n̵e̵g̵i̲t̲e̲_̲e̲q̲_̲r̲i̲g̲h̲t̲
warning: HSFormal/Cubical/CutStep.lean:154:8: `if_neg` has been deprecated: Use `ite_eq_right` instead

Hint: Replace the deprecated name:
  i̵f̵_̵n̵e̵g̵i̲t̲e̲_̲e̲q̲_̲r̲i̲g̲h̲t̲
warning: HSFormal/Cubical/CutStep.lean:154:18: `if_neg` has been deprecated: Use `ite_eq_right` instead

Hint: Replace the deprecated name:
  i̵f̵_̵n̵e̵g̵i̲t̲e̲_̲e̲q̲_̲r̲i̲g̲h̲t̲
warning: HSFormal/Cubical/CutStep.lean:296:8: `if_neg` has been deprecated: Use `ite_eq_right` instead

Hint: Replace the deprecated name:
  i̵f̵_̵n̵e̵g̵i̲t̲e̲_̲e̲q̲_̲r̲i̲g̲h̲t̲
warning: HSFormal/Cubical/CutStep.lean:301:8: `if_pos` has been deprecated: Use `ite_eq_left` instead

Hint: Replace the deprecated name:
  i̵f̵_̵p̵o̵s̵i̲t̲e̲_̲e̲q̲_̲l̲e̲f̲t̲
warning: HSFormal/Cubical/CutStep.lean:377:2: Try this: 
  haveI̵

The goal is a proposition, so `have` is preferred over `haveI`.
The difference between `have` and `haveI` is that `haveI` inlines the value.
But this is not relevant for proofs because of proof irrelevance.

Note: This linter can be disabled with `set_option linter.style.haveILetI false`
warning: HSFormal/Cubical/CutStep.lean:378:2: Try this: 
  haveI̵

The goal is a proposition, so `have` is preferred over `haveI`.
The difference between `have` and `haveI` is that `haveI` inlines the value.
But this is not relevant for proofs because of proof irrelevance.

Note: This linter can be disabled with `set_option linter.style.haveILetI false`
⚠ [9081/9143] Replayed HSFormal.Cubical.CutLift
warning: HSFormal/Cubical/CutLift.lean:70:4: `simp` already closes the goal

Hint: Use `simp` instead of `simpa`:
  [apply] simp

Note: This linter can be disabled with `set_option linter.unnecessarySimpa false`
warning: HSFormal/Cubical/CutLift.lean:115:4: Try this: 
  haveI̵

The goal is a proposition, so `have` is preferred over `haveI`.
The difference between `have` and `haveI` is that `haveI` inlines the value.
But this is not relevant for proofs because of proof irrelevance.

Note: This linter can be disabled with `set_option linter.style.haveILetI false`
warning: HSFormal/Cubical/CutLift.lean:63:45: This simp argument is unused:
  liftHom_f

Hint: Omit it from the simp argument list.
  [apply] simp only [SymPoincare.lift, hp, comp_f, id_f, Category.comp_id]

Note: This linter can be disabled with `set_option linter.unusedSimpArgs false`
warning: HSFormal/Cubical/CutLift.lean:63:56: This simp argument is unused:
  id_f

Hint: Omit it from the simp argument list.
  [apply] simp only [SymPoincare.lift, hp, comp_f, liftHom_f, Category.comp_id]

Note: This linter can be disabled with `set_option linter.unusedSimpArgs false`
⚠ [9082/9143] Replayed HSFormal.Cubical.CutSupport
warning: HSFormal/Cubical/CutSupport.lean:44:0: automatically included section variable(s) unused in theorem `HSFormal.Cubical.BasedComplex.ControlledSeq.isSupported_obj`:
  [(i : ℕ) → Fintype (G i)]
consider restructuring your `variable` declarations so that the variables are not in scope or explicitly omit them:
  omit [(i : ℕ) → Fintype (G i)] in theorem ...

Note: This linter can be disabled with `set_option linter.unusedSectionVars false`
⚠ [9083/9143] Replayed HSFormal.Cubical.CutClass
warning: HSFormal/Cubical/CutClass.lean:68:8: `dif_neg` has been deprecated: Use `dite_eq_right` instead

Hint: Replace the deprecated name:
  d̵i̵f̵_̵n̵e̵g̵d̲i̲t̲e̲_̲e̲q̲_̲r̲i̲g̲h̲t̲
warning: HSFormal/Cubical/CutClass.lean:70:8: `dif_pos` has been deprecated: Use `dite_eq_left` instead

Hint: Replace the deprecated name:
  d̵i̵f̵_̵p̵o̵s̵d̲i̲t̲e̲_̲e̲q̲_̲l̲e̲f̲t̲
warning: HSFormal/Cubical/CutClass.lean:110:8: `dif_pos` has been deprecated: Use `dite_eq_left` instead

Hint: Replace the deprecated name:
  d̵i̵f̵_̵p̵o̵s̵d̲i̲t̲e̲_̲e̲q̲_̲l̲e̲f̲t̲
warning: HSFormal/Cubical/CutClass.lean:112:10: `dif_pos` has been deprecated: Use `dite_eq_left` instead

Hint: Replace the deprecated name:
  d̵i̵f̵_̵p̵o̵s̵d̲i̲t̲e̲_̲e̲q̲_̲l̲e̲f̲t̲
warning: HSFormal/Cubical/CutClass.lean:112:22: `if_pos` has been deprecated: Use `ite_eq_left` instead

Hint: Replace the deprecated name:
  i̵f̵_̵p̵o̵s̵i̲t̲e̲_̲e̲q̲_̲l̲e̲f̲t̲
warning: HSFormal/Cubical/CutClass.lean:113:10: `dif_neg` has been deprecated: Use `dite_eq_right` instead

Hint: Replace the deprecated name:
  d̵i̵f̵_̵n̵e̵g̵d̲i̲t̲e̲_̲e̲q̲_̲r̲i̲g̲h̲t̲
warning: HSFormal/Cubical/CutClass.lean:113:22: `if_neg` has been deprecated: Use `ite_eq_right` instead

Hint: Replace the deprecated name:
  i̵f̵_̵n̵e̵g̵i̲t̲e̲_̲e̲q̲_̲r̲i̲g̲h̲t̲
warning: HSFormal/Cubical/CutClass.lean:114:8: `dif_neg` has been deprecated: Use `dite_eq_right` instead

Hint: Replace the deprecated name:
  d̵i̵f̵_̵n̵e̵g̵d̲i̲t̲e̲_̲e̲q̲_̲r̲i̲g̲h̲t̲
warning: HSFormal/Cubical/CutClass.lean:114:20: `if_neg` has been deprecated: Use `ite_eq_right` instead

Hint: Replace the deprecated name:
  i̵f̵_̵n̵e̵g̵i̲t̲e̲_̲e̲q̲_̲r̲i̲g̲h̲t̲
warning: HSFormal/Cubical/CutClass.lean:155:2: Try this: 
  haveI̵

The goal is a proposition, so `have` is preferred over `haveI`.
The difference between `have` and `haveI` is that `haveI` inlines the value.
But this is not relevant for proofs because of proof irrelevance.

Note: This linter can be disabled with `set_option linter.style.haveILetI false`
⚠ [9084/9143] Replayed HSFormal.Cubical.CubeLevels
warning: HSFormal/Cubical/CubeLevels.lean:57:37: `dif_neg` has been deprecated: Use `dite_eq_right` instead

Hint: Replace the deprecated name:
  d̵i̵f̵_̵n̵e̵g̵d̲i̲t̲e̲_̲e̲q̲_̲r̲i̲g̲h̲t̲
⚠ [9087/9143] Replayed HSFormal.Cubical.EndClass
warning: HSFormal/Cubical/EndClass.lean:108:16: `if_pos` has been deprecated: Use `ite_eq_left` instead

Hint: Replace the deprecated name:
  i̵f̵_̵p̵o̵s̵i̲t̲e̲_̲e̲q̲_̲l̲e̲f̲t̲
warning: HSFormal/Cubical/EndClass.lean:156:56: Unused tactic linter: `rfl` does nothing

Note: This linter can be disabled with `set_option linter.unusedTactic false`
warning: HSFormal/Cubical/EndClass.lean:156:56: this tactic is never executed

Note: This linter can be disabled with `set_option linter.unreachableTactic false`
warning: HSFormal/Cubical/EndClass.lean:239:52: `if_neg` has been deprecated: Use `ite_eq_right` instead

Hint: Replace the deprecated name:
  i̵f̵_̵n̵e̵g̵i̲t̲e̲_̲e̲q̲_̲r̲i̲g̲h̲t̲
warning: HSFormal/Cubical/EndClass.lean:240:15: `if_pos` has been deprecated: Use `ite_eq_left` instead

Hint: Replace the deprecated name:
  i̵f̵_̵p̵o̵s̵i̲t̲e̲_̲e̲q̲_̲l̲e̲f̲t̲
⚠ [9088/9143] Replayed HSFormal.Cubical.CubeEnd
warning: HSFormal/Cubical/CubeEnd.lean:33:15: This simp argument is unused:
  SymPoincare.map_p

Hint: Omit it from the simp argument list.
  [apply] simp only [hP, InvFunctor.mapH, HomologicalComplex.comp_f, Functor.mapHomologicalComplex_map_f,
    HomologicalComplex.id_f]

Note: This linter can be disabled with `set_option linter.unusedSimpArgs false`
warning: HSFormal/Cubical/CubeEnd.lean:145:10: `if_neg` has been deprecated: Use `ite_eq_right` instead

Hint: Replace the deprecated name:
  i̵f̵_̵n̵e̵g̵i̲t̲e̲_̲e̲q̲_̲r̲i̲g̲h̲t̲
warning: HSFormal/Cubical/CubeEnd.lean:149:10: `if_neg` has been deprecated: Use `ite_eq_right` instead

Hint: Replace the deprecated name:
  i̵f̵_̵n̵e̵g̵i̲t̲e̲_̲e̲q̲_̲r̲i̲g̲h̲t̲
warning: HSFormal/Cubical/CubeEnd.lean:198:15: `if_neg` has been deprecated: Use `ite_eq_right` instead

Hint: Replace the deprecated name:
  i̵f̵_̵n̵e̵g̵i̲t̲e̲_̲e̲q̲_̲r̲i̲g̲h̲t̲
warning: HSFormal/Cubical/CubeEnd.lean:209:15: `if_neg` has been deprecated: Use `ite_eq_right` instead

Hint: Replace the deprecated name:
  i̵f̵_̵n̵e̵g̵i̲t̲e̲_̲e̲q̲_̲r̲i̲g̲h̲t̲
warning: HSFormal/Cubical/CubeEnd.lean:315:4: Try this: 
  haveI̵

The goal is a proposition, so `have` is preferred over `haveI`.
The difference between `have` and `haveI` is that `haveI` inlines the value.
But this is not relevant for proofs because of proof irrelevance.

Note: This linter can be disabled with `set_option linter.style.haveILetI false`
⚠ [9089/9143] Replayed HSFormal.Cubical.CubeCutSteps
warning: HSFormal/Cubical/CubeCutSteps.lean:95:2: `dif_pos` has been deprecated: Use `dite_eq_left` instead

Hint: Replace the deprecated name:
  d̵i̵f̵_̵p̵o̵s̵d̲i̲t̲e̲_̲e̲q̲_̲l̲e̲f̲t̲
⚠ [9240/9271] Replayed HSFormal.LTheory.Model.Cascade
warning: HSFormal/LTheory/Model/Cascade.lean:254:6: `dif_pos` has been deprecated: Use `dite_eq_left` instead

Hint: Replace the deprecated name:
  d̵i̵f̵_̵p̵o̵s̵d̲i̲t̲e̲_̲e̲q̲_̲l̲e̲f̲t̲
warning: HSFormal/LTheory/Model/Cascade.lean:285:19: `if_pos` has been deprecated: Use `ite_eq_left` instead

Hint: Replace the deprecated name:
  i̵f̵_̵p̵o̵s̵i̲t̲e̲_̲e̲q̲_̲l̲e̲f̲t̲
warning: HSFormal/LTheory/Model/Cascade.lean:287:19: `if_neg` has been deprecated: Use `ite_eq_right` instead

Hint: Replace the deprecated name:
  i̵f̵_̵n̵e̵g̵i̲t̲e̲_̲e̲q̲_̲r̲i̲g̲h̲t̲
warning: HSFormal/LTheory/Model/Cascade.lean:359:31: This simp argument is unused:
  ePart_d

Hint: Omit it from the simp argument list.
  [apply] simp only [assoc]

Note: This linter can be disabled with `set_option linter.unusedSimpArgs false`
warning: HSFormal/LTheory/Model/Cascade.lean:368:31: This simp argument is unused:
  uComplex_d

Hint: Omit it from the simp argument list.
  [apply] simp only

Note: This linter can be disabled with `set_option linter.unusedSimpArgs false`
warning: HSFormal/LTheory/Model/Cascade.lean:381:15: This simp argument is unused:
  ePart_d

Hint: Omit it from the simp argument list.
  [apply] simp only [assoc]

Note: This linter can be disabled with `set_option linter.unusedSimpArgs false`
warning: HSFormal/LTheory/Model/Cascade.lean:501:15: This simp argument is unused:
  quotComplex_d

Hint: Omit it from the simp argument list.
  [apply] simp only [dualComplex_d, quotComplex_X, ← F.proj.map_star, ← Casc.map_units_smul, ← Functor.map_comp]

Note: This linter can be disabled with `set_option linter.unusedSimpArgs false`
warning: HSFormal/LTheory/Model/Cascade.lean:501:30: This simp argument is unused:
  dualComplex_d

Hint: Omit it from the simp argument list.
  [apply] simp only [quotComplex_d, quotComplex_X, ← F.proj.map_star, ← Casc.map_units_smul, ← Functor.map_comp]

Note: This linter can be disabled with `set_option linter.unusedSimpArgs false`
warning: HSFormal/LTheory/Model/Cascade.lean:523:15: This simp argument is unused:
  dualComplex_d

Hint: Omit it from the simp argument list.
  [apply] simp only [Cascade.uComplex_d, A.inv.star_comp, star_πU (c.mem _), F.star_ιU _ _ (c.mem _), assoc,
    Linear.units_smul_comp]

Note: This linter can be disabled with `set_option linter.unusedSimpArgs false`
warning: HSFormal/LTheory/Model/Cascade.lean:523:30: This simp argument is unused:
  Cascade.uComplex_d

Hint: Omit it from the simp argument list.
  [apply] simp only [dualComplex_d, A.inv.star_comp, star_πU (c.mem _), F.star_ιU _ _ (c.mem _), assoc,
    Linear.units_smul_comp]

Note: This linter can be disabled with `set_option linter.unusedSimpArgs false`
warning: HSFormal/LTheory/Model/Cascade.lean:546:54: This simp argument is unused:
  Cascade.uComplex_d

Hint: Omit it from the simp argument list.
  [apply] simp only [Functor.mapHomologicalComplex_obj_d, quotComplex_d, ← Functor.map_comp, assoc]

Note: This linter can be disabled with `set_option linter.unusedSimpArgs false`
warning: HSFormal/LTheory/Model/Cascade.lean:546:74: This simp argument is unused:
  quotComplex_d

Hint: Omit it from the simp argument list.
  [apply] simp only [Functor.mapHomologicalComplex_obj_d, Cascade.uComplex_d, ← Functor.map_comp, assoc]

Note: This linter can be disabled with `set_option linter.unusedSimpArgs false`
warning: HSFormal/LTheory/Model/Cascade.lean:602:26: `if_pos` has been deprecated: Use `ite_eq_left` instead

Hint: Replace the deprecated name:
  i̵f̵_̵p̵o̵s̵i̲t̲e̲_̲e̲q̲_̲l̲e̲f̲t̲
warning: HSFormal/LTheory/Model/Cascade.lean:617:101: Unused tactic linter: `rfl` does nothing

Note: This linter can be disabled with `set_option linter.unusedTactic false`
warning: HSFormal/LTheory/Model/Cascade.lean:617:101: this tactic is never executed

Note: This linter can be disabled with `set_option linter.unreachableTactic false`
warning: HSFormal/LTheory/Model/Cascade.lean:632:29: This simp argument is unused:
  quotComplex_d

Hint: Omit it from the simp argument list.
  [apply] simp only [Iso.refl_hom, ofQuot_d]

Note: This linter can be disabled with `set_option linter.unusedSimpArgs false`
warning: HSFormal/LTheory/Model/Cascade.lean:640:64: This simp argument is unused:
  map_liftQuotHom

Hint: Omit it from the simp argument list.
  [apply] simp only [ofQuotIso, comp_f, dualHom_f, quotSym_f, ofQuot_φ, Hom.isoOfComponents_inv_f, Iso.refl_inv]

Note: This linter can be disabled with `set_option linter.unusedSimpArgs false`
warning: HSFormal/LTheory/Model/Cascade.lean:641:4: This simp argument is unused:
  Hom.isoOfComponents_inv_f

Hint: Omit it from the simp argument list.
  [apply] simp only [ofQuotIso, comp_f, dualHom_f, quotSym_f, ofQuot_φ, map_liftQuotHom, Iso.refl_inv]

Note: This linter can be disabled with `set_option linter.unusedSimpArgs false`
warning: HSFormal/LTheory/Model/Cascade.lean:641:31: This simp argument is unused:
  Iso.refl_inv

Hint: Omit it from the simp argument list.
  [apply] simp only [ofQuotIso, comp_f, dualHom_f, quotSym_f, ofQuot_φ, map_liftQuotHom, Hom.isoOfComponents_inv_f]

Note: This linter can be disabled with `set_option linter.unusedSimpArgs false`
⚠ [9241/9271] Replayed HSFormal.LTheory.Model.LiftComplex
warning: HSFormal/LTheory/Model/LiftComplex.lean:98:2: `if_pos` has been deprecated: Use `ite_eq_left` instead

Hint: Replace the deprecated name:
  i̵f̵_̵p̵o̵s̵i̲t̲e̲_̲e̲q̲_̲l̲e̲f̲t̲
warning: HSFormal/LTheory/Model/LiftComplex.lean:101:2: `if_neg` has been deprecated: Use `ite_eq_right` instead

Hint: Replace the deprecated name:
  i̵f̵_̵n̵e̵g̵i̲t̲e̲_̲e̲q̲_̲r̲i̲g̲h̲t̲
warning: HSFormal/LTheory/Model/LiftComplex.lean:334:35: `if_pos` has been deprecated: Use `ite_eq_left` instead

Hint: Replace the deprecated name:
  i̵f̵_̵p̵o̵s̵i̲t̲e̲_̲e̲q̲_̲l̲e̲f̲t̲
warning: HSFormal/LTheory/Model/LiftComplex.lean:335:39: `if_neg` has been deprecated: Use `ite_eq_right` instead

Hint: Replace the deprecated name:
  i̵f̵_̵n̵e̵g̵i̲t̲e̲_̲e̲q̲_̲r̲i̲g̲h̲t̲
warning: HSFormal/LTheory/Model/LiftComplex.lean:424:21: `if_pos` has been deprecated: Use `ite_eq_left` instead

Hint: Replace the deprecated name:
  i̵f̵_̵p̵o̵s̵i̲t̲e̲_̲e̲q̲_̲l̲e̲f̲t̲
warning: HSFormal/LTheory/Model/LiftComplex.lean:428:23: `if_neg` has been deprecated: Use `ite_eq_right` instead

Hint: Replace the deprecated name:
  i̵f̵_̵n̵e̵g̵i̲t̲e̲_̲e̲q̲_̲r̲i̲g̲h̲t̲
warning: HSFormal/LTheory/Model/LiftComplex.lean:433:23: `if_neg` has been deprecated: Use `ite_eq_right` instead

Hint: Replace the deprecated name:
  i̵f̵_̵n̵e̵g̵i̲t̲e̲_̲e̲q̲_̲r̲i̲g̲h̲t̲
warning: HSFormal/LTheory/Model/LiftComplex.lean:518:15: This simp argument is unused:
  KaroubiFiltration.Cascade.uComplex_d

Hint: Omit it from the simp argument list.
  [apply] simp only [assoc]

Note: This linter can be disabled with `set_option linter.unusedSimpArgs false`
warning: HSFormal/LTheory/Model/LiftComplex.lean:532:27: This simp argument is unused:
  dualComplex_d

Hint: Omit it from the simp argument list.
  [apply] simp only [jHom_f, relH, KaroubiFiltration.Cascade.uComplex_d, A.inv.star_comp, star_πU (c.mem _),
    F.star_ιU _ _ (c.mem _), assoc, Linear.units_smul_comp, add_comp, RelLift.dualD, SymLift.dualD] at h ⊢

Note: This linter can be disabled with `set_option linter.unusedSimpArgs false`
warning: HSFormal/LTheory/Model/LiftComplex.lean:532:42: This simp argument is unused:
  KaroubiFiltration.Cascade.uComplex_d

Hint: Omit it from the simp argument list.
  [apply] simp only [jHom_f, relH, dualComplex_d, A.inv.star_comp, star_πU (c.mem _), F.star_ιU _ _ (c.mem _), assoc,
    Linear.units_smul_comp, add_comp, RelLift.dualD, SymLift.dualD] at h ⊢

Note: This linter can be disabled with `set_option linter.unusedSimpArgs false`
warning: HSFormal/LTheory/Model/LiftComplex.lean:647:101: Unused tactic linter: `rfl` does nothing

Note: This linter can be disabled with `set_option linter.unusedTactic false`
warning: HSFormal/LTheory/Model/LiftComplex.lean:647:101: this tactic is never executed

Note: This linter can be disabled with `set_option linter.unreachableTactic false`
warning: HSFormal/LTheory/Model/LiftComplex.lean:675:29: This simp argument is unused:
  SymLift.quotComplex_d

Hint: Omit it from the simp argument list.
  [apply] simp only [Iso.refl_hom, RelLift.toSymLift, RelLift.ofQuot_d]

Note: This linter can be disabled with `set_option linter.unusedSimpArgs false`
warning: HSFormal/LTheory/Model/LiftComplex.lean:706:55: This simp argument is unused:
  Functor.mapHomologicalComplex_map_f

Hint: Omit it from the simp argument list.
  [apply] simp only [Iso.trans_hom, comp_f, InvFunctor.mapH]

Note: This linter can be disabled with `set_option linter.unusedSimpArgs false`
warning: HSFormal/LTheory/Model/LiftComplex.lean:708:33: This simp argument is unused:
  map_liftQuotHom

Hint: Omit it from the simp argument list.
  [apply] simp only [RelLift.ofQuot_j, RelLift.ofQuotIso, Hom.isoOfComponents_hom_f, Iso.refl_hom]

Note: This linter can be disabled with `set_option linter.unusedSimpArgs false`
warning: HSFormal/LTheory/Model/LiftComplex.lean:708:69: This simp argument is unused:
  Hom.isoOfComponents_hom_f

Hint: Omit it from the simp argument list.
  [apply] simp only [RelLift.ofQuot_j, map_liftQuotHom, RelLift.ofQuotIso, Iso.refl_hom]

Note: This linter can be disabled with `set_option linter.unusedSimpArgs false`
warning: HSFormal/LTheory/Model/LiftComplex.lean:709:6: This simp argument is unused:
  Iso.refl_hom

Hint: Omit it from the simp argument list.
  [apply] simp only [RelLift.ofQuot_j, map_liftQuotHom, RelLift.ofQuotIso, Hom.isoOfComponents_hom_f]

Note: This linter can be disabled with `set_option linter.unusedSimpArgs false`
warning: HSFormal/LTheory/Model/LiftComplex.lean:715:6: This simp argument is unused:
  Hom.isoOfComponents_hom_f

Hint: Omit it from the simp argument list.
  [apply] simp only [Iso.trans_hom, dualHom_comp, comp_f, assoc, RelLift.ofQuotIso, Iso.refl_hom, dualHom_f] at this ⊢

Note: This linter can be disabled with `set_option linter.unusedSimpArgs false`
warning: HSFormal/LTheory/Model/LiftComplex.lean:715:33: This simp argument is unused:
  Iso.refl_hom

Hint: Omit it from the simp argument list.
  [apply] simp only [Iso.trans_hom, dualHom_comp, comp_f, assoc, RelLift.ofQuotIso, Hom.isoOfComponents_hom_f,
    dualHom_f] at this ⊢

Note: This linter can be disabled with `set_option linter.unusedSimpArgs false`
warning: HSFormal/LTheory/Model/LiftComplex.lean:718:32: Used `tac1 <;> tac2` where `(tac1; tac2)` would suffice

Note: This linter can be disabled with `set_option linter.unnecessarySeqFocus false`
warning: HSFormal/LTheory/Model/LiftComplex.lean:720:65: Used `tac1 <;> tac2` where `(tac1; tac2)` would suffice

Note: This linter can be disabled with `set_option linter.unnecessarySeqFocus false`
warning: HSFormal/LTheory/Model/LiftComplex.lean:828:36: `if_pos` has been deprecated: Use `ite_eq_left` instead

Hint: Replace the deprecated name:
  i̵f̵_̵p̵o̵s̵i̲t̲e̲_̲e̲q̲_̲l̲e̲f̲t̲
warning: HSFormal/LTheory/Model/LiftComplex.lean:829:40: `if_neg` has been deprecated: Use `ite_eq_right` instead

Hint: Replace the deprecated name:
  i̵f̵_̵n̵e̵g̵i̲t̲e̲_̲e̲q̲_̲r̲i̲g̲h̲t̲
⚠ [9242/9271] Replayed HSFormal.LTheory.Model.GlueKar
warning: HSFormal/LTheory/Model/GlueKar.lean:178:31: This simp argument is unused:
  karCx_d_f

Hint: Omit it from the simp argument list.
  [apply] simp only [Karoubi.comp_f, assoc]

Note: This linter can be disabled with `set_option linter.unusedSimpArgs false`
warning: HSFormal/LTheory/Model/GlueKar.lean:207:15: This simp argument is unused:
  karCx_d_f

Hint: Omit it from the simp argument list.
  [apply] simp only [Karoubi.comp_f, assoc] at this

Note: This linter can be disabled with `set_option linter.unusedSimpArgs false`
warning: HSFormal/LTheory/Model/GlueKar.lean:237:52: This simp argument is unused:
  karCx_d_f

Hint: Omit it from the simp argument list.
  [apply] simp only [karMap_f_f, add_def, Karoubi.comp_f, assoc]

Note: This linter can be disabled with `set_option linter.unusedSimpArgs false`
warning: HSFormal/LTheory/Model/GlueKar.lean:248:52: This simp argument is unused:
  karCx_d_f

Hint: Omit it from the simp argument list.
  [apply] simp only [karMap_f_f, add_def, Karoubi.comp_f, assoc] at h

Note: This linter can be disabled with `set_option linter.unusedSimpArgs false`
warning: HSFormal/LTheory/Model/GlueKar.lean:325:2: Try this: 
  haveI̵

The goal is a proposition, so `have` is preferred over `haveI`.
The difference between `have` and `haveI` is that `haveI` inlines the value.
But this is not relevant for proofs because of proof irrelevance.

Note: This linter can be disabled with `set_option linter.style.haveILetI false`
⚠ [9243/9271] Replayed HSFormal.LTheory.Model.Transport
warning: HSFormal/LTheory/Model/Transport.lean:190:41: `if_pos` has been deprecated: Use `ite_eq_left` instead

Hint: Replace the deprecated name:
  i̵f̵_̵p̵o̵s̵i̲t̲e̲_̲e̲q̲_̲l̲e̲f̲t̲
warning: HSFormal/LTheory/Model/Transport.lean:190:60: `if_pos` has been deprecated: Use `ite_eq_left` instead

Hint: Replace the deprecated name:
  i̵f̵_̵p̵o̵s̵i̲t̲e̲_̲e̲q̲_̲l̲e̲f̲t̲
warning: HSFormal/LTheory/Model/Transport.lean:194:41: `if_neg` has been deprecated: Use `ite_eq_right` instead

Hint: Replace the deprecated name:
  i̵f̵_̵n̵e̵g̵i̲t̲e̲_̲e̲q̲_̲r̲i̲g̲h̲t̲
warning: HSFormal/LTheory/Model/Transport.lean:194:60: `if_pos` has been deprecated: Use `ite_eq_left` instead

Hint: Replace the deprecated name:
  i̵f̵_̵p̵o̵s̵i̲t̲e̲_̲e̲q̲_̲l̲e̲f̲t̲
warning: HSFormal/LTheory/Model/Transport.lean:197:41: `if_neg` has been deprecated: Use `ite_eq_right` instead

Hint: Replace the deprecated name:
  i̵f̵_̵n̵e̵g̵i̲t̲e̲_̲e̲q̲_̲r̲i̲g̲h̲t̲
warning: HSFormal/LTheory/Model/Transport.lean:197:60: `if_neg` has been deprecated: Use `ite_eq_right` instead

Hint: Replace the deprecated name:
  i̵f̵_̵n̵e̵g̵i̲t̲e̲_̲e̲q̲_̲r̲i̲g̲h̲t̲
warning: HSFormal/LTheory/Model/Transport.lean:200:41: `if_pos` has been deprecated: Use `ite_eq_left` instead

Hint: Replace the deprecated name:
  i̵f̵_̵p̵o̵s̵i̲t̲e̲_̲e̲q̲_̲l̲e̲f̲t̲
warning: HSFormal/LTheory/Model/Transport.lean:200:60: `if_pos` has been deprecated: Use `ite_eq_left` instead

Hint: Replace the deprecated name:
  i̵f̵_̵p̵o̵s̵i̲t̲e̲_̲e̲q̲_̲l̲e̲f̲t̲
warning: HSFormal/LTheory/Model/Transport.lean:204:41: `if_pos` has been deprecated: Use `ite_eq_left` instead

Hint: Replace the deprecated name:
  i̵f̵_̵p̵o̵s̵i̲t̲e̲_̲e̲q̲_̲l̲e̲f̲t̲
warning: HSFormal/LTheory/Model/Transport.lean:204:56: `if_neg` has been deprecated: Use `ite_eq_right` instead

Hint: Replace the deprecated name:
  i̵f̵_̵n̵e̵g̵i̲t̲e̲_̲e̲q̲_̲r̲i̲g̲h̲t̲
warning: HSFormal/LTheory/Model/Transport.lean:207:41: `if_neg` has been deprecated: Use `ite_eq_right` instead

Hint: Replace the deprecated name:
  i̵f̵_̵n̵e̵g̵i̲t̲e̲_̲e̲q̲_̲r̲i̲g̲h̲t̲
warning: HSFormal/LTheory/Model/Transport.lean:207:60: `if_neg` has been deprecated: Use `ite_eq_right` instead

Hint: Replace the deprecated name:
  i̵f̵_̵n̵e̵g̵i̲t̲e̲_̲e̲q̲_̲r̲i̲g̲h̲t̲
warning: HSFormal/LTheory/Model/Transport.lean:595:31: This simp argument is unused:
  dualComplex_d

Hint: Omit it from the simp argument list.
  [apply] simp only [relDuality_f, comp_add, add_comp, assoc, Linear.comp_units_smul, Linear.units_smul_comp,
    cone.star_fstX_inrX_assoc, cone.star_fstX_inlX_assoc, zero_comp, zero_add, cone.star_fstX_d_assoc j _ _ _ hrel,
    neg_comp, cone.star_fstX_inlX'_assoc j hrel (down_rel_sub N (r - 1)), hW, Hom.comm]

Note: This linter can be disabled with `set_option linter.unusedSimpArgs false`
warning: HSFormal/LTheory/Model/Transport.lean:601:31: This simp argument is unused:
  dualComplex_d

Hint: Omit it from the simp argument list.
  [apply] simp only [relDuality_f, comp_add, add_comp, assoc, Linear.comp_units_smul, Linear.units_smul_comp,
    cone.star_sndX_inrX_assoc, cone.star_sndX_inlX_assoc, zero_comp, add_zero, cone.star_sndX_d_assoc j _ _ hrel, hR,
    cone.star_fstX_inlX'_assoc j hrel (down_rel_sub N (r - 1)), comp_zero, smul_zero]

Note: This linter can be disabled with `set_option linter.unusedSimpArgs false`
⚠ [9245/9271] Replayed HSFormal.LTheory.Model.Domination
warning: HSFormal/LTheory/Model/Domination.lean:145:13: This simp argument is unused:
  SymPoincare.map_φ

Hint: Omit it from the simp argument list.
  [apply] simp only [preimPoincare_φ]

Note: This linter can be disabled with `set_option linter.unusedSimpArgs false`
warning: HSFormal/LTheory/Model/Domination.lean:275:10: `if_pos` has been deprecated: Use `ite_eq_left` instead

Hint: Replace the deprecated name:
  i̵f̵_̵p̵o̵s̵i̲t̲e̲_̲e̲q̲_̲l̲e̲f̲t̲
warning: HSFormal/LTheory/Model/Domination.lean:275:31: `if_pos` has been deprecated: Use `ite_eq_left` instead

Hint: Replace the deprecated name:
  i̵f̵_̵p̵o̵s̵i̲t̲e̲_̲e̲q̲_̲l̲e̲f̲t̲
warning: HSFormal/LTheory/Model/Domination.lean:287:22: `if_neg` has been deprecated: Use `ite_eq_right` instead

Hint: Replace the deprecated name:
  i̵f̵_̵n̵e̵g̵i̲t̲e̲_̲e̲q̲_̲r̲i̲g̲h̲t̲
⚠ [9246/9271] Replayed HSFormal.LTheory.Model.LiftingPairAux
warning: HSFormal/LTheory/Model/LiftingPairAux.lean:82:35: `if_pos` has been deprecated: Use `ite_eq_left` instead

Hint: Replace the deprecated name:
  i̵f̵_̵p̵o̵s̵i̲t̲e̲_̲e̲q̲_̲l̲e̲f̲t̲
warning: HSFormal/LTheory/Model/LiftingPairAux.lean:83:39: `if_neg` has been deprecated: Use `ite_eq_right` instead

Hint: Replace the deprecated name:
  i̵f̵_̵n̵e̵g̵i̲t̲e̲_̲e̲q̲_̲r̲i̲g̲h̲t̲
⚠ [9250/9271] Replayed HSFormal.LTheory.Model.LineComplex
warning: HSFormal/LTheory/Model/LineComplex.lean:51:18: `dif_neg` has been deprecated: Use `dite_eq_right` instead

Hint: Replace the deprecated name:
  d̵i̵f̵_̵n̵e̵g̵d̲i̲t̲e̲_̲e̲q̲_̲r̲i̲g̲h̲t̲
warning: HSFormal/LTheory/Model/LineComplex.lean:56:38: `dif_pos` has been deprecated: Use `dite_eq_left` instead

Hint: Replace the deprecated name:
  d̵i̵f̵_̵p̵o̵s̵d̲i̲t̲e̲_̲e̲q̲_̲l̲e̲f̲t̲
warning: HSFormal/LTheory/Model/LineComplex.lean:56:50: `dif_pos` has been deprecated: Use `dite_eq_left` instead

Hint: Replace the deprecated name:
  d̵i̵f̵_̵p̵o̵s̵d̲i̲t̲e̲_̲e̲q̲_̲l̲e̲f̲t̲
warning: HSFormal/LTheory/Model/LineComplex.lean:63:38: This simp argument is unused:
  inlX_coneMap_f_assoc

Hint: Omit it from the simp argument list.
  [apply] simp only [homotopyCofiber_d, coneMap_f_fstX, add_comp, assoc, comp_add,
    inlX_d_assoc a i (i - 1) (i - 1 - 1) h₁ h₂, neg_comp, inlX_fstX_assoc, inlX_sndX_assoc, zero_comp, add_zero,
    inrX_fstX_assoc, neg_add_rev, neg_neg, comp_neg, d_fstX b (i + 1) i (i - 1) h₃ h₁, inlX_fstX, inrX_d_assoc,
    comp_zero, neg_zero, zero_add]

Note: This linter can be disabled with `set_option linter.unusedSimpArgs false`
warning: HSFormal/LTheory/Model/LineComplex.lean:65:65: This simp argument is unused:
  neg_add_rev

Hint: Omit it from the simp argument list.
  [apply] simp only [homotopyCofiber_d, inlX_coneMap_f_assoc, coneMap_f_fstX, add_comp, assoc, comp_add,
    inlX_d_assoc a i (i - 1) (i - 1 - 1) h₁ h₂, neg_comp, inlX_fstX_assoc, inlX_sndX_assoc, zero_comp, add_zero,
    inrX_fstX_assoc, neg_neg, comp_neg, d_fstX b (i + 1) i (i - 1) h₃ h₁, inlX_fstX, inrX_d_assoc, comp_zero, neg_zero,
    zero_add]

Note: This linter can be disabled with `set_option linter.unusedSimpArgs false`
warning: HSFormal/LTheory/Model/LineComplex.lean:66:55: This simp argument is unused:
  inrX_d_assoc

Hint: Omit it from the simp argument list.
  [apply] simp only [homotopyCofiber_d, inlX_coneMap_f_assoc, coneMap_f_fstX, add_comp, assoc, comp_add,
    inlX_d_assoc a i (i - 1) (i - 1 - 1) h₁ h₂, neg_comp, inlX_fstX_assoc, inlX_sndX_assoc, zero_comp, add_zero,
    inrX_fstX_assoc, neg_add_rev, neg_neg, comp_neg, d_fstX b (i + 1) i (i - 1) h₃ h₁, inlX_fstX, comp_zero, neg_zero,
    zero_add]

Note: This linter can be disabled with `set_option linter.unusedSimpArgs false`
warning: HSFormal/LTheory/Model/LineComplex.lean:69:28: This simp argument is unused:
  inrX_sndX_assoc

Hint: Omit it from the simp argument list.
  [apply] simp only [comp_id, inrX_fstX, comp_zero, add_zero]

Note: This linter can be disabled with `set_option linter.unusedSimpArgs false`
warning: HSFormal/LTheory/Model/LineComplex.lean:70:38: This simp argument is unused:
  inlX_coneMap_f_assoc

Hint: Omit it from the simp argument list.
  [apply] simp only [homotopyCofiber_d, coneMap_f_sndX, add_comp, assoc, comp_add,
    inlX_d_assoc a i (i - 1) (i - 1 - 1) h₁ h₂, neg_comp, inlX_fstX_assoc, inlX_sndX_assoc, zero_comp, add_zero,
    inrX_fstX_assoc, comp_neg, d_sndX b (i + 1) i h₃, inlX_sndX, inrX_d_assoc, inrX_sndX_assoc, comp_zero, neg_zero,
    zero_add, inrX_sndX, inlX_fstX, comp_id]

Note: This linter can be disabled with `set_option linter.unusedSimpArgs false`
warning: HSFormal/LTheory/Model/LineComplex.lean:73:44: This simp argument is unused:
  inrX_d_assoc

Hint: Omit it from the simp argument list.
  [apply] simp only [homotopyCofiber_d, inlX_coneMap_f_assoc, coneMap_f_sndX, add_comp, assoc, comp_add,
    inlX_d_assoc a i (i - 1) (i - 1 - 1) h₁ h₂, neg_comp, inlX_fstX_assoc, inlX_sndX_assoc, zero_comp, add_zero,
    inrX_fstX_assoc, comp_neg, d_sndX b (i + 1) i h₃, inlX_sndX, inrX_sndX_assoc, comp_zero, neg_zero, zero_add,
    inrX_sndX, inlX_fstX, comp_id]

Note: This linter can be disabled with `set_option linter.unusedSimpArgs false`
warning: HSFormal/LTheory/Model/LineComplex.lean:74:41: This simp argument is unused:
  inlX_fstX

Hint: Omit it from the simp argument list.
  [apply] simp only [homotopyCofiber_d, inlX_coneMap_f_assoc, coneMap_f_sndX, add_comp, assoc, comp_add,
    inlX_d_assoc a i (i - 1) (i - 1 - 1) h₁ h₂, neg_comp, inlX_fstX_assoc, inlX_sndX_assoc, zero_comp, add_zero,
    inrX_fstX_assoc, comp_neg, d_sndX b (i + 1) i h₃, inlX_sndX, inrX_d_assoc, inrX_sndX_assoc, comp_zero, neg_zero,
    zero_add, inrX_sndX, comp_id]

Note: This linter can be disabled with `set_option linter.unusedSimpArgs false`
warning: HSFormal/LTheory/Model/LineComplex.lean:77:38: This simp argument is unused:
  inrX_coneMap_f_assoc

Hint: Omit it from the simp argument list.
  [apply] simp only [homotopyCofiber_d, coneMap_f_fstX, add_comp, assoc, comp_add, inrX_d_assoc, inrX_fstX_assoc,
    zero_comp, neg_comp, inrX_sndX_assoc, comp_neg, d_fstX b (i + 1) i (i - 1) h₃ h₁, inrX_fstX, comp_zero, neg_zero,
    zero_add, add_zero]

Note: This linter can be disabled with `set_option linter.unusedSimpArgs false`
warning: HSFormal/LTheory/Model/LineComplex.lean:81:38: This simp argument is unused:
  inrX_coneMap_f_assoc

Hint: Omit it from the simp argument list.
  [apply] simp only [homotopyCofiber_d, coneMap_f_sndX, add_comp, assoc, comp_add, inrX_d_assoc, inrX_fstX_assoc,
    zero_comp, neg_comp, inrX_sndX_assoc, comp_neg, d_sndX b (i + 1) i h₃, inrX_sndX, comp_zero, neg_zero, zero_add,
    add_zero, comp_id, inrX_fstX]

Note: This linter can be disabled with `set_option linter.unusedSimpArgs false`
warning: HSFormal/LTheory/Model/LineComplex.lean:83:85: This simp argument is unused:
  add_zero

Hint: Omit it from the simp argument list.
  [apply] simp only [homotopyCofiber_d, inrX_coneMap_f_assoc, coneMap_f_sndX, add_comp, assoc, comp_add, inrX_d_assoc,
    inrX_fstX_assoc, zero_comp, neg_comp, inrX_sndX_assoc, comp_neg, d_sndX b (i + 1) i h₃, inrX_sndX, comp_zero,
    neg_zero, zero_add, comp_id, inrX_fstX]

Note: This linter can be disabled with `set_option linter.unusedSimpArgs false`
warning: HSFormal/LTheory/Model/LineComplex.lean:84:19: This simp argument is unused:
  inrX_fstX

Hint: Omit it from the simp argument list.
  [apply] simp only [homotopyCofiber_d, inrX_coneMap_f_assoc, coneMap_f_sndX, add_comp, assoc, comp_add, inrX_d_assoc,
    inrX_fstX_assoc, zero_comp, neg_comp, inrX_sndX_assoc, comp_neg, d_sndX b (i + 1) i h₃, inrX_sndX, comp_zero,
    neg_zero, zero_add, add_zero, comp_id]

Note: This linter can be disabled with `set_option linter.unusedSimpArgs false`
warning: HSFormal/LTheory/Model/LineComplex.lean:486:25: This simp argument is unused:
  dualComplex_d

Hint: Omit it from the simp argument list.
  [apply] simp only [comp_add, add_comp, assoc, Linear.comp_units_smul, Linear.units_smul_comp,
    cone.star_fstX_inrX_assoc, cone.star_fstX_inlX_assoc, cone.star_sndX_inrX_assoc, cone.star_sndX_inlX_assoc,
    cone.star_fstX_d_assoc _ _ _ _ h₁ (down_rel_sub M r), cone.star_sndX_d_assoc _ _ _ h₁,
    cone.star_fstX_inlX'_assoc (L.g C) h₁ (down_rel_sub M (r - 1)), neg_comp, zero_comp, comp_zero, smul_zero, zero_add,
    add_zero]

Note: This linter can be disabled with `set_option linter.unusedSimpArgs false`
warning: HSFormal/LTheory/Model/LineComplex.lean:493:54: This simp argument is unused:
  add_comp

Hint: Omit it from the simp argument list.
  [apply] simp only [homotopyCofiber_d, comp_add, assoc, inlX_d_assoc _ r (r - 1) (r - 1 - 1) h h₂, inrX_d_assoc,
    inrX_fstX, inrX_sndX, inlX_fstX, inlX_sndX, inrX_fstX_assoc, inrX_sndX_assoc, inlX_fstX_assoc, inlX_sndX_assoc,
    d_fstX _ _ _ _ h h₂, d_sndX _ _ _ h, Linear.smul_comp, id_comp, comp_id, Linear.comp_smul, Linear.comp_units_smul,
    Linear.units_smul_comp, neg_comp, zero_comp, comp_neg, comp_zero, smul_zero, zero_add, add_zero, smul_neg, neg_zero,
    mapC_dual_d, g_f, B.inv.star_sub, star_s_hom, B.inv.star_id, sub_comp, comp_sub]

Note: This linter can be disabled with `set_option linter.unusedSimpArgs false`
warning: HSFormal/LTheory/Model/LineComplex.lean:493:64: This simp argument is unused:
  assoc

Hint: Omit it from the simp argument list.
  [apply] simp only [homotopyCofiber_d, comp_add, add_comp, inlX_d_assoc _ r (r - 1) (r - 1 - 1) h h₂, inrX_d_assoc,
    inrX_fstX, inrX_sndX, inlX_fstX, inlX_sndX, inrX_fstX_assoc, inrX_sndX_assoc, inlX_fstX_assoc, inlX_sndX_assoc,
    d_fstX _ _ _ _ h h₂, d_sndX _ _ _ h, Linear.smul_comp, id_comp, comp_id, Linear.comp_smul, Linear.comp_units_smul,
    Linear.units_smul_comp, neg_comp, zero_comp, comp_neg, comp_zero, smul_zero, zero_add, add_zero, smul_neg, neg_zero,
    mapC_dual_d, g_f, B.inv.star_sub, star_s_hom, B.inv.star_id, sub_comp, comp_sub]

Note: This linter can be disabled with `set_option linter.unusedSimpArgs false`
warning: HSFormal/LTheory/Model/LineComplex.lean:494:10: This simp argument is unused:
  inlX_d_assoc _ r (r - 1) (r - 1 - 1) h h₂

Hint: Omit it from the simp argument list.
  [apply] simp only [homotopyCofiber_d, comp_add, add_comp, assoc, inrX_d_assoc, inrX_fstX, inrX_sndX, inlX_fstX,
    inlX_sndX, inrX_fstX_assoc, inrX_sndX_assoc, inlX_fstX_assoc, inlX_sndX_assoc, d_fstX _ _ _ _ h h₂, d_sndX _ _ _ h,
    Linear.smul_comp, id_comp, comp_id, Linear.comp_smul, Linear.comp_units_smul, Linear.units_smul_comp, neg_comp,
    zero_comp, comp_neg, comp_zero, smul_zero, zero_add, add_zero, smul_neg, neg_zero, mapC_dual_d, g_f, B.inv.star_sub,
    star_s_hom, B.inv.star_id, sub_comp, comp_sub]

Note: This linter can be disabled with `set_option linter.unusedSimpArgs false`
warning: HSFormal/LTheory/Model/LineComplex.lean:494:53: This simp argument is unused:
  inrX_d_assoc

Hint: Omit it from the simp argument list.
  [apply] simp only [homotopyCofiber_d, comp_add, add_comp, assoc, inlX_d_assoc _ r (r - 1) (r - 1 - 1) h h₂, inrX_fstX,
    inrX_sndX, inlX_fstX, inlX_sndX, inrX_fstX_assoc, inrX_sndX_assoc, inlX_fstX_assoc, inlX_sndX_assoc,
    d_fstX _ _ _ _ h h₂, d_sndX _ _ _ h, Linear.smul_comp, id_comp, comp_id, Linear.comp_smul, Linear.comp_units_smul,
    Linear.units_smul_comp, neg_comp, zero_comp, comp_neg, comp_zero, smul_zero, zero_add, add_zero, smul_neg, neg_zero,
    mapC_dual_d, g_f, B.inv.star_sub, star_s_hom, B.inv.star_id, sub_comp, comp_sub]

Note: This linter can be disabled with `set_option linter.unusedSimpArgs false`
warning: HSFormal/LTheory/Model/LineComplex.lean:497:10: This simp argument is unused:
  id_comp

Hint: Omit it from the simp argument list.
  [apply] simp only [homotopyCofiber_d, comp_add, add_comp, assoc, inlX_d_assoc _ r (r - 1) (r - 1 - 1) h h₂,
    inrX_d_assoc, inrX_fstX, inrX_sndX, inlX_fstX, inlX_sndX, inrX_fstX_assoc, inrX_sndX_assoc, inlX_fstX_assoc,
    inlX_sndX_assoc, d_fstX _ _ _ _ h h₂, d_sndX _ _ _ h, Linear.smul_comp, comp_id, Linear.comp_smul,
    Linear.comp_units_smul, Linear.units_smul_comp, neg_comp, zero_comp, comp_neg, comp_zero, smul_zero, zero_add,
    add_zero, smul_neg, neg_zero, mapC_dual_d, g_f, B.inv.star_sub, star_s_hom, B.inv.star_id, sub_comp, comp_sub]

Note: This linter can be disabled with `set_option linter.unusedSimpArgs false`
warning: HSFormal/LTheory/Model/LineComplex.lean:497:70: This simp argument is unused:
  Linear.units_smul_comp

Hint: Omit it from the simp argument list.
  [apply] simp only [homotopyCofiber_d, comp_add, add_comp, assoc, inlX_d_assoc _ r (r - 1) (r - 1 - 1) h h₂,
    inrX_d_assoc, inrX_fstX, inrX_sndX, inlX_fstX, inlX_sndX, inrX_fstX_assoc, inrX_sndX_assoc, inlX_fstX_assoc,
    inlX_sndX_assoc, d_fstX _ _ _ _ h h₂, d_sndX _ _ _ h, Linear.smul_comp, id_comp, comp_id, Linear.comp_smul,
    Linear.comp_units_smul, neg_comp, zero_comp, comp_neg, comp_zero, smul_zero, zero_add, add_zero, smul_neg, neg_zero,
    mapC_dual_d, g_f, B.inv.star_sub, star_s_hom, B.inv.star_id, sub_comp, comp_sub]

Note: This linter can be disabled with `set_option linter.unusedSimpArgs false`
warning: HSFormal/LTheory/Model/LineComplex.lean:498:10: This simp argument is unused:
  neg_comp

Hint: Omit it from the simp argument list.
  [apply] simp only [homotopyCofiber_d, comp_add, add_comp, assoc, inlX_d_assoc _ r (r - 1) (r - 1 - 1) h h₂,
    inrX_d_assoc, inrX_fstX, inrX_sndX, inlX_fstX, inlX_sndX, inrX_fstX_assoc, inrX_sndX_assoc, inlX_fstX_assoc,
    inlX_sndX_assoc, d_fstX _ _ _ _ h h₂, d_sndX _ _ _ h, Linear.smul_comp, id_comp, comp_id, Linear.comp_smul,
    Linear.comp_units_smul, Linear.units_smul_comp, zero_comp, comp_neg, comp_zero, smul_zero, zero_add, add_zero,
    smul_neg, neg_zero, mapC_dual_d, g_f, B.inv.star_sub, star_s_hom, B.inv.star_id, sub_comp, comp_sub]

Note: This linter can be disabled with `set_option linter.unusedSimpArgs false`
warning: HSFormal/LTheory/Model/LineComplex.lean:499:66: This simp argument is unused:
  B.inv.star_id

Hint: Omit it from the simp argument list.
  [apply] simp only [homotopyCofiber_d, comp_add, add_comp, assoc, inlX_d_assoc _ r (r - 1) (r - 1 - 1) h h₂,
    inrX_d_assoc, inrX_fstX, inrX_sndX, inlX_fstX, inlX_sndX, inrX_fstX_assoc, inrX_sndX_assoc, inlX_fstX_assoc,
    inlX_sndX_assoc, d_fstX _ _ _ _ h h₂, d_sndX _ _ _ h, Linear.smul_comp, id_comp, comp_id, Linear.comp_smul,
    Linear.comp_units_smul, Linear.units_smul_comp, neg_comp, zero_comp, comp_neg, comp_zero, smul_zero, zero_add,
    add_zero, smul_neg, neg_zero, mapC_dual_d, g_f, B.inv.star_sub, star_s_hom, sub_comp, comp_sub]

Note: This linter can be disabled with `set_option linter.unusedSimpArgs false`
warning: HSFormal/LTheory/Model/LineComplex.lean:502:68: This simp argument is unused:
  smul_zero

Hint: Omit it from the simp argument list.
  [apply] simp only [comp_id, id_comp, B.inv.star_id, sub_self, zero_add, add_zero, star_d_XIsoOfEq,
    star_d_XIsoOfEq_assoc, s_hom_XIsoOfEq_assoc, s_inv_XIsoOfEq_assoc, s_hom_star_d_assoc, s_inv_star_d_assoc,
    s_inv_hom, s_hom_inv, s_inv_hom_assoc, s_hom_inv_assoc, s_hom_star_d, s_inv_star_d, s_hom_XIsoOfEq, s_inv_XIsoOfEq,
    XIsoOfEq_comp_star_d, XIsoOfEq_comp_star_d_assoc, negOnePow_sub_one', Units.neg_smul, units_smul_units_smul_self,
    neg_neg, smul_neg, smul_add, smul_sub, neg_add_rev]

Note: This linter can be disabled with `set_option linter.unusedSimpArgs false`
warning: HSFormal/LTheory/Model/LineComplex.lean:502:89: This simp argument is unused:
  add_zero

Hint: Omit it from the simp argument list.
  [apply] simp only [comp_id, id_comp, B.inv.star_id, sub_self, smul_zero, zero_add, star_d_XIsoOfEq,
    star_d_XIsoOfEq_assoc, s_hom_XIsoOfEq_assoc, s_inv_XIsoOfEq_assoc, s_hom_star_d_assoc, s_inv_star_d_assoc,
    s_inv_hom, s_hom_inv, s_inv_hom_assoc, s_hom_inv_assoc, s_hom_star_d, s_inv_star_d, s_hom_XIsoOfEq, s_inv_XIsoOfEq,
    XIsoOfEq_comp_star_d, XIsoOfEq_comp_star_d_assoc, negOnePow_sub_one', Units.neg_smul, units_smul_units_smul_self,
    neg_neg, smul_neg, smul_add, smul_sub, neg_add_rev]

Note: This linter can be disabled with `set_option linter.unusedSimpArgs false`
warning: HSFormal/LTheory/Model/LineComplex.lean:503:46: This simp argument is unused:
  s_hom_XIsoOfEq_assoc

Hint: Omit it from the simp argument list.
  [apply] simp only [comp_id, id_comp, B.inv.star_id, sub_self, smul_zero, zero_add, add_zero, star_d_XIsoOfEq,
    star_d_XIsoOfEq_assoc, s_inv_XIsoOfEq_assoc, s_hom_star_d_assoc, s_inv_star_d_assoc, s_inv_hom, s_hom_inv,
    s_inv_hom_assoc, s_hom_inv_assoc, s_hom_star_d, s_inv_star_d, s_hom_XIsoOfEq, s_inv_XIsoOfEq, XIsoOfEq_comp_star_d,
    XIsoOfEq_comp_star_d_assoc, negOnePow_sub_one', Units.neg_smul, units_smul_units_smul_self, neg_neg, smul_neg,
    smul_add, smul_sub, neg_add_rev]

Note: This linter can be disabled with `set_option linter.unusedSimpArgs false`
warning: HSFormal/LTheory/Model/LineComplex.lean:504:6: This simp argument is unused:
  s_hom_star_d_assoc

Hint: Omit it from the simp argument list.
  [apply] simp only [comp_id, id_comp, B.inv.star_id, sub_self, smul_zero, zero_add, add_zero, star_d_XIsoOfEq,
    star_d_XIsoOfEq_assoc, s_hom_XIsoOfEq_assoc, s_inv_XIsoOfEq_assoc, s_inv_star_d_assoc, s_inv_hom, s_hom_inv,
    s_inv_hom_assoc, s_hom_inv_assoc, s_hom_star_d, s_inv_star_d, s_hom_XIsoOfEq, s_inv_XIsoOfEq, XIsoOfEq_comp_star_d,
    XIsoOfEq_comp_star_d_assoc, negOnePow_sub_one', Units.neg_smul, units_smul_units_smul_self, neg_neg, smul_neg,
    smul_add, smul_sub, neg_add_rev]

Note: This linter can be disabled with `set_option linter.unusedSimpArgs false`
warning: HSFormal/LTheory/Model/LineComplex.lean:504:26: This simp argument is unused:
  s_inv_star_d_assoc

Hint: Omit it from the simp argument list.
  [apply] simp only [comp_id, id_comp, B.inv.star_id, sub_self, smul_zero, zero_add, add_zero, star_d_XIsoOfEq,
    star_d_XIsoOfEq_assoc, s_hom_XIsoOfEq_assoc, s_inv_XIsoOfEq_assoc, s_hom_star_d_assoc, s_inv_hom, s_hom_inv,
    s_inv_hom_assoc, s_hom_inv_assoc, s_hom_star_d, s_inv_star_d, s_hom_XIsoOfEq, s_inv_XIsoOfEq, XIsoOfEq_comp_star_d,
    XIsoOfEq_comp_star_d_assoc, negOnePow_sub_one', Units.neg_smul, units_smul_units_smul_self, neg_neg, smul_neg,
    smul_add, smul_sub, neg_add_rev]

Note: This linter can be disabled with `set_option linter.unusedSimpArgs false`
warning: HSFormal/LTheory/Model/LineComplex.lean:504:57: This simp argument is unused:
  s_hom_inv

Hint: Omit it from the simp argument list.
  [apply] simp only [comp_id, id_comp, B.inv.star_id, sub_self, smul_zero, zero_add, add_zero, star_d_XIsoOfEq,
    star_d_XIsoOfEq_assoc, s_hom_XIsoOfEq_assoc, s_inv_XIsoOfEq_assoc, s_hom_star_d_assoc, s_inv_star_d_assoc,
    s_inv_hom, s_inv_hom_assoc, s_hom_inv_assoc, s_hom_star_d, s_inv_star_d, s_hom_XIsoOfEq, s_inv_XIsoOfEq,
    XIsoOfEq_comp_star_d, XIsoOfEq_comp_star_d_assoc, negOnePow_sub_one', Units.neg_smul, units_smul_units_smul_self,
    neg_neg, smul_neg, smul_add, smul_sub, neg_add_rev]

Note: This linter can be disabled with `set_option linter.unusedSimpArgs false`
warning: HSFormal/LTheory/Model/LineComplex.lean:504:68: This simp argument is unused:
  s_inv_hom_assoc

Hint: Omit it from the simp argument list.
  [apply] simp only [comp_id, id_comp, B.inv.star_id, sub_self, smul_zero, zero_add, add_zero, star_d_XIsoOfEq,
    star_d_XIsoOfEq_assoc, s_hom_XIsoOfEq_assoc, s_inv_XIsoOfEq_assoc, s_hom_star_d_assoc, s_inv_star_d_assoc,
    s_inv_hom, s_hom_inv, s_hom_inv_assoc, s_hom_star_d, s_inv_star_d, s_hom_XIsoOfEq, s_inv_XIsoOfEq,
    XIsoOfEq_comp_star_d, XIsoOfEq_comp_star_d_assoc, negOnePow_sub_one', Units.neg_smul, units_smul_units_smul_self,
    neg_neg, smul_neg, smul_add, smul_sub, neg_add_rev]

Note: This linter can be disabled with `set_option linter.unusedSimpArgs false`
warning: HSFormal/LTheory/Model/LineComplex.lean:505:6: This simp argument is unused:
  s_hom_inv_assoc

Hint: Omit it from the simp argument list.
  [apply] simp only [comp_id, id_comp, B.inv.star_id, sub_self, smul_zero, zero_add, add_zero, star_d_XIsoOfEq,
    star_d_XIsoOfEq_assoc, s_hom_XIsoOfEq_assoc, s_inv_XIsoOfEq_assoc, s_hom_star_d_assoc, s_inv_star_d_assoc,
    s_inv_hom, s_hom_inv, s_inv_hom_assoc, s_hom_star_d, s_inv_star_d, s_hom_XIsoOfEq, s_inv_XIsoOfEq,
    XIsoOfEq_comp_star_d, XIsoOfEq_comp_star_d_assoc, negOnePow_sub_one', Units.neg_smul, units_smul_units_smul_self,
    neg_neg, smul_neg, smul_add, smul_sub, neg_add_rev]

Note: This linter can be disabled with `set_option linter.unusedSimpArgs false`
warning: HSFormal/LTheory/Model/LineComplex.lean:505:51: This simp argument is unused:
  s_hom_XIsoOfEq

Hint: Omit it from the simp argument list.
  [apply] simp only [comp_id, id_comp, B.inv.star_id, sub_self, smul_zero, zero_add, add_zero, star_d_XIsoOfEq,
    star_d_XIsoOfEq_assoc, s_hom_XIsoOfEq_assoc, s_inv_XIsoOfEq_assoc, s_hom_star_d_assoc, s_inv_star_d_assoc,
    s_inv_hom, s_hom_inv, s_inv_hom_assoc, s_hom_inv_assoc, s_hom_star_d, s_inv_star_d, s_inv_XIsoOfEq,
    XIsoOfEq_comp_star_d, XIsoOfEq_comp_star_d_assoc, negOnePow_sub_one', Units.neg_smul, units_smul_units_smul_self,
    neg_neg, smul_neg, smul_add, smul_sub, neg_add_rev]

Note: This linter can be disabled with `set_option linter.unusedSimpArgs false`
warning: HSFormal/LTheory/Model/LineComplex.lean:507:73: This simp argument is unused:
  neg_add_rev

Hint: Omit it from the simp argument list.
  [apply] simp only [comp_id, id_comp, B.inv.star_id, sub_self, smul_zero, zero_add, add_zero, star_d_XIsoOfEq,
    star_d_XIsoOfEq_assoc, s_hom_XIsoOfEq_assoc, s_inv_XIsoOfEq_assoc, s_hom_star_d_assoc, s_inv_star_d_assoc,
    s_inv_hom, s_hom_inv, s_inv_hom_assoc, s_hom_inv_assoc, s_hom_star_d, s_inv_star_d, s_hom_XIsoOfEq, s_inv_XIsoOfEq,
    XIsoOfEq_comp_star_d, XIsoOfEq_comp_star_d_assoc, negOnePow_sub_one', Units.neg_smul, units_smul_units_smul_self,
    neg_neg, smul_neg, smul_add, smul_sub]

Note: This linter can be disabled with `set_option linter.unusedSimpArgs false`
warning: HSFormal/LTheory/Model/LineComplex.lean:525:18: `dif_neg` has been deprecated: Use `dite_eq_right` instead

Hint: Replace the deprecated name:
  d̵i̵f̵_̵n̵e̵g̵d̲i̲t̲e̲_̲e̲q̲_̲r̲i̲g̲h̲t̲
warning: HSFormal/LTheory/Model/LineComplex.lean:533:38: `dif_pos` has been deprecated: Use `dite_eq_left` instead

Hint: Replace the deprecated name:
  d̵i̵f̵_̵p̵o̵s̵d̲i̲t̲e̲_̲e̲q̲_̲l̲e̲f̲t̲
warning: HSFormal/LTheory/Model/LineComplex.lean:533:50: `dif_pos` has been deprecated: Use `dite_eq_left` instead

Hint: Replace the deprecated name:
  d̵i̵f̵_̵p̵o̵s̵d̲i̲t̲e̲_̲e̲q̲_̲l̲e̲f̲t̲
warning: HSFormal/LTheory/Model/LineComplex.lean:536:25: This simp argument is unused:
  dualComplex_d

Hint: Omit it from the simp argument list.
  [apply] simp only [comp_add, add_comp, assoc, Linear.comp_units_smul, Linear.units_smul_comp, Linear.comp_smul,
    Linear.smul_comp, θ_f, cone.star_fstX_inrX_assoc, cone.star_fstX_inlX_assoc, cone.star_sndX_inrX_assoc,
    cone.star_sndX_inlX_assoc, cone.star_fstX_d_assoc _ _ _ _ h₁ (down_rel_sub M r), cone.star_sndX_d_assoc _ _ _ h₁,
    cone.star_fstX_inlX'_assoc (L.g C) h₁ (down_rel_sub M (r - 1)), neg_comp, zero_comp, comp_zero, smul_zero, zero_add,
    add_zero]

Note: This linter can be disabled with `set_option linter.unusedSimpArgs false`
warning: HSFormal/LTheory/Model/LineComplex.lean:544:54: This simp argument is unused:
  add_comp

Hint: Omit it from the simp argument list.
  [apply] simp only [homotopyCofiber_d, comp_add, assoc, inlX_d_assoc _ (r + 1) r (r - 1) h₃ h₀, inrX_d_assoc,
    inrX_fstX, inrX_sndX, inlX_fstX, inlX_sndX, inrX_fstX_assoc, inrX_sndX_assoc, inlX_fstX_assoc, inlX_sndX_assoc,
    d_fstX _ _ _ _ h₃ h₀, d_sndX _ _ _ h₃, Linear.smul_comp, id_comp, comp_id, Linear.comp_smul, Linear.comp_units_smul,
    Linear.units_smul_comp, neg_comp, zero_comp, comp_neg, comp_zero, smul_zero, zero_add, add_zero, smul_neg, neg_zero,
    mapC_dual_d, g_f, B.inv.star_sub, star_s_hom, B.inv.star_id, sub_comp, comp_sub, zero_smul]

Note: This linter can be disabled with `set_option linter.unusedSimpArgs false`
warning: HSFormal/LTheory/Model/LineComplex.lean:544:64: This simp argument is unused:
  assoc

Hint: Omit it from the simp argument list.
  [apply] simp only [homotopyCofiber_d, comp_add, add_comp, inlX_d_assoc _ (r + 1) r (r - 1) h₃ h₀, inrX_d_assoc,
    inrX_fstX, inrX_sndX, inlX_fstX, inlX_sndX, inrX_fstX_assoc, inrX_sndX_assoc, inlX_fstX_assoc, inlX_sndX_assoc,
    d_fstX _ _ _ _ h₃ h₀, d_sndX _ _ _ h₃, Linear.smul_comp, id_comp, comp_id, Linear.comp_smul, Linear.comp_units_smul,
    Linear.units_smul_comp, neg_comp, zero_comp, comp_neg, comp_zero, smul_zero, zero_add, add_zero, smul_neg, neg_zero,
    mapC_dual_d, g_f, B.inv.star_sub, star_s_hom, B.inv.star_id, sub_comp, comp_sub, zero_smul]

Note: This linter can be disabled with `set_option linter.unusedSimpArgs false`
warning: HSFormal/LTheory/Model/LineComplex.lean:545:10: This simp argument is unused:
  inlX_d_assoc _ (r + 1) r (r - 1) h₃ h₀

Hint: Omit it from the simp argument list.
  [apply] simp only [homotopyCofiber_d, comp_add, add_comp, assoc, inrX_d_assoc, inrX_fstX, inrX_sndX, inlX_fstX,
    inlX_sndX, inrX_fstX_assoc, inrX_sndX_assoc, inlX_fstX_assoc, inlX_sndX_assoc, d_fstX _ _ _ _ h₃ h₀,
    d_sndX _ _ _ h₃, Linear.smul_comp, id_comp, comp_id, Linear.comp_smul, Linear.comp_units_smul,
    Linear.units_smul_comp, neg_comp, zero_comp, comp_neg, comp_zero, smul_zero, zero_add, add_zero, smul_neg, neg_zero,
    mapC_dual_d, g_f, B.inv.star_sub, star_s_hom, B.inv.star_id, sub_comp, comp_sub, zero_smul]

Note: This linter can be disabled with `set_option linter.unusedSimpArgs false`
warning: HSFormal/LTheory/Model/LineComplex.lean:545:50: This simp argument is unused:
  inrX_d_assoc

Hint: Omit it from the simp argument list.
  [apply] simp only [homotopyCofiber_d, comp_add, add_comp, assoc, inlX_d_assoc _ (r + 1) r (r - 1) h₃ h₀, inrX_fstX,
    inrX_sndX, inlX_fstX, inlX_sndX, inrX_fstX_assoc, inrX_sndX_assoc, inlX_fstX_assoc, inlX_sndX_assoc,
    d_fstX _ _ _ _ h₃ h₀, d_sndX _ _ _ h₃, Linear.smul_comp, id_comp, comp_id, Linear.comp_smul, Linear.comp_units_smul,
    Linear.units_smul_comp, neg_comp, zero_comp, comp_neg, comp_zero, smul_zero, zero_add, add_zero, smul_neg, neg_zero,
    mapC_dual_d, g_f, B.inv.star_sub, star_s_hom, B.inv.star_id, sub_comp, comp_sub, zero_smul]

Note: This linter can be disabled with `set_option linter.unusedSimpArgs false`
warning: HSFormal/LTheory/Model/LineComplex.lean:546:32: This simp argument is unused:
  inrX_fstX_assoc

Hint: Omit it from the simp argument list.
  [apply] simp only [homotopyCofiber_d, comp_add, add_comp, assoc, inlX_d_assoc _ (r + 1) r (r - 1) h₃ h₀, inrX_d_assoc,
    inrX_fstX, inrX_sndX, inlX_fstX, inlX_sndX, inrX_sndX_assoc, inlX_fstX_assoc, inlX_sndX_assoc, d_fstX _ _ _ _ h₃ h₀,
    d_sndX _ _ _ h₃, Linear.smul_comp, id_comp, comp_id, Linear.comp_smul, Linear.comp_units_smul,
    Linear.units_smul_comp, neg_comp, zero_comp, comp_neg, comp_zero, smul_zero, zero_add, add_zero, smul_neg, neg_zero,
    mapC_dual_d, g_f, B.inv.star_sub, star_s_hom, B.inv.star_id, sub_comp, comp_sub, zero_smul]

Note: This linter can be disabled with `set_option linter.unusedSimpArgs false`
warning: HSFormal/LTheory/Model/LineComplex.lean:546:49: This simp argument is unused:
  inrX_sndX_assoc

Hint: Omit it from the simp argument list.
  [apply] simp only [homotopyCofiber_d, comp_add, add_comp, assoc, inlX_d_assoc _ (r + 1) r (r - 1) h₃ h₀, inrX_d_assoc,
    inrX_fstX, inrX_sndX, inlX_fstX, inlX_sndX, inrX_fstX_assoc, inlX_fstX_assoc, inlX_sndX_assoc, d_fstX _ _ _ _ h₃ h₀,
    d_sndX _ _ _ h₃, Linear.smul_comp, id_comp, comp_id, Linear.comp_smul, Linear.comp_units_smul,
    Linear.units_smul_comp, neg_comp, zero_comp, comp_neg, comp_zero, smul_zero, zero_add, add_zero, smul_neg, neg_zero,
    mapC_dual_d, g_f, B.inv.star_sub, star_s_hom, B.inv.star_id, sub_comp, comp_sub, zero_smul]

Note: This linter can be disabled with `set_option linter.unusedSimpArgs false`
warning: HSFormal/LTheory/Model/LineComplex.lean:547:83: This simp argument is unused:
  Linear.smul_comp

Hint: Omit it from the simp argument list.
  [apply] simp only [homotopyCofiber_d, comp_add, add_comp, assoc, inlX_d_assoc _ (r + 1) r (r - 1) h₃ h₀, inrX_d_assoc,
    inrX_fstX, inrX_sndX, inlX_fstX, inlX_sndX, inrX_fstX_assoc, inrX_sndX_assoc, inlX_fstX_assoc, inlX_sndX_assoc,
    d_fstX _ _ _ _ h₃ h₀, d_sndX _ _ _ h₃, id_comp, comp_id, Linear.comp_smul, Linear.comp_units_smul,
    Linear.units_smul_comp, neg_comp, zero_comp, comp_neg, comp_zero, smul_zero, zero_add, add_zero, smul_neg, neg_zero,
    mapC_dual_d, g_f, B.inv.star_sub, star_s_hom, B.inv.star_id, sub_comp, comp_sub, zero_smul]

Note: This linter can be disabled with `set_option linter.unusedSimpArgs false`
warning: HSFormal/LTheory/Model/LineComplex.lean:548:10: This simp argument is unused:
  id_comp

Hint: Omit it from the simp argument list.
  [apply] simp only [homotopyCofiber_d, comp_add, add_comp, assoc, inlX_d_assoc _ (r + 1) r (r - 1) h₃ h₀, inrX_d_assoc,
    inrX_fstX, inrX_sndX, inlX_fstX, inlX_sndX, inrX_fstX_assoc, inrX_sndX_assoc, inlX_fstX_assoc, inlX_sndX_assoc,
    d_fstX _ _ _ _ h₃ h₀, d_sndX _ _ _ h₃, Linear.smul_comp, comp_id, Linear.comp_smul, Linear.comp_units_smul,
    Linear.units_smul_comp, neg_comp, zero_comp, comp_neg, comp_zero, smul_zero, zero_add, add_zero, smul_neg, neg_zero,
    mapC_dual_d, g_f, B.inv.star_sub, star_s_hom, B.inv.star_id, sub_comp, comp_sub, zero_smul]

Note: This linter can be disabled with `set_option linter.unusedSimpArgs false`
warning: HSFormal/LTheory/Model/LineComplex.lean:548:19: This simp argument is unused:
  comp_id

Hint: Omit it from the simp argument list.
  [apply] simp only [homotopyCofiber_d, comp_add, add_comp, assoc, inlX_d_assoc _ (r + 1) r (r - 1) h₃ h₀, inrX_d_assoc,
    inrX_fstX, inrX_sndX, inlX_fstX, inlX_sndX, inrX_fstX_assoc, inrX_sndX_assoc, inlX_fstX_assoc, inlX_sndX_assoc,
    d_fstX _ _ _ _ h₃ h₀, d_sndX _ _ _ h₃, Linear.smul_comp, id_comp, Linear.comp_smul, Linear.comp_units_smul,
    Linear.units_smul_comp, neg_comp, zero_comp, comp_neg, comp_zero, smul_zero, zero_add, add_zero, smul_neg, neg_zero,
    mapC_dual_d, g_f, B.inv.star_sub, star_s_hom, B.inv.star_id, sub_comp, comp_sub, zero_smul]

Note: This linter can be disabled with `set_option linter.unusedSimpArgs false`
warning: HSFormal/LTheory/Model/LineComplex.lean:548:28: This simp argument is unused:
  Linear.comp_smul

Hint: Omit it from the simp argument list.
  [apply] simp only [homotopyCofiber_d, comp_add, add_comp, assoc, inlX_d_assoc _ (r + 1) r (r - 1) h₃ h₀, inrX_d_assoc,
    inrX_fstX, inrX_sndX, inlX_fstX, inlX_sndX, inrX_fstX_assoc, inrX_sndX_assoc, inlX_fstX_assoc, inlX_sndX_assoc,
    d_fstX _ _ _ _ h₃ h₀, d_sndX _ _ _ h₃, Linear.smul_comp, id_comp, comp_id, Linear.comp_units_smul,
    Linear.units_smul_comp, neg_comp, zero_comp, comp_neg, comp_zero, smul_zero, zero_add, add_zero, smul_neg, neg_zero,
    mapC_dual_d, g_f, B.inv.star_sub, star_s_hom, B.inv.star_id, sub_comp, comp_sub, zero_smul]

Note: This linter can be disabled with `set_option linter.unusedSimpArgs false`
warning: HSFormal/LTheory/Model/LineComplex.lean:548:70: This simp argument is unused:
  Linear.units_smul_comp

Hint: Omit it from the simp argument list.
  [apply] simp only [homotopyCofiber_d, comp_add, add_comp, assoc, inlX_d_assoc _ (r + 1) r (r - 1) h₃ h₀, inrX_d_assoc,
    inrX_fstX, inrX_sndX, inlX_fstX, inlX_sndX, inrX_fstX_assoc, inrX_sndX_assoc, inlX_fstX_assoc, inlX_sndX_assoc,
    d_fstX _ _ _ _ h₃ h₀, d_sndX _ _ _ h₃, Linear.smul_comp, id_comp, comp_id, Linear.comp_smul, Linear.comp_units_smul,
    neg_comp, zero_comp, comp_neg, comp_zero, smul_zero, zero_add, add_zero, smul_neg, neg_zero, mapC_dual_d, g_f,
    B.inv.star_sub, star_s_hom, B.inv.star_id, sub_comp, comp_sub, zero_smul]

Note: This linter can be disabled with `set_option linter.unusedSimpArgs false`
warning: HSFormal/LTheory/Model/LineComplex.lean:549:10: This simp argument is unused:
  neg_comp

Hint: Omit it from the simp argument list.
  [apply] simp only [homotopyCofiber_d, comp_add, add_comp, assoc, inlX_d_assoc _ (r + 1) r (r - 1) h₃ h₀, inrX_d_assoc,
    inrX_fstX, inrX_sndX, inlX_fstX, inlX_sndX, inrX_fstX_assoc, inrX_sndX_assoc, inlX_fstX_assoc, inlX_sndX_assoc,
    d_fstX _ _ _ _ h₃ h₀, d_sndX _ _ _ h₃, Linear.smul_comp, id_comp, comp_id, Linear.comp_smul, Linear.comp_units_smul,
    Linear.units_smul_comp, zero_comp, comp_neg, comp_zero, smul_zero, zero_add, add_zero, smul_neg, neg_zero,
    mapC_dual_d, g_f, B.inv.star_sub, star_s_hom, B.inv.star_id, sub_comp, comp_sub, zero_smul]

Note: This linter can be disabled with `set_option linter.unusedSimpArgs false`
warning: HSFormal/LTheory/Model/LineComplex.lean:550:66: This simp argument is unused:
  B.inv.star_id

Hint: Omit it from the simp argument list.
  [apply] simp only [homotopyCofiber_d, comp_add, add_comp, assoc, inlX_d_assoc _ (r + 1) r (r - 1) h₃ h₀, inrX_d_assoc,
    inrX_fstX, inrX_sndX, inlX_fstX, inlX_sndX, inrX_fstX_assoc, inrX_sndX_assoc, inlX_fstX_assoc, inlX_sndX_assoc,
    d_fstX _ _ _ _ h₃ h₀, d_sndX _ _ _ h₃, Linear.smul_comp, id_comp, comp_id, Linear.comp_smul, Linear.comp_units_smul,
    Linear.units_smul_comp, neg_comp, zero_comp, comp_neg, comp_zero, smul_zero, zero_add, add_zero, smul_neg, neg_zero,
    mapC_dual_d, g_f, B.inv.star_sub, star_s_hom, sub_comp, comp_sub, zero_smul]

Note: This linter can be disabled with `set_option linter.unusedSimpArgs false`
warning: HSFormal/LTheory/Model/LineComplex.lean:553:62: This simp argument is unused:
  sub_self

Hint: Omit it from the simp argument list.
  [apply] simp only [comp_id, id_comp, B.inv.star_id, smul_zero, zero_add, add_zero, star_d_XIsoOfEq,
    star_d_XIsoOfEq_assoc, s_hom_XIsoOfEq_assoc, s_inv_XIsoOfEq_assoc, s_hom_star_d_assoc, s_inv_star_d_assoc,
    s_inv_hom, s_hom_inv, s_inv_hom_assoc, s_hom_inv_assoc, s_hom_star_d, s_inv_star_d, s_hom_XIsoOfEq, s_inv_XIsoOfEq,
    XIsoOfEq_comp_star_d, XIsoOfEq_comp_star_d_assoc, negOnePow_sub_one', Units.neg_smul, units_smul_units_smul_self,
    neg_neg, smul_neg, smul_add, smul_sub, neg_add_rev, add_smul, units_smul_rat_smul]

Note: This linter can be disabled with `set_option linter.unusedSimpArgs false`
warning: HSFormal/LTheory/Model/LineComplex.lean:553:72: This simp argument is unused:
  smul_zero

Hint: Omit it from the simp argument list.
  [apply] simp only [comp_id, id_comp, B.inv.star_id, sub_self, zero_add, add_zero, star_d_XIsoOfEq,
    star_d_XIsoOfEq_assoc, s_hom_XIsoOfEq_assoc, s_inv_XIsoOfEq_assoc, s_hom_star_d_assoc, s_inv_star_d_assoc,
    s_inv_hom, s_hom_inv, s_inv_hom_assoc, s_hom_inv_assoc, s_hom_star_d, s_inv_star_d, s_hom_XIsoOfEq, s_inv_XIsoOfEq,
    XIsoOfEq_comp_star_d, XIsoOfEq_comp_star_d_assoc, negOnePow_sub_one', Units.neg_smul, units_smul_units_smul_self,
    neg_neg, smul_neg, smul_add, smul_sub, neg_add_rev, add_smul, units_smul_rat_smul]

Note: This linter can be disabled with `set_option linter.unusedSimpArgs false`
warning: HSFormal/LTheory/Model/LineComplex.lean:553:83: This simp argument is unused:
  zero_add

Hint: Omit it from the simp argument list.
  [apply] simp only [comp_id, id_comp, B.inv.star_id, sub_self, smul_zero, add_zero, star_d_XIsoOfEq,
    star_d_XIsoOfEq_assoc, s_hom_XIsoOfEq_assoc, s_inv_XIsoOfEq_assoc, s_hom_star_d_assoc, s_inv_star_d_assoc,
    s_inv_hom, s_hom_inv, s_inv_hom_assoc, s_hom_inv_assoc, s_hom_star_d, s_inv_star_d, s_hom_XIsoOfEq, s_inv_XIsoOfEq,
    XIsoOfEq_comp_star_d, XIsoOfEq_comp_star_d_assoc, negOnePow_sub_one', Units.neg_smul, units_smul_units_smul_self,
    neg_neg, smul_neg, smul_add, smul_sub, neg_add_rev, add_smul, units_smul_rat_smul]

Note: This linter can be disabled with `set_option linter.unusedSimpArgs false`
warning: HSFormal/LTheory/Model/LineComplex.lean:553:93: This simp argument is unused:
  add_zero

Hint: Omit it from the simp argument list.
  [apply] simp only [comp_id, id_comp, B.inv.star_id, sub_self, smul_zero, zero_add, star_d_XIsoOfEq,
    star_d_XIsoOfEq_assoc, s_hom_XIsoOfEq_assoc, s_inv_XIsoOfEq_assoc, s_hom_star_d_assoc, s_inv_star_d_assoc,
    s_inv_hom, s_hom_inv, s_inv_hom_assoc, s_hom_inv_assoc, s_hom_star_d, s_inv_star_d, s_hom_XIsoOfEq, s_inv_XIsoOfEq,
    XIsoOfEq_comp_star_d, XIsoOfEq_comp_star_d_assoc, negOnePow_sub_one', Units.neg_smul, units_smul_units_smul_self,
    neg_neg, smul_neg, smul_add, smul_sub, neg_add_rev, add_smul, units_smul_rat_smul]

Note: This linter can be disabled with `set_option linter.unusedSimpArgs false`
warning: HSFormal/LTheory/Model/LineComplex.lean:554:23: This simp argument is unused:
  star_d_XIsoOfEq_assoc

Hint: Omit it from the simp argument list.
  [apply] simp only [comp_id, id_comp, B.inv.star_id, sub_self, smul_zero, zero_add, add_zero, star_d_XIsoOfEq,
    s_hom_XIsoOfEq_assoc, s_inv_XIsoOfEq_assoc, s_hom_star_d_assoc, s_inv_star_d_assoc, s_inv_hom, s_hom_inv,
    s_inv_hom_assoc, s_hom_inv_assoc, s_hom_star_d, s_inv_star_d, s_hom_XIsoOfEq, s_inv_XIsoOfEq, XIsoOfEq_comp_star_d,
    XIsoOfEq_comp_star_d_assoc, negOnePow_sub_one', Units.neg_smul, units_smul_units_smul_self, neg_neg, smul_neg,
    smul_add, smul_sub, neg_add_rev, add_smul, units_smul_rat_smul]

Note: This linter can be disabled with `set_option linter.unusedSimpArgs false`
warning: HSFormal/LTheory/Model/LineComplex.lean:554:46: This simp argument is unused:
  s_hom_XIsoOfEq_assoc

Hint: Omit it from the simp argument list.
  [apply] simp only [comp_id, id_comp, B.inv.star_id, sub_self, smul_zero, zero_add, add_zero, star_d_XIsoOfEq,
    star_d_XIsoOfEq_assoc, s_inv_XIsoOfEq_assoc, s_hom_star_d_assoc, s_inv_star_d_assoc, s_inv_hom, s_hom_inv,
    s_inv_hom_assoc, s_hom_inv_assoc, s_hom_star_d, s_inv_star_d, s_hom_XIsoOfEq, s_inv_XIsoOfEq, XIsoOfEq_comp_star_d,
    XIsoOfEq_comp_star_d_assoc, negOnePow_sub_one', Units.neg_smul, units_smul_units_smul_self, neg_neg, smul_neg,
    smul_add, smul_sub, neg_add_rev, add_smul, units_smul_rat_smul]

Note: This linter can be disabled with `set_option linter.unusedSimpArgs false`
warning: HSFormal/LTheory/Model/LineComplex.lean:554:68: This simp argument is unused:
  s_inv_XIsoOfEq_assoc

Hint: Omit it from the simp argument list.
  [apply] simp only [comp_id, id_comp, B.inv.star_id, sub_self, smul_zero, zero_add, add_zero, star_d_XIsoOfEq,
    star_d_XIsoOfEq_assoc, s_hom_XIsoOfEq_assoc, s_hom_star_d_assoc, s_inv_star_d_assoc, s_inv_hom, s_hom_inv,
    s_inv_hom_assoc, s_hom_inv_assoc, s_hom_star_d, s_inv_star_d, s_hom_XIsoOfEq, s_inv_XIsoOfEq, XIsoOfEq_comp_star_d,
    XIsoOfEq_comp_star_d_assoc, negOnePow_sub_one', Units.neg_smul, units_smul_units_smul_self, neg_neg, smul_neg,
    smul_add, smul_sub, neg_add_rev, add_smul, units_smul_rat_smul]

Note: This linter can be disabled with `set_option linter.unusedSimpArgs false`
warning: HSFormal/LTheory/Model/LineComplex.lean:555:6: This simp argument is unused:
  s_hom_star_d_assoc

Hint: Omit it from the simp argument list.
  [apply] simp only [comp_id, id_comp, B.inv.star_id, sub_self, smul_zero, zero_add, add_zero, star_d_XIsoOfEq,
    star_d_XIsoOfEq_assoc, s_hom_XIsoOfEq_assoc, s_inv_XIsoOfEq_assoc, s_inv_star_d_assoc, s_inv_hom, s_hom_inv,
    s_inv_hom_assoc, s_hom_inv_assoc, s_hom_star_d, s_inv_star_d, s_hom_XIsoOfEq, s_inv_XIsoOfEq, XIsoOfEq_comp_star_d,
    XIsoOfEq_comp_star_d_assoc, negOnePow_sub_one', Units.neg_smul, units_smul_units_smul_self, neg_neg, smul_neg,
    smul_add, smul_sub, neg_add_rev, add_smul, units_smul_rat_smul]

Note: This linter can be disabled with `set_option linter.unusedSimpArgs false`
warning: HSFormal/LTheory/Model/LineComplex.lean:555:26: This simp argument is unused:
  s_inv_star_d_assoc

Hint: Omit it from the simp argument list.
  [apply] simp only [comp_id, id_comp, B.inv.star_id, sub_self, smul_zero, zero_add, add_zero, star_d_XIsoOfEq,
    star_d_XIsoOfEq_assoc, s_hom_XIsoOfEq_assoc, s_inv_XIsoOfEq_assoc, s_hom_star_d_assoc, s_inv_hom, s_hom_inv,
    s_inv_hom_assoc, s_hom_inv_assoc, s_hom_star_d, s_inv_star_d, s_hom_XIsoOfEq, s_inv_XIsoOfEq, XIsoOfEq_comp_star_d,
    XIsoOfEq_comp_star_d_assoc, negOnePow_sub_one', Units.neg_smul, units_smul_units_smul_self, neg_neg, smul_neg,
    smul_add, smul_sub, neg_add_rev, add_smul, units_smul_rat_smul]

Note: This linter can be disabled with `set_option linter.unusedSimpArgs false`
warning: HSFormal/LTheory/Model/LineComplex.lean:555:46: This simp argument is unused:
  s_inv_hom

Hint: Omit it from the simp argument list.
  [apply] simp only [comp_id, id_comp, B.inv.star_id, sub_self, smul_zero, zero_add, add_zero, star_d_XIsoOfEq,
    star_d_XIsoOfEq_assoc, s_hom_XIsoOfEq_assoc, s_inv_XIsoOfEq_assoc, s_hom_star_d_assoc, s_inv_star_d_assoc,
    s_hom_inv, s_inv_hom_assoc, s_hom_inv_assoc, s_hom_star_d, s_inv_star_d, s_hom_XIsoOfEq, s_inv_XIsoOfEq,
    XIsoOfEq_comp_star_d, XIsoOfEq_comp_star_d_assoc, negOnePow_sub_one', Units.neg_smul, units_smul_units_smul_self,
    neg_neg, smul_neg, smul_add, smul_sub, neg_add_rev, add_smul, units_smul_rat_smul]

Note: This linter can be disabled with `set_option linter.unusedSimpArgs false`
warning: HSFormal/LTheory/Model/LineComplex.lean:555:57: This simp argument is unused:
  s_hom_inv

Hint: Omit it from the simp argument list.
  [apply] simp only [comp_id, id_comp, B.inv.star_id, sub_self, smul_zero, zero_add, add_zero, star_d_XIsoOfEq,
    star_d_XIsoOfEq_assoc, s_hom_XIsoOfEq_assoc, s_inv_XIsoOfEq_assoc, s_hom_star_d_assoc, s_inv_star_d_assoc,
    s_inv_hom, s_inv_hom_assoc, s_hom_inv_assoc, s_hom_star_d, s_inv_star_d, s_hom_XIsoOfEq, s_inv_XIsoOfEq,
    XIsoOfEq_comp_star_d, XIsoOfEq_comp_star_d_assoc, negOnePow_sub_one', Units.neg_smul, units_smul_units_smul_self,
    neg_neg, smul_neg, smul_add, smul_sub, neg_add_rev, add_smul, units_smul_rat_smul]

Note: This linter can be disabled with `set_option linter.unusedSimpArgs false`
warning: HSFormal/LTheory/Model/LineComplex.lean:555:68: This simp argument is unused:
  s_inv_hom_assoc

Hint: Omit it from the simp argument list.
  [apply] simp only [comp_id, id_comp, B.inv.star_id, sub_self, smul_zero, zero_add, add_zero, star_d_XIsoOfEq,
    star_d_XIsoOfEq_assoc, s_hom_XIsoOfEq_assoc, s_inv_XIsoOfEq_assoc, s_hom_star_d_assoc, s_inv_star_d_assoc,
    s_inv_hom, s_hom_inv, s_hom_inv_assoc, s_hom_star_d, s_inv_star_d, s_hom_XIsoOfEq, s_inv_XIsoOfEq,
    XIsoOfEq_comp_star_d, XIsoOfEq_comp_star_d_assoc, negOnePow_sub_one', Units.neg_smul, units_smul_units_smul_self,
    neg_neg, smul_neg, smul_add, smul_sub, neg_add_rev, add_smul, units_smul_rat_smul]

Note: This linter can be disabled with `set_option linter.unusedSimpArgs false`
warning: HSFormal/LTheory/Model/LineComplex.lean:556:6: This simp argument is unused:
  s_hom_inv_assoc

Hint: Omit it from the simp argument list.
  [apply] simp only [comp_id, id_comp, B.inv.star_id, sub_self, smul_zero, zero_add, add_zero, star_d_XIsoOfEq,
    star_d_XIsoOfEq_assoc, s_hom_XIsoOfEq_assoc, s_inv_XIsoOfEq_assoc, s_hom_star_d_assoc, s_inv_star_d_assoc,
    s_inv_hom, s_hom_inv, s_inv_hom_assoc, s_hom_star_d, s_inv_star_d, s_hom_XIsoOfEq, s_inv_XIsoOfEq,
    XIsoOfEq_comp_star_d, XIsoOfEq_comp_star_d_assoc, negOnePow_sub_one', Units.neg_smul, units_smul_units_smul_self,
    neg_neg, smul_neg, smul_add, smul_sub, neg_add_rev, add_smul, units_smul_rat_smul]

Note: This linter can be disabled with `set_option linter.unusedSimpArgs false`
warning: HSFormal/LTheory/Model/LineComplex.lean:556:23: This simp argument is unused:
  s_hom_star_d

Hint: Omit it from the simp argument list.
  [apply] simp only [comp_id, id_comp, B.inv.star_id, sub_self, smul_zero, zero_add, add_zero, star_d_XIsoOfEq,
    star_d_XIsoOfEq_assoc, s_hom_XIsoOfEq_assoc, s_inv_XIsoOfEq_assoc, s_hom_star_d_assoc, s_inv_star_d_assoc,
    s_inv_hom, s_hom_inv, s_inv_hom_assoc, s_hom_inv_assoc, s_inv_star_d, s_hom_XIsoOfEq, s_inv_XIsoOfEq,
    XIsoOfEq_comp_star_d, XIsoOfEq_comp_star_d_assoc, negOnePow_sub_one', Units.neg_smul, units_smul_units_smul_self,
    neg_neg, smul_neg, smul_add, smul_sub, neg_add_rev, add_smul, units_smul_rat_smul]

Note: This linter can be disabled with `set_option linter.unusedSimpArgs false`
warning: HSFormal/LTheory/Model/LineComplex.lean:556:37: This simp argument is unused:
  s_inv_star_d

Hint: Omit it from the simp argument list.
  [apply] simp only [comp_id, id_comp, B.inv.star_id, sub_self, smul_zero, zero_add, add_zero, star_d_XIsoOfEq,
    star_d_XIsoOfEq_assoc, s_hom_XIsoOfEq_assoc, s_inv_XIsoOfEq_assoc, s_hom_star_d_assoc, s_inv_star_d_assoc,
    s_inv_hom, s_hom_inv, s_inv_hom_assoc, s_hom_inv_assoc, s_hom_star_d, s_hom_XIsoOfEq, s_inv_XIsoOfEq,
    XIsoOfEq_comp_star_d, XIsoOfEq_comp_star_d_assoc, negOnePow_sub_one', Units.neg_smul, units_smul_units_smul_self,
    neg_neg, smul_neg, smul_add, smul_sub, neg_add_rev, add_smul, units_smul_rat_smul]

Note: This linter can be disabled with `set_option linter.unusedSimpArgs false`
warning: HSFormal/LTheory/Model/LineComplex.lean:556:51: This simp argument is unused:
  s_hom_XIsoOfEq

Hint: Omit it from the simp argument list.
  [apply] simp only [comp_id, id_comp, B.inv.star_id, sub_self, smul_zero, zero_add, add_zero, star_d_XIsoOfEq,
    star_d_XIsoOfEq_assoc, s_hom_XIsoOfEq_assoc, s_inv_XIsoOfEq_assoc, s_hom_star_d_assoc, s_inv_star_d_assoc,
    s_inv_hom, s_hom_inv, s_inv_hom_assoc, s_hom_inv_assoc, s_hom_star_d, s_inv_star_d, s_inv_XIsoOfEq,
    XIsoOfEq_comp_star_d, XIsoOfEq_comp_star_d_assoc, negOnePow_sub_one', Units.neg_smul, units_smul_units_smul_self,
    neg_neg, smul_neg, smul_add, smul_sub, neg_add_rev, add_smul, units_smul_rat_smul]

Note: This linter can be disabled with `set_option linter.unusedSimpArgs false`
warning: HSFormal/LTheory/Model/LineComplex.lean:557:6: This simp argument is unused:
  XIsoOfEq_comp_star_d

Hint: Omit it from the simp argument list.
  [apply] simp only [comp_id, id_comp, B.inv.star_id, sub_self, smul_zero, zero_add, add_zero, star_d_XIsoOfEq,
    star_d_XIsoOfEq_assoc, s_hom_XIsoOfEq_assoc, s_inv_XIsoOfEq_assoc, s_hom_star_d_assoc, s_inv_star_d_assoc,
    s_inv_hom, s_hom_inv, s_inv_hom_assoc, s_hom_inv_assoc, s_hom_star_d, s_inv_star_d, s_hom_XIsoOfEq, s_inv_XIsoOfEq,
    XIsoOfEq_comp_star_d_assoc, negOnePow_sub_one', Units.neg_smul, units_smul_units_smul_self, neg_neg, smul_neg,
    smul_add, smul_sub, neg_add_rev, add_smul, units_smul_rat_smul]

Note: This linter can be disabled with `set_option linter.unusedSimpArgs false`
warning: HSFormal/LTheory/Model/LineComplex.lean:557:28: This simp argument is unused:
  XIsoOfEq_comp_star_d_assoc

Hint: Omit it from the simp argument list.
  [apply] simp only [comp_id, id_comp, B.inv.star_id, sub_self, smul_zero, zero_add, add_zero, star_d_XIsoOfEq,
    star_d_XIsoOfEq_assoc, s_hom_XIsoOfEq_assoc, s_inv_XIsoOfEq_assoc, s_hom_star_d_assoc, s_inv_star_d_assoc,
    s_inv_hom, s_hom_inv, s_inv_hom_assoc, s_hom_inv_assoc, s_hom_star_d, s_inv_star_d, s_hom_XIsoOfEq, s_inv_XIsoOfEq,
    XIsoOfEq_comp_star_d, negOnePow_sub_one', Units.neg_smul, units_smul_units_smul_self, neg_neg, smul_neg, smul_add,
    smul_sub, neg_add_rev, add_smul, units_smul_rat_smul]

Note: This linter can be disabled with `set_option linter.unusedSimpArgs false`
warning: HSFormal/LTheory/Model/LineComplex.lean:558:73: This simp argument is unused:
  neg_add_rev

Hint: Omit it from the simp argument list.
  [apply] simp only [comp_id, id_comp, B.inv.star_id, sub_self, smul_zero, zero_add, add_zero, star_d_XIsoOfEq,
    star_d_XIsoOfEq_assoc, s_hom_XIsoOfEq_assoc, s_inv_XIsoOfEq_assoc, s_hom_star_d_assoc, s_inv_star_d_assoc,
    s_inv_hom, s_hom_inv, s_inv_hom_assoc, s_hom_inv_assoc, s_hom_star_d, s_inv_star_d, s_hom_XIsoOfEq, s_inv_XIsoOfEq,
    XIsoOfEq_comp_star_d, XIsoOfEq_comp_star_d_assoc, negOnePow_sub_one', Units.neg_smul, units_smul_units_smul_self,
    neg_neg, smul_neg, smul_add, smul_sub, add_smul, units_smul_rat_smul]

Note: This linter can be disabled with `set_option linter.unusedSimpArgs false`
warning: HSFormal/LTheory/Model/LineComplex.lean:669:63: This simp argument is unused:
  Linear.comp_smul

Hint: Omit it from the simp argument list.
  [apply] simp only [comp_f, dualHom_f, θ_f, bidual_hom_f, B.inv.star_add, B.inv.star_comp, B.inv.star_units_smul,
    B.inv.star_star, star_rat_smul, Linear.units_smul_comp, Linear.comp_units_smul, assoc, add_comp, Linear.smul_comp]

Note: This linter can be disabled with `set_option linter.unusedSimpArgs false`
warning: HSFormal/LTheory/Model/LineComplex.lean:671:4: This simp argument is unused:
  Functor.map_units_smul

Hint: Omit it from the simp argument list.
  [apply] simp (disch := down_rel) only [inrX_eqToHom'_assoc, inlX_eqToHom'_assoc, map_eqToHom_X, mapC_dual_XIsoOfEq]

Note: This linter can be disabled with `set_option linter.unusedSimpArgs false`
warning: HSFormal/LTheory/Model/LineComplex.lean:671:28: This simp argument is unused:
  map_eqToHom_X

Hint: Omit it from the simp argument list.
  [apply] simp (disch := down_rel) only [inrX_eqToHom'_assoc, inlX_eqToHom'_assoc, Functor.map_units_smul,
    mapC_dual_XIsoOfEq]

Note: This linter can be disabled with `set_option linter.unusedSimpArgs false`
warning: HSFormal/LTheory/Model/LineComplex.lean:773:22: This simp argument is unused:
  SymPoincare.sum_p

Hint: Omit it from the simp argument list.
  [apply] simp only [sym_p, add_comp, comp_add, assoc, sumInl_sumFst_assoc, sumInl_sumSnd_assoc, sumInr_sumFst_assoc,
    sumInr_sumSnd_assoc, zero_comp, comp_zero, add_zero, zero_add, ← map_comp_assoc, ← map_comp, P.p_idem, Q.p_idem,
    sumInl_sumFst, sumInl_sumSnd, sumInr_sumFst, sumInr_sumSnd, comp_id, map_zero, P.p_idem_assoc, Q.p_idem_assoc]

Note: This linter can be disabled with `set_option linter.unusedSimpArgs false`
warning: HSFormal/LTheory/Model/LineComplex.lean:775:44: This simp argument is unused:
  ← map_comp

Hint: Omit it from the simp argument list.
  [apply] simp only [sym_p, SymPoincare.sum_p, add_comp, comp_add, assoc, sumInl_sumFst_assoc, sumInl_sumSnd_assoc,
    sumInr_sumFst_assoc, sumInr_sumSnd_assoc, zero_comp, comp_zero, add_zero, zero_add, ← map_comp_assoc, P.p_idem,
    Q.p_idem, sumInl_sumFst, sumInl_sumSnd, sumInr_sumFst, sumInr_sumSnd, comp_id, map_zero, P.p_idem_assoc,
    Q.p_idem_assoc]

Note: Simp arguments with `←` have the additional effect of removing the other direction from the simp set, even if the simp argument itself is unused. If the hint above does not work, try replacing `←` with `-` to only get that effect and silence this warning.

Note: This linter can be disabled with `set_option linter.unusedSimpArgs false`
warning: HSFormal/LTheory/Model/LineComplex.lean:775:76: This simp argument is unused:
  sumInl_sumFst

Hint: Omit it from the simp argument list.
  [apply] simp only [sym_p, SymPoincare.sum_p, add_comp, comp_add, assoc, sumInl_sumFst_assoc, sumInl_sumSnd_assoc,
    sumInr_sumFst_assoc, sumInr_sumSnd_assoc, zero_comp, comp_zero, add_zero, zero_add, ← map_comp_assoc, ← map_comp,
    P.p_idem, Q.p_idem, sumInl_sumSnd, sumInr_sumFst, sumInr_sumSnd, comp_id, map_zero, P.p_idem_assoc, Q.p_idem_assoc]

Note: This linter can be disabled with `set_option linter.unusedSimpArgs false`
warning: HSFormal/LTheory/Model/LineComplex.lean:776:6: This simp argument is unused:
  sumInl_sumSnd

Hint: Omit it from the simp argument list.
  [apply] simp only [sym_p, SymPoincare.sum_p, add_comp, comp_add, assoc, sumInl_sumFst_assoc, sumInl_sumSnd_assoc,
    sumInr_sumFst_assoc, sumInr_sumSnd_assoc, zero_comp, comp_zero, add_zero, zero_add, ← map_comp_assoc, ← map_comp,
    P.p_idem, Q.p_idem, sumInl_sumFst, sumInr_sumFst, sumInr_sumSnd, comp_id, map_zero, P.p_idem_assoc, Q.p_idem_assoc]

Note: This linter can be disabled with `set_option linter.unusedSimpArgs false`
warning: HSFormal/LTheory/Model/LineComplex.lean:776:21: This simp argument is unused:
  sumInr_sumFst

Hint: Omit it from the simp argument list.
  [apply] simp only [sym_p, SymPoincare.sum_p, add_comp, comp_add, assoc, sumInl_sumFst_assoc, sumInl_sumSnd_assoc,
    sumInr_sumFst_assoc, sumInr_sumSnd_assoc, zero_comp, comp_zero, add_zero, zero_add, ← map_comp_assoc, ← map_comp,
    P.p_idem, Q.p_idem, sumInl_sumFst, sumInl_sumSnd, sumInr_sumSnd, comp_id, map_zero, P.p_idem_assoc, Q.p_idem_assoc]

Note: This linter can be disabled with `set_option linter.unusedSimpArgs false`
warning: HSFormal/LTheory/Model/LineComplex.lean:776:36: This simp argument is unused:
  sumInr_sumSnd

Hint: Omit it from the simp argument list.
  [apply] simp only [sym_p, SymPoincare.sum_p, add_comp, comp_add, assoc, sumInl_sumFst_assoc, sumInl_sumSnd_assoc,
    sumInr_sumFst_assoc, sumInr_sumSnd_assoc, zero_comp, comp_zero, add_zero, zero_add, ← map_comp_assoc, ← map_comp,
    P.p_idem, Q.p_idem, sumInl_sumFst, sumInl_sumSnd, sumInr_sumFst, comp_id, map_zero, P.p_idem_assoc, Q.p_idem_assoc]

Note: This linter can be disabled with `set_option linter.unusedSimpArgs false`
warning: HSFormal/LTheory/Model/LineComplex.lean:776:51: This simp argument is unused:
  comp_id

Hint: Omit it from the simp argument list.
  [apply] simp only [sym_p, SymPoincare.sum_p, add_comp, comp_add, assoc, sumInl_sumFst_assoc, sumInl_sumSnd_assoc,
    sumInr_sumFst_assoc, sumInr_sumSnd_assoc, zero_comp, comp_zero, add_zero, zero_add, ← map_comp_assoc, ← map_comp,
    P.p_idem, Q.p_idem, sumInl_sumFst, sumInl_sumSnd, sumInr_sumFst, sumInr_sumSnd, map_zero, P.p_idem_assoc,
    Q.p_idem_assoc]

Note: This linter can be disabled with `set_option linter.unusedSimpArgs false`
warning: HSFormal/LTheory/Model/LineComplex.lean:776:60: This simp argument is unused:
  map_zero

Hint: Omit it from the simp argument list.
  [apply] simp only [sym_p, SymPoincare.sum_p, add_comp, comp_add, assoc, sumInl_sumFst_assoc, sumInl_sumSnd_assoc,
    sumInr_sumFst_assoc, sumInr_sumSnd_assoc, zero_comp, comp_zero, add_zero, zero_add, ← map_comp_assoc, ← map_comp,
    P.p_idem, Q.p_idem, sumInl_sumFst, sumInl_sumSnd, sumInr_sumFst, sumInr_sumSnd, comp_id, P.p_idem_assoc,
    Q.p_idem_assoc]

Note: This linter can be disabled with `set_option linter.unusedSimpArgs false`
warning: HSFormal/LTheory/Model/LineComplex.lean:776:70: This simp argument is unused:
  P.p_idem_assoc

Hint: Omit it from the simp argument list.
  [apply] simp only [sym_p, SymPoincare.sum_p, add_comp, comp_add, assoc, sumInl_sumFst_assoc, sumInl_sumSnd_assoc,
    sumInr_sumFst_assoc, sumInr_sumSnd_assoc, zero_comp, comp_zero, add_zero, zero_add, ← map_comp_assoc, ← map_comp,
    P.p_idem, Q.p_idem, sumInl_sumFst, sumInl_sumSnd, sumInr_sumFst, sumInr_sumSnd, comp_id, map_zero, Q.p_idem_assoc]

Note: This linter can be disabled with `set_option linter.unusedSimpArgs false`
warning: HSFormal/LTheory/Model/LineComplex.lean:777:6: This simp argument is unused:
  Q.p_idem_assoc

Hint: Omit it from the simp argument list.
  [apply] simp only [sym_p, SymPoincare.sum_p, add_comp, comp_add, assoc, sumInl_sumFst_assoc, sumInl_sumSnd_assoc,
    sumInr_sumFst_assoc, sumInr_sumSnd_assoc, zero_comp, comp_zero, add_zero, zero_add, ← map_comp_assoc, ← map_comp,
    P.p_idem, Q.p_idem, sumInl_sumFst, sumInl_sumSnd, sumInr_sumFst, sumInr_sumSnd, comp_id, map_zero, P.p_idem_assoc]

Note: This linter can be disabled with `set_option linter.unusedSimpArgs false`
warning: HSFormal/LTheory/Model/LineComplex.lean:778:22: This simp argument is unused:
  SymPoincare.sum_p

Hint: Omit it from the simp argument list.
  [apply] simp only [sym_p, add_comp, comp_add, assoc, sumInl_sumFst_assoc, sumInl_sumSnd_assoc, sumInr_sumFst_assoc,
    sumInr_sumSnd_assoc, zero_comp, comp_zero, add_zero, zero_add, ← map_comp_assoc, ← map_comp, P.p_idem, Q.p_idem,
    sumInl_sumFst, sumInl_sumSnd, sumInr_sumFst, sumInr_sumSnd, comp_id, map_zero, P.p_idem_assoc, Q.p_idem_assoc,
    id_comp]

Note: This linter can be disabled with `set_option linter.unusedSimpArgs false`
warning: HSFormal/LTheory/Model/LineComplex.lean:780:26: This simp argument is unused:
  ← map_comp_assoc

Hint: Omit it from the simp argument list.
  [apply] simp only [sym_p, SymPoincare.sum_p, add_comp, comp_add, assoc, sumInl_sumFst_assoc, sumInl_sumSnd_assoc,
    sumInr_sumFst_assoc, sumInr_sumSnd_assoc, zero_comp, comp_zero, add_zero, zero_add, ← map_comp, P.p_idem, Q.p_idem,
    sumInl_sumFst, sumInl_sumSnd, sumInr_sumFst, sumInr_sumSnd, comp_id, map_zero, P.p_idem_assoc, Q.p_idem_assoc,
    id_comp]

Note: Simp arguments with `←` have the additional effect of removing the other direction from the simp set, even if the simp argument itself is unused. If the hint above does not work, try replacing `←` with `-` to only get that effect and silence this warning.

Note: This linter can be disabled with `set_option linter.unusedSimpArgs false`
warning: HSFormal/LTheory/Model/LineComplex.lean:780:56: This simp argument is unused:
  P.p_idem

Hint: Omit it from the simp argument list.
  [apply] simp only [sym_p, SymPoincare.sum_p, add_comp, comp_add, assoc, sumInl_sumFst_assoc, sumInl_sumSnd_assoc,
    sumInr_sumFst_assoc, sumInr_sumSnd_assoc, zero_comp, comp_zero, add_zero, zero_add, ← map_comp_assoc, ← map_comp,
    Q.p_idem, sumInl_sumFst, sumInl_sumSnd, sumInr_sumFst, sumInr_sumSnd, comp_id, map_zero, P.p_idem_assoc,
    Q.p_idem_assoc, id_comp]

Note: This linter can be disabled with `set_option linter.unusedSimpArgs false`
warning: HSFormal/LTheory/Model/LineComplex.lean:780:66: This simp argument is unused:
  Q.p_idem

Hint: Omit it from the simp argument list.
  [apply] simp only [sym_p, SymPoincare.sum_p, add_comp, comp_add, assoc, sumInl_sumFst_assoc, sumInl_sumSnd_assoc,
    sumInr_sumFst_assoc, sumInr_sumSnd_assoc, zero_comp, comp_zero, add_zero, zero_add, ← map_comp_assoc, ← map_comp,
    P.p_idem, sumInl_sumFst, sumInl_sumSnd, sumInr_sumFst, sumInr_sumSnd, comp_id, map_zero, P.p_idem_assoc,
    Q.p_idem_assoc, id_comp]

Note: This linter can be disabled with `set_option linter.unusedSimpArgs false`
warning: HSFormal/LTheory/Model/LineComplex.lean:780:76: This simp argument is unused:
  sumInl_sumFst

Hint: Omit it from the simp argument list.
  [apply] simp only [sym_p, SymPoincare.sum_p, add_comp, comp_add, assoc, sumInl_sumFst_assoc, sumInl_sumSnd_assoc,
    sumInr_sumFst_assoc, sumInr_sumSnd_assoc, zero_comp, comp_zero, add_zero, zero_add, ← map_comp_assoc, ← map_comp,
    P.p_idem, Q.p_idem, sumInl_sumSnd, sumInr_sumFst, sumInr_sumSnd, comp_id, map_zero, P.p_idem_assoc, Q.p_idem_assoc,
    id_comp]

Note: This linter can be disabled with `set_option linter.unusedSimpArgs false`
warning: HSFormal/LTheory/Model/LineComplex.lean:781:6: This simp argument is unused:
  sumInl_sumSnd

Hint: Omit it from the simp argument list.
  [apply] simp only [sym_p, SymPoincare.sum_p, add_comp, comp_add, assoc, sumInl_sumFst_assoc, sumInl_sumSnd_assoc,
    sumInr_sumFst_assoc, sumInr_sumSnd_assoc, zero_comp, comp_zero, add_zero, zero_add, ← map_comp_assoc, ← map_comp,
    P.p_idem, Q.p_idem, sumInl_sumFst, sumInr_sumFst, sumInr_sumSnd, comp_id, map_zero, P.p_idem_assoc, Q.p_idem_assoc,
    id_comp]

Note: This linter can be disabled with `set_option linter.unusedSimpArgs false`
warning: HSFormal/LTheory/Model/LineComplex.lean:781:21: This simp argument is unused:
  sumInr_sumFst

Hint: Omit it from the simp argument list.
  [apply] simp only [sym_p, SymPoincare.sum_p, add_comp, comp_add, assoc, sumInl_sumFst_assoc, sumInl_sumSnd_assoc,
    sumInr_sumFst_assoc, sumInr_sumSnd_assoc, zero_comp, comp_zero, add_zero, zero_add, ← map_comp_assoc, ← map_comp,
    P.p_idem, Q.p_idem, sumInl_sumFst, sumInl_sumSnd, sumInr_sumSnd, comp_id, map_zero, P.p_idem_assoc, Q.p_idem_assoc,
    id_comp]

Note: This linter can be disabled with `set_option linter.unusedSimpArgs false`
warning: HSFormal/LTheory/Model/LineComplex.lean:781:36: This simp argument is unused:
  sumInr_sumSnd

Hint: Omit it from the simp argument list.
  [apply] simp only [sym_p, SymPoincare.sum_p, add_comp, comp_add, assoc, sumInl_sumFst_assoc, sumInl_sumSnd_assoc,
    sumInr_sumFst_assoc, sumInr_sumSnd_assoc, zero_comp, comp_zero, add_zero, zero_add, ← map_comp_assoc, ← map_comp,
    P.p_idem, Q.p_idem, sumInl_sumFst, sumInl_sumSnd, sumInr_sumFst, comp_id, map_zero, P.p_idem_assoc, Q.p_idem_assoc,
    id_comp]

Note: This linter can be disabled with `set_option linter.unusedSimpArgs false`
warning: HSFormal/LTheory/Model/LineComplex.lean:781:51: This simp argument is unused:
  comp_id

Hint: Omit it from the simp argument list.
  [apply] simp only [sym_p, SymPoincare.sum_p, add_comp, comp_add, assoc, sumInl_sumFst_assoc, sumInl_sumSnd_assoc,
    sumInr_sumFst_assoc, sumInr_sumSnd_assoc, zero_comp, comp_zero, add_zero, zero_add, ← map_comp_assoc, ← map_comp,
    P.p_idem, Q.p_idem, sumInl_sumFst, sumInl_sumSnd, sumInr_sumFst, sumInr_sumSnd, map_zero, P.p_idem_assoc,
    Q.p_idem_assoc, id_comp]

Note: This linter can be disabled with `set_option linter.unusedSimpArgs false`
warning: HSFormal/LTheory/Model/LineComplex.lean:781:60: This simp argument is unused:
  map_zero

Hint: Omit it from the simp argument list.
  [apply] simp only [sym_p, SymPoincare.sum_p, add_comp, comp_add, assoc, sumInl_sumFst_assoc, sumInl_sumSnd_assoc,
    sumInr_sumFst_assoc, sumInr_sumSnd_assoc, zero_comp, comp_zero, add_zero, zero_add, ← map_comp_assoc, ← map_comp,
    P.p_idem, Q.p_idem, sumInl_sumFst, sumInl_sumSnd, sumInr_sumFst, sumInr_sumSnd, comp_id, P.p_idem_assoc,
    Q.p_idem_assoc, id_comp]

Note: This linter can be disabled with `set_option linter.unusedSimpArgs false`
warning: HSFormal/LTheory/Model/LineComplex.lean:782:22: This simp argument is unused:
  id_comp

Hint: Omit it from the simp argument list.
  [apply] simp only [sym_p, SymPoincare.sum_p, add_comp, comp_add, assoc, sumInl_sumFst_assoc, sumInl_sumSnd_assoc,
    sumInr_sumFst_assoc, sumInr_sumSnd_assoc, zero_comp, comp_zero, add_zero, zero_add, ← map_comp_assoc, ← map_comp,
    P.p_idem, Q.p_idem, sumInl_sumFst, sumInl_sumSnd, sumInr_sumFst, sumInr_sumSnd, comp_id, map_zero, P.p_idem_assoc,
    Q.p_idem_assoc]

Note: This linter can be disabled with `set_option linter.unusedSimpArgs false`
warning: HSFormal/LTheory/Model/LineComplex.lean:783:22: This simp argument is unused:
  SymPoincare.sum_p

Hint: Omit it from the simp argument list.
  [apply] simp only [sym_p, add_comp, comp_add, assoc, sumInl_sumFst_assoc, sumInl_sumSnd_assoc, sumInr_sumFst_assoc,
    sumInr_sumSnd_assoc, zero_comp, comp_zero, add_zero, zero_add, ← map_comp_assoc, ← map_comp, P.p_idem, Q.p_idem,
    sumInl_sumFst, sumInl_sumSnd, sumInr_sumFst, sumInr_sumSnd, comp_id, map_zero, P.p_idem_assoc, Q.p_idem_assoc,
    map_add]

Note: This linter can be disabled with `set_option linter.unusedSimpArgs false`
warning: HSFormal/LTheory/Model/LineComplex.lean:785:26: This simp argument is unused:
  ← map_comp_assoc

Hint: Omit it from the simp argument list.
  [apply] simp only [sym_p, SymPoincare.sum_p, add_comp, comp_add, assoc, sumInl_sumFst_assoc, sumInl_sumSnd_assoc,
    sumInr_sumFst_assoc, sumInr_sumSnd_assoc, zero_comp, comp_zero, add_zero, zero_add, ← map_comp, P.p_idem, Q.p_idem,
    sumInl_sumFst, sumInl_sumSnd, sumInr_sumFst, sumInr_sumSnd, comp_id, map_zero, P.p_idem_assoc, Q.p_idem_assoc,
    map_add]

Note: Simp arguments with `←` have the additional effect of removing the other direction from the simp set, even if the simp argument itself is unused. If the hint above does not work, try replacing `←` with `-` to only get that effect and silence this warning.

Note: This linter can be disabled with `set_option linter.unusedSimpArgs false`
warning: HSFormal/LTheory/Model/LineComplex.lean:785:56: This simp argument is unused:
  P.p_idem

Hint: Omit it from the simp argument list.
  [apply] simp only [sym_p, SymPoincare.sum_p, add_comp, comp_add, assoc, sumInl_sumFst_assoc, sumInl_sumSnd_assoc,
    sumInr_sumFst_assoc, sumInr_sumSnd_assoc, zero_comp, comp_zero, add_zero, zero_add, ← map_comp_assoc, ← map_comp,
    Q.p_idem, sumInl_sumFst, sumInl_sumSnd, sumInr_sumFst, sumInr_sumSnd, comp_id, map_zero, P.p_idem_assoc,
    Q.p_idem_assoc, map_add]

Note: This linter can be disabled with `set_option linter.unusedSimpArgs false`
warning: HSFormal/LTheory/Model/LineComplex.lean:785:66: This simp argument is unused:
  Q.p_idem

Hint: Omit it from the simp argument list.
  [apply] simp only [sym_p, SymPoincare.sum_p, add_comp, comp_add, assoc, sumInl_sumFst_assoc, sumInl_sumSnd_assoc,
    sumInr_sumFst_assoc, sumInr_sumSnd_assoc, zero_comp, comp_zero, add_zero, zero_add, ← map_comp_assoc, ← map_comp,
    P.p_idem, sumInl_sumFst, sumInl_sumSnd, sumInr_sumFst, sumInr_sumSnd, comp_id, map_zero, P.p_idem_assoc,
    Q.p_idem_assoc, map_add]

Note: This linter can be disabled with `set_option linter.unusedSimpArgs false`
warning: HSFormal/LTheory/Model/LineComplex.lean:785:76: This simp argument is unused:
  sumInl_sumFst

Hint: Omit it from the simp argument list.
  [apply] simp only [sym_p, SymPoincare.sum_p, add_comp, comp_add, assoc, sumInl_sumFst_assoc, sumInl_sumSnd_assoc,
    sumInr_sumFst_assoc, sumInr_sumSnd_assoc, zero_comp, comp_zero, add_zero, zero_add, ← map_comp_assoc, ← map_comp,
    P.p_idem, Q.p_idem, sumInl_sumSnd, sumInr_sumFst, sumInr_sumSnd, comp_id, map_zero, P.p_idem_assoc, Q.p_idem_assoc,
    map_add]

Note: This linter can be disabled with `set_option linter.unusedSimpArgs false`
warning: HSFormal/LTheory/Model/LineComplex.lean:786:6: This simp argument is unused:
  sumInl_sumSnd

Hint: Omit it from the simp argument list.
  [apply] simp only [sym_p, SymPoincare.sum_p, add_comp, comp_add, assoc, sumInl_sumFst_assoc, sumInl_sumSnd_assoc,
    sumInr_sumFst_assoc, sumInr_sumSnd_assoc, zero_comp, comp_zero, add_zero, zero_add, ← map_comp_assoc, ← map_comp,
    P.p_idem, Q.p_idem, sumInl_sumFst, sumInr_sumFst, sumInr_sumSnd, comp_id, map_zero, P.p_idem_assoc, Q.p_idem_assoc,
    map_add]

Note: This linter can be disabled with `set_option linter.unusedSimpArgs false`
warning: HSFormal/LTheory/Model/LineComplex.lean:786:21: This simp argument is unused:
  sumInr_sumFst

Hint: Omit it from the simp argument list.
  [apply] simp only [sym_p, SymPoincare.sum_p, add_comp, comp_add, assoc, sumInl_sumFst_assoc, sumInl_sumSnd_assoc,
    sumInr_sumFst_assoc, sumInr_sumSnd_assoc, zero_comp, comp_zero, add_zero, zero_add, ← map_comp_assoc, ← map_comp,
    P.p_idem, Q.p_idem, sumInl_sumFst, sumInl_sumSnd, sumInr_sumSnd, comp_id, map_zero, P.p_idem_assoc, Q.p_idem_assoc,
    map_add]

Note: This linter can be disabled with `set_option linter.unusedSimpArgs false`
warning: HSFormal/LTheory/Model/LineComplex.lean:786:36: This simp argument is unused:
  sumInr_sumSnd

Hint: Omit it from the simp argument list.
  [apply] simp only [sym_p, SymPoincare.sum_p, add_comp, comp_add, assoc, sumInl_sumFst_assoc, sumInl_sumSnd_assoc,
    sumInr_sumFst_assoc, sumInr_sumSnd_assoc, zero_comp, comp_zero, add_zero, zero_add, ← map_comp_assoc, ← map_comp,
    P.p_idem, Q.p_idem, sumInl_sumFst, sumInl_sumSnd, sumInr_sumFst, comp_id, map_zero, P.p_idem_assoc, Q.p_idem_assoc,
    map_add]

Note: This linter can be disabled with `set_option linter.unusedSimpArgs false`
warning: HSFormal/LTheory/Model/LineComplex.lean:786:51: This simp argument is unused:
  comp_id

Hint: Omit it from the simp argument list.
  [apply] simp only [sym_p, SymPoincare.sum_p, add_comp, comp_add, assoc, sumInl_sumFst_assoc, sumInl_sumSnd_assoc,
    sumInr_sumFst_assoc, sumInr_sumSnd_assoc, zero_comp, comp_zero, add_zero, zero_add, ← map_comp_assoc, ← map_comp,
    P.p_idem, Q.p_idem, sumInl_sumFst, sumInl_sumSnd, sumInr_sumFst, sumInr_sumSnd, map_zero, P.p_idem_assoc,
    Q.p_idem_assoc, map_add]

Note: This linter can be disabled with `set_option linter.unusedSimpArgs false`
warning: HSFormal/LTheory/Model/LineComplex.lean:786:60: This simp argument is unused:
  map_zero

Hint: Omit it from the simp argument list.
  [apply] simp only [sym_p, SymPoincare.sum_p, add_comp, comp_add, assoc, sumInl_sumFst_assoc, sumInl_sumSnd_assoc,
    sumInr_sumFst_assoc, sumInr_sumSnd_assoc, zero_comp, comp_zero, add_zero, zero_add, ← map_comp_assoc, ← map_comp,
    P.p_idem, Q.p_idem, sumInl_sumFst, sumInl_sumSnd, sumInr_sumFst, sumInr_sumSnd, comp_id, P.p_idem_assoc,
    Q.p_idem_assoc, map_add]

Note: This linter can be disabled with `set_option linter.unusedSimpArgs false`
warning: HSFormal/LTheory/Model/LineComplex.lean:788:22: This simp argument is unused:
  SymPoincare.sum_p

Hint: Omit it from the simp argument list.
  [apply] simp only [sym_p, add_comp, comp_add, assoc, sumInl_sumFst_assoc, sumInl_sumSnd_assoc, sumInr_sumFst_assoc,
    sumInr_sumSnd_assoc, zero_comp, comp_zero, add_zero, zero_add, ← map_comp_assoc, ← map_comp, P.p_idem, Q.p_idem,
    sumInl_sumFst, sumInl_sumSnd, sumInr_sumFst, sumInr_sumSnd, comp_id, map_zero, P.p_idem_assoc, Q.p_idem_assoc]

Note: This linter can be disabled with `set_option linter.unusedSimpArgs false`
warning: HSFormal/LTheory/Model/LineComplex.lean:790:44: This simp argument is unused:
  ← map_comp

Hint: Omit it from the simp argument list.
  [apply] simp only [sym_p, SymPoincare.sum_p, add_comp, comp_add, assoc, sumInl_sumFst_assoc, sumInl_sumSnd_assoc,
    sumInr_sumFst_assoc, sumInr_sumSnd_assoc, zero_comp, comp_zero, add_zero, zero_add, ← map_comp_assoc, P.p_idem,
    Q.p_idem, sumInl_sumFst, sumInl_sumSnd, sumInr_sumFst, sumInr_sumSnd, comp_id, map_zero, P.p_idem_assoc,
    Q.p_idem_assoc]

Note: Simp arguments with `←` have the additional effect of removing the other direction from the simp set, even if the simp argument itself is unused. If the hint above does not work, try replacing `←` with `-` to only get that effect and silence this warning.

Note: This linter can be disabled with `set_option linter.unusedSimpArgs false`
warning: HSFormal/LTheory/Model/LineComplex.lean:790:76: This simp argument is unused:
  sumInl_sumFst

Hint: Omit it from the simp argument list.
  [apply] simp only [sym_p, SymPoincare.sum_p, add_comp, comp_add, assoc, sumInl_sumFst_assoc, sumInl_sumSnd_assoc,
    sumInr_sumFst_assoc, sumInr_sumSnd_assoc, zero_comp, comp_zero, add_zero, zero_add, ← map_comp_assoc, ← map_comp,
    P.p_idem, Q.p_idem, sumInl_sumSnd, sumInr_sumFst, sumInr_sumSnd, comp_id, map_zero, P.p_idem_assoc, Q.p_idem_assoc]

Note: This linter can be disabled with `set_option linter.unusedSimpArgs false`
warning: HSFormal/LTheory/Model/LineComplex.lean:791:6: This simp argument is unused:
  sumInl_sumSnd

Hint: Omit it from the simp argument list.
  [apply] simp only [sym_p, SymPoincare.sum_p, add_comp, comp_add, assoc, sumInl_sumFst_assoc, sumInl_sumSnd_assoc,
    sumInr_sumFst_assoc, sumInr_sumSnd_assoc, zero_comp, comp_zero, add_zero, zero_add, ← map_comp_assoc, ← map_comp,
    P.p_idem, Q.p_idem, sumInl_sumFst, sumInr_sumFst, sumInr_sumSnd, comp_id, map_zero, P.p_idem_assoc, Q.p_idem_assoc]

Note: This linter can be disabled with `set_option linter.unusedSimpArgs false`
warning: HSFormal/LTheory/Model/LineComplex.lean:791:21: This simp argument is unused:
  sumInr_sumFst

Hint: Omit it from the simp argument list.
  [apply] simp only [sym_p, SymPoincare.sum_p, add_comp, comp_add, assoc, sumInl_sumFst_assoc, sumInl_sumSnd_assoc,
    sumInr_sumFst_assoc, sumInr_sumSnd_assoc, zero_comp, comp_zero, add_zero, zero_add, ← map_comp_assoc, ← map_comp,
    P.p_idem, Q.p_idem, sumInl_sumFst, sumInl_sumSnd, sumInr_sumSnd, comp_id, map_zero, P.p_idem_assoc, Q.p_idem_assoc]

Note: This linter can be disabled with `set_option linter.unusedSimpArgs false`
warning: HSFormal/LTheory/Model/LineComplex.lean:791:36: This simp argument is unused:
  sumInr_sumSnd

Hint: Omit it from the simp argument list.
  [apply] simp only [sym_p, SymPoincare.sum_p, add_comp, comp_add, assoc, sumInl_sumFst_assoc, sumInl_sumSnd_assoc,
    sumInr_sumFst_assoc, sumInr_sumSnd_assoc, zero_comp, comp_zero, add_zero, zero_add, ← map_comp_assoc, ← map_comp,
    P.p_idem, Q.p_idem, sumInl_sumFst, sumInl_sumSnd, sumInr_sumFst, comp_id, map_zero, P.p_idem_assoc, Q.p_idem_assoc]

Note: This linter can be disabled with `set_option linter.unusedSimpArgs false`
warning: HSFormal/LTheory/Model/LineComplex.lean:791:51: This simp argument is unused:
  comp_id

Hint: Omit it from the simp argument list.
  [apply] simp only [sym_p, SymPoincare.sum_p, add_comp, comp_add, assoc, sumInl_sumFst_assoc, sumInl_sumSnd_assoc,
    sumInr_sumFst_assoc, sumInr_sumSnd_assoc, zero_comp, comp_zero, add_zero, zero_add, ← map_comp_assoc, ← map_comp,
    P.p_idem, Q.p_idem, sumInl_sumFst, sumInl_sumSnd, sumInr_sumFst, sumInr_sumSnd, map_zero, P.p_idem_assoc,
    Q.p_idem_assoc]

Note: This linter can be disabled with `set_option linter.unusedSimpArgs false`
warning: HSFormal/LTheory/Model/LineComplex.lean:791:70: This simp argument is unused:
  P.p_idem_assoc

Hint: Omit it from the simp argument list.
  [apply] simp only [sym_p, SymPoincare.sum_p, add_comp, comp_add, assoc, sumInl_sumFst_assoc, sumInl_sumSnd_assoc,
    sumInr_sumFst_assoc, sumInr_sumSnd_assoc, zero_comp, comp_zero, add_zero, zero_add, ← map_comp_assoc, ← map_comp,
    P.p_idem, Q.p_idem, sumInl_sumFst, sumInl_sumSnd, sumInr_sumFst, sumInr_sumSnd, comp_id, map_zero, Q.p_idem_assoc]

Note: This linter can be disabled with `set_option linter.unusedSimpArgs false`
warning: HSFormal/LTheory/Model/LineComplex.lean:792:6: This simp argument is unused:
  Q.p_idem_assoc

Hint: Omit it from the simp argument list.
  [apply] simp only [sym_p, SymPoincare.sum_p, add_comp, comp_add, assoc, sumInl_sumFst_assoc, sumInl_sumSnd_assoc,
    sumInr_sumFst_assoc, sumInr_sumSnd_assoc, zero_comp, comp_zero, add_zero, zero_add, ← map_comp_assoc, ← map_comp,
    P.p_idem, Q.p_idem, sumInl_sumFst, sumInl_sumSnd, sumInr_sumFst, sumInr_sumSnd, comp_id, map_zero, P.p_idem_assoc]

Note: This linter can be disabled with `set_option linter.unusedSimpArgs false`
warning: HSFormal/LTheory/Model/LineComplex.lean:793:22: This simp argument is unused:
  SymPoincare.sum_φ

Hint: Omit it from the simp argument list.
  [apply] simp only [sym_φ, SymPoincare.sum_C, dualHom_add, dualHom_comp, add_comp, comp_add, assoc, hθ, ← map_comp,
    ← map_comp_assoc, dualHom_sumFst_dualHom_sumInl_assoc, dualHom_sumSnd_dualHom_sumInl_assoc,
    dualHom_sumFst_dualHom_sumInr_assoc, dualHom_sumSnd_dualHom_sumInr_assoc, sumInl_sumFst_assoc, sumInl_sumSnd_assoc,
    sumInr_sumFst_assoc, sumInr_sumSnd_assoc, zero_comp, comp_zero, add_zero, zero_add, map_add, map_zero,
    P.φ_comp_p_assoc, Q.φ_comp_p_assoc, P.φ_comp_p, Q.φ_comp_p, SymPoincare.dualHom_p_comp_φ_assoc,
    SymPoincare.dualHom_p_comp_φ, id_comp, sumInl_sumFst, sumInr_sumSnd, comp_id, dualHom_sumFst_dualHom_sumInl,
    dualHom_sumSnd_dualHom_sumInr]

Note: This linter can be disabled with `set_option linter.unusedSimpArgs false`
warning: HSFormal/LTheory/Model/LineComplex.lean:794:10: This simp argument is unused:
  ← map_comp

Hint: Omit it from the simp argument list.
  [apply] simp only [sym_φ, SymPoincare.sum_φ, SymPoincare.sum_C, dualHom_add, dualHom_comp, add_comp, comp_add, assoc,
    hθ, ← map_comp_assoc, dualHom_sumFst_dualHom_sumInl_assoc, dualHom_sumSnd_dualHom_sumInl_assoc,
    dualHom_sumFst_dualHom_sumInr_assoc, dualHom_sumSnd_dualHom_sumInr_assoc, sumInl_sumFst_assoc, sumInl_sumSnd_assoc,
    sumInr_sumFst_assoc, sumInr_sumSnd_assoc, zero_comp, comp_zero, add_zero, zero_add, map_add, map_zero,
    P.φ_comp_p_assoc, Q.φ_comp_p_assoc, P.φ_comp_p, Q.φ_comp_p, SymPoincare.dualHom_p_comp_φ_assoc,
    SymPoincare.dualHom_p_comp_φ, id_comp, sumInl_sumFst, sumInr_sumSnd, comp_id, dualHom_sumFst_dualHom_sumInl,
    dualHom_sumSnd_dualHom_sumInr]

Note: Simp arguments with `←` have the additional effect of removing the other direction from the simp set, even if the simp argument itself is unused. If the hint above does not work, try replacing `←` with `-` to only get that effect and silence this warning.

Note: This linter can be disabled with `set_option linter.unusedSimpArgs false`
warning: HSFormal/LTheory/Model/LineComplex.lean:798:25: This simp argument is unused:
  P.φ_comp_p_assoc

Hint: Omit it from the simp argument list.
  [apply] simp only [sym_φ, SymPoincare.sum_φ, SymPoincare.sum_C, dualHom_add, dualHom_comp, add_comp, comp_add, assoc,
    hθ, ← map_comp, ← map_comp_assoc, dualHom_sumFst_dualHom_sumInl_assoc, dualHom_sumSnd_dualHom_sumInl_assoc,
    dualHom_sumFst_dualHom_sumInr_assoc, dualHom_sumSnd_dualHom_sumInr_assoc, sumInl_sumFst_assoc, sumInl_sumSnd_assoc,
    sumInr_sumFst_assoc, sumInr_sumSnd_assoc, zero_comp, comp_zero, add_zero, zero_add, map_add, map_zero,
    Q.φ_comp_p_assoc, P.φ_comp_p, Q.φ_comp_p, SymPoincare.dualHom_p_comp_φ_assoc, SymPoincare.dualHom_p_comp_φ, id_comp,
    sumInl_sumFst, sumInr_sumSnd, comp_id, dualHom_sumFst_dualHom_sumInl, dualHom_sumSnd_dualHom_sumInr]

Note: This linter can be disabled with `set_option linter.unusedSimpArgs false`
warning: HSFormal/LTheory/Model/LineComplex.lean:798:43: This simp argument is unused:
  Q.φ_comp_p_assoc

Hint: Omit it from the simp argument list.
  [apply] simp only [sym_φ, SymPoincare.sum_φ, SymPoincare.sum_C, dualHom_add, dualHom_comp, add_comp, comp_add, assoc,
    hθ, ← map_comp, ← map_comp_assoc, dualHom_sumFst_dualHom_sumInl_assoc, dualHom_sumSnd_dualHom_sumInl_assoc,
    dualHom_sumFst_dualHom_sumInr_assoc, dualHom_sumSnd_dualHom_sumInr_assoc, sumInl_sumFst_assoc, sumInl_sumSnd_assoc,
    sumInr_sumFst_assoc, sumInr_sumSnd_assoc, zero_comp, comp_zero, add_zero, zero_add, map_add, map_zero,
    P.φ_comp_p_assoc, P.φ_comp_p, Q.φ_comp_p, SymPoincare.dualHom_p_comp_φ_assoc, SymPoincare.dualHom_p_comp_φ, id_comp,
    sumInl_sumFst, sumInr_sumSnd, comp_id, dualHom_sumFst_dualHom_sumInl, dualHom_sumSnd_dualHom_sumInr]

Note: This linter can be disabled with `set_option linter.unusedSimpArgs false`
warning: HSFormal/LTheory/Model/LineComplex.lean:799:6: This simp argument is unused:
  SymPoincare.dualHom_p_comp_φ_assoc

Hint: Omit it from the simp argument list.
  [apply] simp only [sym_φ, SymPoincare.sum_φ, SymPoincare.sum_C, dualHom_add, dualHom_comp, add_comp, comp_add, assoc,
    hθ, ← map_comp, ← map_comp_assoc, dualHom_sumFst_dualHom_sumInl_assoc, dualHom_sumSnd_dualHom_sumInl_assoc,
    dualHom_sumFst_dualHom_sumInr_assoc, dualHom_sumSnd_dualHom_sumInr_assoc, sumInl_sumFst_assoc, sumInl_sumSnd_assoc,
    sumInr_sumFst_assoc, sumInr_sumSnd_assoc, zero_comp, comp_zero, add_zero, zero_add, map_add, map_zero,
    P.φ_comp_p_assoc, Q.φ_comp_p_assoc, P.φ_comp_p, Q.φ_comp_p, SymPoincare.dualHom_p_comp_φ, id_comp, sumInl_sumFst,
    sumInr_sumSnd, comp_id, dualHom_sumFst_dualHom_sumInl, dualHom_sumSnd_dualHom_sumInr]

Note: This linter can be disabled with `set_option linter.unusedSimpArgs false`
warning: HSFormal/LTheory/Model/LineComplex.lean:799:72: This simp argument is unused:
  id_comp

Hint: Omit it from the simp argument list.
  [apply] simp only [sym_φ, SymPoincare.sum_φ, SymPoincare.sum_C, dualHom_add, dualHom_comp, add_comp, comp_add, assoc,
    hθ, ← map_comp, ← map_comp_assoc, dualHom_sumFst_dualHom_sumInl_assoc, dualHom_sumSnd_dualHom_sumInl_assoc,
    dualHom_sumFst_dualHom_sumInr_assoc, dualHom_sumSnd_dualHom_sumInr_assoc, sumInl_sumFst_assoc, sumInl_sumSnd_assoc,
    sumInr_sumFst_assoc, sumInr_sumSnd_assoc, zero_comp, comp_zero, add_zero, zero_add, map_add, map_zero,
    P.φ_comp_p_assoc, Q.φ_comp_p_assoc, P.φ_comp_p, Q.φ_comp_p, SymPoincare.dualHom_p_comp_φ_assoc,
    SymPoincare.dualHom_p_comp_φ, sumInl_sumFst, sumInr_sumSnd, comp_id, dualHom_sumFst_dualHom_sumInl,
    dualHom_sumSnd_dualHom_sumInr]

Note: This linter can be disabled with `set_option linter.unusedSimpArgs false`
warning: HSFormal/LTheory/Model/LineComplex.lean:799:81: This simp argument is unused:
  sumInl_sumFst

Hint: Omit it from the simp argument list.
  [apply] simp only [sym_φ, SymPoincare.sum_φ, SymPoincare.sum_C, dualHom_add, dualHom_comp, add_comp, comp_add, assoc,
    hθ, ← map_comp, ← map_comp_assoc, dualHom_sumFst_dualHom_sumInl_assoc, dualHom_sumSnd_dualHom_sumInl_assoc,
    dualHom_sumFst_dualHom_sumInr_assoc, dualHom_sumSnd_dualHom_sumInr_assoc, sumInl_sumFst_assoc, sumInl_sumSnd_assoc,
    sumInr_sumFst_assoc, sumInr_sumSnd_assoc, zero_comp, comp_zero, add_zero, zero_add, map_add, map_zero,
    P.φ_comp_p_assoc, Q.φ_comp_p_assoc, P.φ_comp_p, Q.φ_comp_p, SymPoincare.dualHom_p_comp_φ_assoc,
    SymPoincare.dualHom_p_comp_φ, id_comp, sumInr_sumSnd, comp_id, dualHom_sumFst_dualHom_sumInl,
    dualHom_sumSnd_dualHom_sumInr]

Note: This linter can be disabled with `set_option linter.unusedSimpArgs false`
warning: HSFormal/LTheory/Model/LineComplex.lean:800:6: This simp argument is unused:
  sumInr_sumSnd

Hint: Omit it from the simp argument list.
  [apply] simp only [sym_φ, SymPoincare.sum_φ, SymPoincare.sum_C, dualHom_add, dualHom_comp, add_comp, comp_add, assoc,
    hθ, ← map_comp, ← map_comp_assoc, dualHom_sumFst_dualHom_sumInl_assoc, dualHom_sumSnd_dualHom_sumInl_assoc,
    dualHom_sumFst_dualHom_sumInr_assoc, dualHom_sumSnd_dualHom_sumInr_assoc, sumInl_sumFst_assoc, sumInl_sumSnd_assoc,
    sumInr_sumFst_assoc, sumInr_sumSnd_assoc, zero_comp, comp_zero, add_zero, zero_add, map_add, map_zero,
    P.φ_comp_p_assoc, Q.φ_comp_p_assoc, P.φ_comp_p, Q.φ_comp_p, SymPoincare.dualHom_p_comp_φ_assoc,
    SymPoincare.dualHom_p_comp_φ, id_comp, sumInl_sumFst, comp_id, dualHom_sumFst_dualHom_sumInl,
    dualHom_sumSnd_dualHom_sumInr]

Note: This linter can be disabled with `set_option linter.unusedSimpArgs false`
warning: HSFormal/LTheory/Model/LineComplex.lean:800:21: This simp argument is unused:
  comp_id

Hint: Omit it from the simp argument list.
  [apply] simp only [sym_φ, SymPoincare.sum_φ, SymPoincare.sum_C, dualHom_add, dualHom_comp, add_comp, comp_add, assoc,
    hθ, ← map_comp, ← map_comp_assoc, dualHom_sumFst_dualHom_sumInl_assoc, dualHom_sumSnd_dualHom_sumInl_assoc,
    dualHom_sumFst_dualHom_sumInr_assoc, dualHom_sumSnd_dualHom_sumInr_assoc, sumInl_sumFst_assoc, sumInl_sumSnd_assoc,
    sumInr_sumFst_assoc, sumInr_sumSnd_assoc, zero_comp, comp_zero, add_zero, zero_add, map_add, map_zero,
    P.φ_comp_p_assoc, Q.φ_comp_p_assoc, P.φ_comp_p, Q.φ_comp_p, SymPoincare.dualHom_p_comp_φ_assoc,
    SymPoincare.dualHom_p_comp_φ, id_comp, sumInl_sumFst, sumInr_sumSnd, dualHom_sumFst_dualHom_sumInl,
    dualHom_sumSnd_dualHom_sumInr]

Note: This linter can be disabled with `set_option linter.unusedSimpArgs false`
warning: HSFormal/LTheory/Model/LineComplex.lean:800:30: This simp argument is unused:
  dualHom_sumFst_dualHom_sumInl

Hint: Omit it from the simp argument list.
  [apply] simp only [sym_φ, SymPoincare.sum_φ, SymPoincare.sum_C, dualHom_add, dualHom_comp, add_comp, comp_add, assoc,
    hθ, ← map_comp, ← map_comp_assoc, dualHom_sumFst_dualHom_sumInl_assoc, dualHom_sumSnd_dualHom_sumInl_assoc,
    dualHom_sumFst_dualHom_sumInr_assoc, dualHom_sumSnd_dualHom_sumInr_assoc, sumInl_sumFst_assoc, sumInl_sumSnd_assoc,
    sumInr_sumFst_assoc, sumInr_sumSnd_assoc, zero_comp, comp_zero, add_zero, zero_add, map_add, map_zero,
    P.φ_comp_p_assoc, Q.φ_comp_p_assoc, P.φ_comp_p, Q.φ_comp_p, SymPoincare.dualHom_p_comp_φ_assoc,
    SymPoincare.dualHom_p_comp_φ, id_comp, sumInl_sumFst, sumInr_sumSnd, comp_id, dualHom_sumSnd_dualHom_sumInr]

Note: This linter can be disabled with `set_option linter.unusedSimpArgs false`
warning: HSFormal/LTheory/Model/LineComplex.lean:800:61: This simp argument is unused:
  dualHom_sumSnd_dualHom_sumInr

Hint: Omit it from the simp argument list.
  [apply] simp only [sym_φ, SymPoincare.sum_φ, SymPoincare.sum_C, dualHom_add, dualHom_comp, add_comp, comp_add, assoc,
    hθ, ← map_comp, ← map_comp_assoc, dualHom_sumFst_dualHom_sumInl_assoc, dualHom_sumSnd_dualHom_sumInl_assoc,
    dualHom_sumFst_dualHom_sumInr_assoc, dualHom_sumSnd_dualHom_sumInr_assoc, sumInl_sumFst_assoc, sumInl_sumSnd_assoc,
    sumInr_sumFst_assoc, sumInr_sumSnd_assoc, zero_comp, comp_zero, add_zero, zero_add, map_add, map_zero,
    P.φ_comp_p_assoc, Q.φ_comp_p_assoc, P.φ_comp_p, Q.φ_comp_p, SymPoincare.dualHom_p_comp_φ_assoc,
    SymPoincare.dualHom_p_comp_φ, id_comp, sumInl_sumFst, sumInr_sumSnd, comp_id, dualHom_sumFst_dualHom_sumInl]

Note: This linter can be disabled with `set_option linter.unusedSimpArgs false`
warning: HSFormal/LTheory/Model/LineComplex.lean:818:9: Variable name `X` is not explicitly referenced.

Hint: The binding can be removed (if unused) or named `_` (if used implicitly). Alternatively, prefix the name with `_` to silence this warning:
  [apply] _X

Note: This linter can be disabled with `set_option linter.unusedVariables false`
warning: HSFormal/LTheory/Model/LineComplex.lean:819:19: Variable name `f` is not explicitly referenced.

Hint: The binding can be removed (if unused) or named `_` (if used implicitly). Alternatively, prefix the name with `_` to silence this warning:
  [apply] _f

Note: This linter can be disabled with `set_option linter.unusedVariables false`
warning: HSFormal/LTheory/Model/LineComplex.lean:819:21: Variable name `g` is not explicitly referenced.

Hint: The binding can be removed (if unused) or named `_` (if used implicitly). Alternatively, prefix the name with `_` to silence this warning:
  [apply] _g

Note: This linter can be disabled with `set_option linter.unusedVariables false`
warning: HSFormal/LTheory/Model/LineComplex.lean:843:6: `if_neg` has been deprecated: Use `ite_eq_right` instead

Hint: Replace the deprecated name:
  i̵f̵_̵n̵e̵g̵i̲t̲e̲_̲e̲q̲_̲r̲i̲g̲h̲t̲
warning: HSFormal/LTheory/Model/LineComplex.lean:858:26: `if_true` has been deprecated: Use `ite_true` instead

Hint: Replace the deprecated name:
  i̵f̵_̵t̵r̵u̵e̵i̲t̲e̲_̲t̲r̲u̲e̲
warning: HSFormal/LTheory/Model/LineComplex.lean:865:8: `if_neg` has been deprecated: Use `ite_eq_right` instead

Hint: Replace the deprecated name:
  i̵f̵_̵n̵e̵g̵i̲t̲e̲_̲e̲q̲_̲r̲i̲g̲h̲t̲
warning: HSFormal/LTheory/Model/LineComplex.lean:865:27: `dif_neg` has been deprecated: Use `dite_eq_right` instead

Hint: Replace the deprecated name:
  d̵i̵f̵_̵n̵e̵g̵d̲i̲t̲e̲_̲e̲q̲_̲r̲i̲g̲h̲t̲
warning: HSFormal/LTheory/Model/LineComplex.lean:878:8: `if_pos` has been deprecated: Use `ite_eq_left` instead

Hint: Replace the deprecated name:
  i̵f̵_̵p̵o̵s̵i̲t̲e̲_̲e̲q̲_̲l̲e̲f̲t̲
warning: HSFormal/LTheory/Model/LineComplex.lean:878:18: `if_pos` has been deprecated: Use `ite_eq_left` instead

Hint: Replace the deprecated name:
  i̵f̵_̵p̵o̵s̵i̲t̲e̲_̲e̲q̲_̲l̲e̲f̲t̲
warning: HSFormal/LTheory/Model/LineComplex.lean:879:8: `if_neg` has been deprecated: Use `ite_eq_right` instead

Hint: Replace the deprecated name:
  i̵f̵_̵n̵e̵g̵i̲t̲e̲_̲e̲q̲_̲r̲i̲g̲h̲t̲
warning: HSFormal/LTheory/Model/LineComplex.lean:879:18: `if_neg` has been deprecated: Use `ite_eq_right` instead

Hint: Replace the deprecated name:
  i̵f̵_̵n̵e̵g̵i̲t̲e̲_̲e̲q̲_̲r̲i̲g̲h̲t̲
⚠ [9251/9271] Replayed HSFormal.LTheory.Model.CZFiltration
warning: HSFormal/LTheory/Model/CZFiltration.lean:504:33: Unused tactic linter: `rfl` does nothing

Note: This linter can be disabled with `set_option linter.unusedTactic false`
warning: HSFormal/LTheory/Model/CZFiltration.lean:504:33: this tactic is never executed

Note: This linter can be disabled with `set_option linter.unreachableTactic false`
⚠ [9252/9271] Replayed HSFormal.LTheory.Model.FreeLineAux
warning: HSFormal/LTheory/Model/FreeLineAux.lean:115:76: `if_pos` has been deprecated: Use `ite_eq_left` instead

Hint: Replace the deprecated name:
  i̵f̵_̵p̵o̵s̵i̲t̲e̲_̲e̲q̲_̲l̲e̲f̲t̲
warning: HSFormal/LTheory/Model/FreeLineAux.lean:118:12: `if_neg` has been deprecated: Use `ite_eq_right` instead

Hint: Replace the deprecated name:
  i̵f̵_̵n̵e̵g̵i̲t̲e̲_̲e̲q̲_̲r̲i̲g̲h̲t̲
⚠ [9254/9345] Replayed HSFormal.LTheory.Model.LinePairs
warning: HSFormal/LTheory/Model/LinePairs.lean:303:16: `dif_pos` has been deprecated: Use `dite_eq_left` instead

Hint: Replace the deprecated name:
  d̵i̵f̵_̵p̵o̵s̵d̲i̲t̲e̲_̲e̲q̲_̲l̲e̲f̲t̲
warning: HSFormal/LTheory/Model/LinePairs.lean:307:16: `dif_neg` has been deprecated: Use `dite_eq_right` instead

Hint: Replace the deprecated name:
  d̵i̵f̵_̵n̵e̵g̵d̲i̲t̲e̲_̲e̲q̲_̲r̲i̲g̲h̲t̲
warning: HSFormal/LTheory/Model/LinePairs.lean:321:51: `dif_pos` has been deprecated: Use `dite_eq_left` instead

Hint: Replace the deprecated name:
  d̵i̵f̵_̵p̵o̵s̵d̲i̲t̲e̲_̲e̲q̲_̲l̲e̲f̲t̲
warning: HSFormal/LTheory/Model/LinePairs.lean:325:6: This simp argument is unused:
  B.inv.star_units_smul

Hint: Omit it from the simp argument list.
  [apply] simp only [θ_f, dualHomotopy_hom, B.inv.star_add, B.inv.star_neg, B.inv.star_comp, B.inv.star_star]

Note: This linter can be disabled with `set_option linter.unusedSimpArgs false`
warning: HSFormal/LTheory/Model/LinePairs.lean:325:29: This simp argument is unused:
  B.inv.star_star

Hint: Omit it from the simp argument list.
  [apply] simp only [θ_f, dualHomotopy_hom, B.inv.star_add, B.inv.star_neg, B.inv.star_comp, B.inv.star_units_smul]

Note: This linter can be disabled with `set_option linter.unusedSimpArgs false`
warning: HSFormal/LTheory/Model/LinePairs.lean:328:34: This simp argument is unused:
  neg_neg

Hint: Omit it from the simp argument list.
  [apply] simp only [Functor.map_neg, Functor.map_units_smul, InvFunctor.map_star, smul_neg, units_smul_units_smul_self,
    Linear.smul_comp, Linear.units_smul_comp, neg_comp]

Note: This linter can be disabled with `set_option linter.unusedSimpArgs false`
warning: HSFormal/LTheory/Model/LinePairs.lean:328:43: This simp argument is unused:
  Linear.smul_comp

Hint: Omit it from the simp argument list.
  [apply] simp only [Functor.map_neg, Functor.map_units_smul, InvFunctor.map_star, smul_neg, units_smul_units_smul_self,
    neg_neg, Linear.units_smul_comp, neg_comp]

Note: This linter can be disabled with `set_option linter.unusedSimpArgs false`
warning: HSFormal/LTheory/Model/LinePairs.lean:346:80: This simp argument is unused:
  comp_id

Hint: Omit it from the simp argument list.
  [apply] simp only [Homotopy.compLeft_hom, Homotopy.compRight_hom, comp_add, add_comp, assoc, comp_neg, neg_comp,
    inlX_map_assoc, inrX_map_assoc, map_fstX, map_sndX, inlX_fstX_assoc, inlX_sndX_assoc, inrX_fstX_assoc,
    inrX_sndX_assoc, inlX_fstX, inlX_sndX, inrX_fstX, inrX_sndX, zero_comp, comp_zero, add_zero, zero_add, neg_zero,
    Functor.map_comp, Functor.mapHomologicalComplex_map_f, InvFunctor.mapH]

Note: This linter can be disabled with `set_option linter.unusedSimpArgs false`
warning: HSFormal/LTheory/Model/LinePairs.lean:347:24: This simp argument is unused:
  Functor.mapHomologicalComplex_map_f

Hint: Omit it from the simp argument list.
  [apply] simp only [Homotopy.compLeft_hom, Homotopy.compRight_hom, comp_add, add_comp, assoc, comp_neg, neg_comp,
    inlX_map_assoc, inrX_map_assoc, map_fstX, map_sndX, inlX_fstX_assoc, inlX_sndX_assoc, inrX_fstX_assoc,
    inrX_sndX_assoc, inlX_fstX, inlX_sndX, inrX_fstX, inrX_sndX, zero_comp, comp_zero, add_zero, zero_add, neg_zero,
    comp_id, Functor.map_comp, InvFunctor.mapH]

Note: This linter can be disabled with `set_option linter.unusedSimpArgs false`
warning: HSFormal/LTheory/Model/LinePairs.lean:347:61: This simp argument is unused:
  InvFunctor.mapH

Hint: Omit it from the simp argument list.
  [apply] simp only [Homotopy.compLeft_hom, Homotopy.compRight_hom, comp_add, add_comp, assoc, comp_neg, neg_comp,
    inlX_map_assoc, inrX_map_assoc, map_fstX, map_sndX, inlX_fstX_assoc, inlX_sndX_assoc, inrX_fstX_assoc,
    inrX_sndX_assoc, inlX_fstX, inlX_sndX, inrX_fstX, inrX_sndX, zero_comp, comp_zero, add_zero, zero_add, neg_zero,
    comp_id, Functor.map_comp, Functor.mapHomologicalComplex_map_f]

Note: This linter can be disabled with `set_option linter.unusedSimpArgs false`
warning: HSFormal/LTheory/Model/LinePairs.lean:360:16: `dif_pos` has been deprecated: Use `dite_eq_left` instead

Hint: Replace the deprecated name:
  d̵i̵f̵_̵p̵o̵s̵d̲i̲t̲e̲_̲e̲q̲_̲l̲e̲f̲t̲
warning: HSFormal/LTheory/Model/LinePairs.lean:395:60: This simp argument is unused:
  assoc

Hint: Omit it from the simp argument list.
  [apply] simp only [Homotopy.compLeft_hom, Homotopy.compRight_hom]

Note: This linter can be disabled with `set_option linter.unusedSimpArgs false`
warning: HSFormal/LTheory/Model/LinePairs.lean:489:69: This simp argument is unused:
  Linear.units_smul_comp

Hint: Omit it from the simp argument list.
  [apply] simp only [transposeHomFamily, pairδφ_hom, B.inv.star_comp, assoc]

Note: This linter can be disabled with `set_option linter.unusedSimpArgs false`
warning: HSFormal/LTheory/Model/LinePairs.lean:517:43: This simp argument is unused:
  dualIso_hom

Hint: Omit it from the simp argument list.
  [apply] simp only [Iso.symm_inv, Iso.symm_hom, dualIso_inv, θIso_hom, assoc, θ_conj, ← dualHom_comp]

Note: This linter can be disabled with `set_option linter.unusedSimpArgs false`
⚠ [9255/9345] Replayed HSFormal.LTheory.Model.LineNatural
warning: HSFormal/LTheory/Model/LineNatural.lean:39:0: automatically included section variable(s) unused in theorem `HSFormal.LTheory.ext_from_functor_cone`:
  [HasBinaryBiproducts W]
consider restructuring your `variable` declarations so that the variables are not in scope or explicitly omit them:
  omit [HasBinaryBiproducts W] in theorem ...

Note: This linter can be disabled with `set_option linter.unusedSectionVars false`
warning: HSFormal/LTheory/Model/LineNatural.lean:50:0: automatically included section variable(s) unused in theorem `HSFormal.LTheory.ext_to_functor_cone`:
  [HasBinaryBiproducts W]
consider restructuring your `variable` declarations so that the variables are not in scope or explicitly omit them:
  omit [HasBinaryBiproducts W] in theorem ...

Note: This linter can be disabled with `set_option linter.unusedSectionVars false`
warning: HSFormal/LTheory/Model/LineNatural.lean:63:0: automatically included section variable(s) unused in theorem `HSFormal.LTheory.ext_from_functor_cone_star`:
  [HasBinaryBiproducts W]
consider restructuring your `variable` declarations so that the variables are not in scope or explicitly omit them:
  omit [HasBinaryBiproducts W] in theorem ...

Note: This linter can be disabled with `set_option linter.unusedSectionVars false`
warning: HSFormal/LTheory/Model/LineNatural.lean:235:38: This simp argument is unused:
  ηi_map_assoc

Hint: Omit it from the simp argument list.
  [apply] simp [← Functor.map_comp]

Note: This linter can be disabled with `set_option linter.unusedSimpArgs false`
warning: HSFormal/LTheory/Model/LineNatural.lean:292:40: This simp argument is unused:
  Functor.map_neg

Hint: Omit it from the simp argument list.
  [apply] simp only [Functor.map_add, Functor.map_zero, Functor.map_units_smul, map_rat_smul, Functor.map_comp,
    comp_add, add_comp, assoc, Linear.comp_smul, Linear.smul_comp, Linear.comp_units_smul, Linear.units_smul_comp,
    comp_zero, zero_comp, add_zero, zero_add, ηh_s_hom_assoc, ηh_s_inv_assoc, ηh_map_assoc, ηh_s_hom, ηh_s_inv, ηh_map,
    mapC_XIsoOfEq_hom, mapC_XIsoOfEq_hom', InvFunctor.mapC, ηh_ηi_assoc, ηh_ηi, CategoryTheory.Functor.map_id, id_comp,
    comp_id, InvFunctor.mapDualIso_inv_f, cmp_map_fstX, cmp_map_sndX, inrX_map_assoc, inlX_map_assoc,
    Functor.mapHomologicalComplex_map_f]

Note: This linter can be disabled with `set_option linter.unusedSimpArgs false`
warning: HSFormal/LTheory/Model/LineNatural.lean:293:36: This simp argument is unused:
  comp_add

Hint: Omit it from the simp argument list.
  [apply] simp only [Functor.map_add, Functor.map_neg, Functor.map_zero, Functor.map_units_smul, map_rat_smul,
    Functor.map_comp, add_comp, assoc, Linear.comp_smul, Linear.smul_comp, Linear.comp_units_smul,
    Linear.units_smul_comp, comp_zero, zero_comp, add_zero, zero_add, ηh_s_hom_assoc, ηh_s_inv_assoc, ηh_map_assoc,
    ηh_s_hom, ηh_s_inv, ηh_map, mapC_XIsoOfEq_hom, mapC_XIsoOfEq_hom', InvFunctor.mapC, ηh_ηi_assoc, ηh_ηi,
    CategoryTheory.Functor.map_id, id_comp, comp_id, InvFunctor.mapDualIso_inv_f, cmp_map_fstX, cmp_map_sndX,
    inrX_map_assoc, inlX_map_assoc, Functor.mapHomologicalComplex_map_f]

Note: This linter can be disabled with `set_option linter.unusedSimpArgs false`
warning: HSFormal/LTheory/Model/LineNatural.lean:293:46: This simp argument is unused:
  add_comp

Hint: Omit it from the simp argument list.
  [apply] simp only [Functor.map_add, Functor.map_neg, Functor.map_zero, Functor.map_units_smul, map_rat_smul,
    Functor.map_comp, comp_add, assoc, Linear.comp_smul, Linear.smul_comp, Linear.comp_units_smul,
    Linear.units_smul_comp, comp_zero, zero_comp, add_zero, zero_add, ηh_s_hom_assoc, ηh_s_inv_assoc, ηh_map_assoc,
    ηh_s_hom, ηh_s_inv, ηh_map, mapC_XIsoOfEq_hom, mapC_XIsoOfEq_hom', InvFunctor.mapC, ηh_ηi_assoc, ηh_ηi,
    CategoryTheory.Functor.map_id, id_comp, comp_id, InvFunctor.mapDualIso_inv_f, cmp_map_fstX, cmp_map_sndX,
    inrX_map_assoc, inlX_map_assoc, Functor.mapHomologicalComplex_map_f]

Note: This linter can be disabled with `set_option linter.unusedSimpArgs false`
warning: HSFormal/LTheory/Model/LineNatural.lean:293:56: This simp argument is unused:
  assoc

Hint: Omit it from the simp argument list.
  [apply] simp only [Functor.map_add, Functor.map_neg, Functor.map_zero, Functor.map_units_smul, map_rat_smul,
    Functor.map_comp, comp_add, add_comp, Linear.comp_smul, Linear.smul_comp, Linear.comp_units_smul,
    Linear.units_smul_comp, comp_zero, zero_comp, add_zero, zero_add, ηh_s_hom_assoc, ηh_s_inv_assoc, ηh_map_assoc,
    ηh_s_hom, ηh_s_inv, ηh_map, mapC_XIsoOfEq_hom, mapC_XIsoOfEq_hom', InvFunctor.mapC, ηh_ηi_assoc, ηh_ηi,
    CategoryTheory.Functor.map_id, id_comp, comp_id, InvFunctor.mapDualIso_inv_f, cmp_map_fstX, cmp_map_sndX,
    inrX_map_assoc, inlX_map_assoc, Functor.mapHomologicalComplex_map_f]

Note: This linter can be disabled with `set_option linter.unusedSimpArgs false`
warning: HSFormal/LTheory/Model/LineNatural.lean:293:63: This simp argument is unused:
  Linear.comp_smul

Hint: Omit it from the simp argument list.
  [apply] simp only [Functor.map_add, Functor.map_neg, Functor.map_zero, Functor.map_units_smul, map_rat_smul,
    Functor.map_comp, comp_add, add_comp, assoc, Linear.smul_comp, Linear.comp_units_smul, Linear.units_smul_comp,
    comp_zero, zero_comp, add_zero, zero_add, ηh_s_hom_assoc, ηh_s_inv_assoc, ηh_map_assoc, ηh_s_hom, ηh_s_inv, ηh_map,
    mapC_XIsoOfEq_hom, mapC_XIsoOfEq_hom', InvFunctor.mapC, ηh_ηi_assoc, ηh_ηi, CategoryTheory.Functor.map_id, id_comp,
    comp_id, InvFunctor.mapDualIso_inv_f, cmp_map_fstX, cmp_map_sndX, inrX_map_assoc, inlX_map_assoc,
    Functor.mapHomologicalComplex_map_f]

Note: This linter can be disabled with `set_option linter.unusedSimpArgs false`
warning: HSFormal/LTheory/Model/LineNatural.lean:294:4: This simp argument is unused:
  Linear.smul_comp

Hint: Omit it from the simp argument list.
  [apply] simp only [Functor.map_add, Functor.map_neg, Functor.map_zero, Functor.map_units_smul, map_rat_smul,
    Functor.map_comp, comp_add, add_comp, assoc, Linear.comp_smul, Linear.comp_units_smul, Linear.units_smul_comp,
    comp_zero, zero_comp, add_zero, zero_add, ηh_s_hom_assoc, ηh_s_inv_assoc, ηh_map_assoc, ηh_s_hom, ηh_s_inv, ηh_map,
    mapC_XIsoOfEq_hom, mapC_XIsoOfEq_hom', InvFunctor.mapC, ηh_ηi_assoc, ηh_ηi, CategoryTheory.Functor.map_id, id_comp,
    comp_id, InvFunctor.mapDualIso_inv_f, cmp_map_fstX, cmp_map_sndX, inrX_map_assoc, inlX_map_assoc,
    Functor.mapHomologicalComplex_map_f]

Note: This linter can be disabled with `set_option linter.unusedSimpArgs false`
warning: HSFormal/LTheory/Model/LineNatural.lean:294:22: This simp argument is unused:
  Linear.comp_units_smul

Hint: Omit it from the simp argument list.
  [apply] simp only [Functor.map_add, Functor.map_neg, Functor.map_zero, Functor.map_units_smul, map_rat_smul,
    Functor.map_comp, comp_add, add_comp, assoc, Linear.comp_smul, Linear.smul_comp, Linear.units_smul_comp, comp_zero,
    zero_comp, add_zero, zero_add, ηh_s_hom_assoc, ηh_s_inv_assoc, ηh_map_assoc, ηh_s_hom, ηh_s_inv, ηh_map,
    mapC_XIsoOfEq_hom, mapC_XIsoOfEq_hom', InvFunctor.mapC, ηh_ηi_assoc, ηh_ηi, CategoryTheory.Functor.map_id, id_comp,
    comp_id, InvFunctor.mapDualIso_inv_f, cmp_map_fstX, cmp_map_sndX, inrX_map_assoc, inlX_map_assoc,
    Functor.mapHomologicalComplex_map_f]

Note: This linter can be disabled with `set_option linter.unusedSimpArgs false`
warning: HSFormal/LTheory/Model/LineNatural.lean:294:46: This simp argument is unused:
  Linear.units_smul_comp

Hint: Omit it from the simp argument list.
  [apply] simp only [Functor.map_add, Functor.map_neg, Functor.map_zero, Functor.map_units_smul, map_rat_smul,
    Functor.map_comp, comp_add, add_comp, assoc, Linear.comp_smul, Linear.smul_comp, Linear.comp_units_smul, comp_zero,
    zero_comp, add_zero, zero_add, ηh_s_hom_assoc, ηh_s_inv_assoc, ηh_map_assoc, ηh_s_hom, ηh_s_inv, ηh_map,
    mapC_XIsoOfEq_hom, mapC_XIsoOfEq_hom', InvFunctor.mapC, ηh_ηi_assoc, ηh_ηi, CategoryTheory.Functor.map_id, id_comp,
    comp_id, InvFunctor.mapDualIso_inv_f, cmp_map_fstX, cmp_map_sndX, inrX_map_assoc, inlX_map_assoc,
    Functor.mapHomologicalComplex_map_f]

Note: This linter can be disabled with `set_option linter.unusedSimpArgs false`
warning: HSFormal/LTheory/Model/LineNatural.lean:294:70: This simp argument is unused:
  comp_zero

Hint: Omit it from the simp argument list.
  [apply] simp only [Functor.map_add, Functor.map_neg, Functor.map_zero, Functor.map_units_smul, map_rat_smul,
    Functor.map_comp, comp_add, add_comp, assoc, Linear.comp_smul, Linear.smul_comp, Linear.comp_units_smul,
    Linear.units_smul_comp, zero_comp, add_zero, zero_add, ηh_s_hom_assoc, ηh_s_inv_assoc, ηh_map_assoc, ηh_s_hom,
    ηh_s_inv, ηh_map, mapC_XIsoOfEq_hom, mapC_XIsoOfEq_hom', InvFunctor.mapC, ηh_ηi_assoc, ηh_ηi,
    CategoryTheory.Functor.map_id, id_comp, comp_id, InvFunctor.mapDualIso_inv_f, cmp_map_fstX, cmp_map_sndX,
    inrX_map_assoc, inlX_map_assoc, Functor.mapHomologicalComplex_map_f]

Note: This linter can be disabled with `set_option linter.unusedSimpArgs false`
warning: HSFormal/LTheory/Model/LineNatural.lean:294:81: This simp argument is unused:
  zero_comp

Hint: Omit it from the simp argument list.
  [apply] simp only [Functor.map_add, Functor.map_neg, Functor.map_zero, Functor.map_units_smul, map_rat_smul,
    Functor.map_comp, comp_add, add_comp, assoc, Linear.comp_smul, Linear.smul_comp, Linear.comp_units_smul,
    Linear.units_smul_comp, comp_zero, add_zero, zero_add, ηh_s_hom_assoc, ηh_s_inv_assoc, ηh_map_assoc, ηh_s_hom,
    ηh_s_inv, ηh_map, mapC_XIsoOfEq_hom, mapC_XIsoOfEq_hom', InvFunctor.mapC, ηh_ηi_assoc, ηh_ηi,
    CategoryTheory.Functor.map_id, id_comp, comp_id, InvFunctor.mapDualIso_inv_f, cmp_map_fstX, cmp_map_sndX,
    inrX_map_assoc, inlX_map_assoc, Functor.mapHomologicalComplex_map_f]

Note: This linter can be disabled with `set_option linter.unusedSimpArgs false`
warning: HSFormal/LTheory/Model/LineNatural.lean:295:4: This simp argument is unused:
  add_zero

Hint: Omit it from the simp argument list.
  [apply] simp only [Functor.map_add, Functor.map_neg, Functor.map_zero, Functor.map_units_smul, map_rat_smul,
    Functor.map_comp, comp_add, add_comp, assoc, Linear.comp_smul, Linear.smul_comp, Linear.comp_units_smul,
    Linear.units_smul_comp, comp_zero, zero_comp, zero_add, ηh_s_hom_assoc, ηh_s_inv_assoc, ηh_map_assoc, ηh_s_hom,
    ηh_s_inv, ηh_map, mapC_XIsoOfEq_hom, mapC_XIsoOfEq_hom', InvFunctor.mapC, ηh_ηi_assoc, ηh_ηi,
    CategoryTheory.Functor.map_id, id_comp, comp_id, InvFunctor.mapDualIso_inv_f, cmp_map_fstX, cmp_map_sndX,
    inrX_map_assoc, inlX_map_assoc, Functor.mapHomologicalComplex_map_f]

Note: This linter can be disabled with `set_option linter.unusedSimpArgs false`
warning: HSFormal/LTheory/Model/LineNatural.lean:295:14: This simp argument is unused:
  zero_add

Hint: Omit it from the simp argument list.
  [apply] simp only [Functor.map_add, Functor.map_neg, Functor.map_zero, Functor.map_units_smul, map_rat_smul,
    Functor.map_comp, comp_add, add_comp, assoc, Linear.comp_smul, Linear.smul_comp, Linear.comp_units_smul,
    Linear.units_smul_comp, comp_zero, zero_comp, add_zero, ηh_s_hom_assoc, ηh_s_inv_assoc, ηh_map_assoc, ηh_s_hom,
    ηh_s_inv, ηh_map, mapC_XIsoOfEq_hom, mapC_XIsoOfEq_hom', InvFunctor.mapC, ηh_ηi_assoc, ηh_ηi,
    CategoryTheory.Functor.map_id, id_comp, comp_id, InvFunctor.mapDualIso_inv_f, cmp_map_fstX, cmp_map_sndX,
    inrX_map_assoc, inlX_map_assoc, Functor.mapHomologicalComplex_map_f]

Note: This linter can be disabled with `set_option linter.unusedSimpArgs false`
warning: HSFormal/LTheory/Model/LineNatural.lean:295:24: This simp argument is unused:
  ηh_s_hom_assoc

Hint: Omit it from the simp argument list.
  [apply] simp only [Functor.map_add, Functor.map_neg, Functor.map_zero, Functor.map_units_smul, map_rat_smul,
    Functor.map_comp, comp_add, add_comp, assoc, Linear.comp_smul, Linear.smul_comp, Linear.comp_units_smul,
    Linear.units_smul_comp, comp_zero, zero_comp, add_zero, zero_add, ηh_s_inv_assoc, ηh_map_assoc, ηh_s_hom, ηh_s_inv,
    ηh_map, mapC_XIsoOfEq_hom, mapC_XIsoOfEq_hom', InvFunctor.mapC, ηh_ηi_assoc, ηh_ηi, CategoryTheory.Functor.map_id,
    id_comp, comp_id, InvFunctor.mapDualIso_inv_f, cmp_map_fstX, cmp_map_sndX, inrX_map_assoc, inlX_map_assoc,
    Functor.mapHomologicalComplex_map_f]

Note: This linter can be disabled with `set_option linter.unusedSimpArgs false`
warning: HSFormal/LTheory/Model/LineNatural.lean:295:40: This simp argument is unused:
  ηh_s_inv_assoc

Hint: Omit it from the simp argument list.
  [apply] simp only [Functor.map_add, Functor.map_neg, Functor.map_zero, Functor.map_units_smul, map_rat_smul,
    Functor.map_comp, comp_add, add_comp, assoc, Linear.comp_smul, Linear.smul_comp, Linear.comp_units_smul,
    Linear.units_smul_comp, comp_zero, zero_comp, add_zero, zero_add, ηh_s_hom_assoc, ηh_map_assoc, ηh_s_hom, ηh_s_inv,
    ηh_map, mapC_XIsoOfEq_hom, mapC_XIsoOfEq_hom', InvFunctor.mapC, ηh_ηi_assoc, ηh_ηi, CategoryTheory.Functor.map_id,
    id_comp, comp_id, InvFunctor.mapDualIso_inv_f, cmp_map_fstX, cmp_map_sndX, inrX_map_assoc, inlX_map_assoc,
    Functor.mapHomologicalComplex_map_f]

Note: This linter can be disabled with `set_option linter.unusedSimpArgs false`
warning: HSFormal/LTheory/Model/LineNatural.lean:295:70: This simp argument is unused:
  ηh_s_hom

Hint: Omit it from the simp argument list.
  [apply] simp only [Functor.map_add, Functor.map_neg, Functor.map_zero, Functor.map_units_smul, map_rat_smul,
    Functor.map_comp, comp_add, add_comp, assoc, Linear.comp_smul, Linear.smul_comp, Linear.comp_units_smul,
    Linear.units_smul_comp, comp_zero, zero_comp, add_zero, zero_add, ηh_s_hom_assoc, ηh_s_inv_assoc, ηh_map_assoc,
    ηh_s_inv, ηh_map, mapC_XIsoOfEq_hom, mapC_XIsoOfEq_hom', InvFunctor.mapC, ηh_ηi_assoc, ηh_ηi,
    CategoryTheory.Functor.map_id, id_comp, comp_id, InvFunctor.mapDualIso_inv_f, cmp_map_fstX, cmp_map_sndX,
    inrX_map_assoc, inlX_map_assoc, Functor.mapHomologicalComplex_map_f]

Note: This linter can be disabled with `set_option linter.unusedSimpArgs false`
warning: HSFormal/LTheory/Model/LineNatural.lean:295:80: This simp argument is unused:
  ηh_s_inv

Hint: Omit it from the simp argument list.
  [apply] simp only [Functor.map_add, Functor.map_neg, Functor.map_zero, Functor.map_units_smul, map_rat_smul,
    Functor.map_comp, comp_add, add_comp, assoc, Linear.comp_smul, Linear.smul_comp, Linear.comp_units_smul,
    Linear.units_smul_comp, comp_zero, zero_comp, add_zero, zero_add, ηh_s_hom_assoc, ηh_s_inv_assoc, ηh_map_assoc,
    ηh_s_hom, ηh_map, mapC_XIsoOfEq_hom, mapC_XIsoOfEq_hom', InvFunctor.mapC, ηh_ηi_assoc, ηh_ηi,
    CategoryTheory.Functor.map_id, id_comp, comp_id, InvFunctor.mapDualIso_inv_f, cmp_map_fstX, cmp_map_sndX,
    inrX_map_assoc, inlX_map_assoc, Functor.mapHomologicalComplex_map_f]

Note: This linter can be disabled with `set_option linter.unusedSimpArgs false`
warning: HSFormal/LTheory/Model/LineNatural.lean:296:4: This simp argument is unused:
  ηh_map

Hint: Omit it from the simp argument list.
  [apply] simp only [Functor.map_add, Functor.map_neg, Functor.map_zero, Functor.map_units_smul, map_rat_smul,
    Functor.map_comp, comp_add, add_comp, assoc, Linear.comp_smul, Linear.smul_comp, Linear.comp_units_smul,
    Linear.units_smul_comp, comp_zero, zero_comp, add_zero, zero_add, ηh_s_hom_assoc, ηh_s_inv_assoc, ηh_map_assoc,
    ηh_s_hom, ηh_s_inv, mapC_XIsoOfEq_hom, mapC_XIsoOfEq_hom', InvFunctor.mapC, ηh_ηi_assoc, ηh_ηi,
    CategoryTheory.Functor.map_id, id_comp, comp_id, InvFunctor.mapDualIso_inv_f, cmp_map_fstX, cmp_map_sndX,
    inrX_map_assoc, inlX_map_assoc, Functor.mapHomologicalComplex_map_f]

Note: This linter can be disabled with `set_option linter.unusedSimpArgs false`
warning: HSFormal/LTheory/Model/LineNatural.lean:296:12: This simp argument is unused:
  mapC_XIsoOfEq_hom

Hint: Omit it from the simp argument list.
  [apply] simp only [Functor.map_add, Functor.map_neg, Functor.map_zero, Functor.map_units_smul, map_rat_smul,
    Functor.map_comp, comp_add, add_comp, assoc, Linear.comp_smul, Linear.smul_comp, Linear.comp_units_smul,
    Linear.units_smul_comp, comp_zero, zero_comp, add_zero, zero_add, ηh_s_hom_assoc, ηh_s_inv_assoc, ηh_map_assoc,
    ηh_s_hom, ηh_s_inv, ηh_map, mapC_XIsoOfEq_hom', InvFunctor.mapC, ηh_ηi_assoc, ηh_ηi, CategoryTheory.Functor.map_id,
    id_comp, comp_id, InvFunctor.mapDualIso_inv_f, cmp_map_fstX, cmp_map_sndX, inrX_map_assoc, inlX_map_assoc,
    Functor.mapHomologicalComplex_map_f]

Note: This linter can be disabled with `set_option linter.unusedSimpArgs false`
warning: HSFormal/LTheory/Model/LineNatural.lean:296:68: This simp argument is unused:
  ηh_ηi_assoc

Hint: Omit it from the simp argument list.
  [apply] simp only [Functor.map_add, Functor.map_neg, Functor.map_zero, Functor.map_units_smul, map_rat_smul,
    Functor.map_comp, comp_add, add_comp, assoc, Linear.comp_smul, Linear.smul_comp, Linear.comp_units_smul,
    Linear.units_smul_comp, comp_zero, zero_comp, add_zero, zero_add, ηh_s_hom_assoc, ηh_s_inv_assoc, ηh_map_assoc,
    ηh_s_hom, ηh_s_inv, ηh_map, mapC_XIsoOfEq_hom, mapC_XIsoOfEq_hom', InvFunctor.mapC, ηh_ηi,
    CategoryTheory.Functor.map_id, id_comp, comp_id, InvFunctor.mapDualIso_inv_f, cmp_map_fstX, cmp_map_sndX,
    inrX_map_assoc, inlX_map_assoc, Functor.mapHomologicalComplex_map_f]

Note: This linter can be disabled with `set_option linter.unusedSimpArgs false`
warning: HSFormal/LTheory/Model/LineNatural.lean:296:81: This simp argument is unused:
  ηh_ηi

Hint: Omit it from the simp argument list.
  [apply] simp only [Functor.map_add, Functor.map_neg, Functor.map_zero, Functor.map_units_smul, map_rat_smul,
    Functor.map_comp, comp_add, add_comp, assoc, Linear.comp_smul, Linear.smul_comp, Linear.comp_units_smul,
    Linear.units_smul_comp, comp_zero, zero_comp, add_zero, zero_add, ηh_s_hom_assoc, ηh_s_inv_assoc, ηh_map_assoc,
    ηh_s_hom, ηh_s_inv, ηh_map, mapC_XIsoOfEq_hom, mapC_XIsoOfEq_hom', InvFunctor.mapC, ηh_ηi_assoc,
    CategoryTheory.Functor.map_id, id_comp, comp_id, InvFunctor.mapDualIso_inv_f, cmp_map_fstX, cmp_map_sndX,
    inrX_map_assoc, inlX_map_assoc, Functor.mapHomologicalComplex_map_f]

Note: This linter can be disabled with `set_option linter.unusedSimpArgs false`
warning: HSFormal/LTheory/Model/LineNatural.lean:297:35: This simp argument is unused:
  id_comp

Hint: Omit it from the simp argument list.
  [apply] simp only [Functor.map_add, Functor.map_neg, Functor.map_zero, Functor.map_units_smul, map_rat_smul,
    Functor.map_comp, comp_add, add_comp, assoc, Linear.comp_smul, Linear.smul_comp, Linear.comp_units_smul,
    Linear.units_smul_comp, comp_zero, zero_comp, add_zero, zero_add, ηh_s_hom_assoc, ηh_s_inv_assoc, ηh_map_assoc,
    ηh_s_hom, ηh_s_inv, ηh_map, mapC_XIsoOfEq_hom, mapC_XIsoOfEq_hom', InvFunctor.mapC, ηh_ηi_assoc, ηh_ηi,
    CategoryTheory.Functor.map_id, comp_id, InvFunctor.mapDualIso_inv_f, cmp_map_fstX, cmp_map_sndX, inrX_map_assoc,
    inlX_map_assoc, Functor.mapHomologicalComplex_map_f]

Note: This linter can be disabled with `set_option linter.unusedSimpArgs false`
warning: HSFormal/LTheory/Model/LineNatural.lean:297:44: This simp argument is unused:
  comp_id

Hint: Omit it from the simp argument list.
  [apply] simp only [Functor.map_add, Functor.map_neg, Functor.map_zero, Functor.map_units_smul, map_rat_smul,
    Functor.map_comp, comp_add, add_comp, assoc, Linear.comp_smul, Linear.smul_comp, Linear.comp_units_smul,
    Linear.units_smul_comp, comp_zero, zero_comp, add_zero, zero_add, ηh_s_hom_assoc, ηh_s_inv_assoc, ηh_map_assoc,
    ηh_s_hom, ηh_s_inv, ηh_map, mapC_XIsoOfEq_hom, mapC_XIsoOfEq_hom', InvFunctor.mapC, ηh_ηi_assoc, ηh_ηi,
    CategoryTheory.Functor.map_id, id_comp, InvFunctor.mapDualIso_inv_f, cmp_map_fstX, cmp_map_sndX, inrX_map_assoc,
    inlX_map_assoc, Functor.mapHomologicalComplex_map_f]

Note: This linter can be disabled with `set_option linter.unusedSimpArgs false`
warning: HSFormal/LTheory/Model/LineNatural.lean:297:82: This simp argument is unused:
  cmp_map_fstX

Hint: Omit it from the simp argument list.
  [apply] simp only [Functor.map_add, Functor.map_neg, Functor.map_zero, Functor.map_units_smul, map_rat_smul,
    Functor.map_comp, comp_add, add_comp, assoc, Linear.comp_smul, Linear.smul_comp, Linear.comp_units_smul,
    Linear.units_smul_comp, comp_zero, zero_comp, add_zero, zero_add, ηh_s_hom_assoc, ηh_s_inv_assoc, ηh_map_assoc,
    ηh_s_hom, ηh_s_inv, ηh_map, mapC_XIsoOfEq_hom, mapC_XIsoOfEq_hom', InvFunctor.mapC, ηh_ηi_assoc, ηh_ηi,
    CategoryTheory.Functor.map_id, id_comp, comp_id, InvFunctor.mapDualIso_inv_f, cmp_map_sndX, inrX_map_assoc,
    inlX_map_assoc, Functor.mapHomologicalComplex_map_f]

Note: This linter can be disabled with `set_option linter.unusedSimpArgs false`
warning: HSFormal/LTheory/Model/LineNatural.lean:298:4: This simp argument is unused:
  cmp_map_sndX

Hint: Omit it from the simp argument list.
  [apply] simp only [Functor.map_add, Functor.map_neg, Functor.map_zero, Functor.map_units_smul, map_rat_smul,
    Functor.map_comp, comp_add, add_comp, assoc, Linear.comp_smul, Linear.smul_comp, Linear.comp_units_smul,
    Linear.units_smul_comp, comp_zero, zero_comp, add_zero, zero_add, ηh_s_hom_assoc, ηh_s_inv_assoc, ηh_map_assoc,
    ηh_s_hom, ηh_s_inv, ηh_map, mapC_XIsoOfEq_hom, mapC_XIsoOfEq_hom', InvFunctor.mapC, ηh_ηi_assoc, ηh_ηi,
    CategoryTheory.Functor.map_id, id_comp, comp_id, InvFunctor.mapDualIso_inv_f, cmp_map_fstX, inrX_map_assoc,
    inlX_map_assoc, Functor.mapHomologicalComplex_map_f]

Note: This linter can be disabled with `set_option linter.unusedSimpArgs false`
warning: HSFormal/LTheory/Model/LineNatural.lean:298:18: This simp argument is unused:
  inrX_map_assoc

Hint: Omit it from the simp argument list.
  [apply] simp only [Functor.map_add, Functor.map_neg, Functor.map_zero, Functor.map_units_smul, map_rat_smul,
    Functor.map_comp, comp_add, add_comp, assoc, Linear.comp_smul, Linear.smul_comp, Linear.comp_units_smul,
    Linear.units_smul_comp, comp_zero, zero_comp, add_zero, zero_add, ηh_s_hom_assoc, ηh_s_inv_assoc, ηh_map_assoc,
    ηh_s_hom, ηh_s_inv, ηh_map, mapC_XIsoOfEq_hom, mapC_XIsoOfEq_hom', InvFunctor.mapC, ηh_ηi_assoc, ηh_ηi,
    CategoryTheory.Functor.map_id, id_comp, comp_id, InvFunctor.mapDualIso_inv_f, cmp_map_fstX, cmp_map_sndX,
    inlX_map_assoc, Functor.mapHomologicalComplex_map_f]

Note: This linter can be disabled with `set_option linter.unusedSimpArgs false`
warning: HSFormal/LTheory/Model/LineNatural.lean:298:34: This simp argument is unused:
  inlX_map_assoc

Hint: Omit it from the simp argument list.
  [apply] simp only [Functor.map_add, Functor.map_neg, Functor.map_zero, Functor.map_units_smul, map_rat_smul,
    Functor.map_comp, comp_add, add_comp, assoc, Linear.comp_smul, Linear.smul_comp, Linear.comp_units_smul,
    Linear.units_smul_comp, comp_zero, zero_comp, add_zero, zero_add, ηh_s_hom_assoc, ηh_s_inv_assoc, ηh_map_assoc,
    ηh_s_hom, ηh_s_inv, ηh_map, mapC_XIsoOfEq_hom, mapC_XIsoOfEq_hom', InvFunctor.mapC, ηh_ηi_assoc, ηh_ηi,
    CategoryTheory.Functor.map_id, id_comp, comp_id, InvFunctor.mapDualIso_inv_f, cmp_map_fstX, cmp_map_sndX,
    inrX_map_assoc, Functor.mapHomologicalComplex_map_f]

Note: This linter can be disabled with `set_option linter.unusedSimpArgs false`
warning: HSFormal/LTheory/Model/LineNatural.lean:298:50: This simp argument is unused:
  Functor.mapHomologicalComplex_map_f

Hint: Omit it from the simp argument list.
  [apply] simp only [Functor.map_add, Functor.map_neg, Functor.map_zero, Functor.map_units_smul, map_rat_smul,
    Functor.map_comp, comp_add, add_comp, assoc, Linear.comp_smul, Linear.smul_comp, Linear.comp_units_smul,
    Linear.units_smul_comp, comp_zero, zero_comp, add_zero, zero_add, ηh_s_hom_assoc, ηh_s_inv_assoc, ηh_map_assoc,
    ηh_s_hom, ηh_s_inv, ηh_map, mapC_XIsoOfEq_hom, mapC_XIsoOfEq_hom', InvFunctor.mapC, ηh_ηi_assoc, ηh_ηi,
    CategoryTheory.Functor.map_id, id_comp, comp_id, InvFunctor.mapDualIso_inv_f, cmp_map_fstX, cmp_map_sndX,
    inrX_map_assoc, inlX_map_assoc]

Note: This linter can be disabled with `set_option linter.unusedSimpArgs false`
warning: HSFormal/LTheory/Model/LineNatural.lean:302:2: Unused tactic linter: `all_goals abel` does nothing

Note: This linter can be disabled with `set_option linter.unusedTactic false`
warning: HSFormal/LTheory/Model/LineNatural.lean:302:12: this tactic is never executed

Note: This linter can be disabled with `set_option linter.unreachableTactic false`
warning: HSFormal/LTheory/Model/LineNatural.lean:322:33: This simp argument is unused:
  SymPoincare.map_φ

Hint: Omit it from the simp argument list.
  [apply] simp only [asIso_hom, sym_φ, InvFunctor.mapDual_comp_mapH, map_θ, assoc]

Note: This linter can be disabled with `set_option linter.unusedSimpArgs false`
warning: HSFormal/LTheory/Model/LineNatural.lean:356:28: This simp argument is unused:
  hT

Hint: Omit it from the simp argument list.
  [apply] simp only [θ_f]

Note: This linter can be disabled with `set_option linter.unusedSimpArgs false`
warning: HSFormal/LTheory/Model/LineNatural.lean:380:40: This simp argument is unused:
  ηi_map_assoc

Hint: Omit it from the simp argument list.
  [apply] simp [← Functor.map_comp]

Note: This linter can be disabled with `set_option linter.unusedSimpArgs false`
warning: HSFormal/LTheory/Model/LineNatural.lean:422:34: This simp argument is unused:
  SymPoincare.neg_φ

Hint: Omit it from the simp argument list.
  [apply] simp only [comp_f, asIso_hom, sym_φ, neg_comp, comp_neg, neg_f_apply, dualHom_f, SymPair.toClosed_φ_f]

Note: This linter can be disabled with `set_option linter.unusedSimpArgs false`
warning: HSFormal/LTheory/Model/LineNatural.lean:431:22: Used `tac1 <;> tac2` where `(tac1; tac2)` would suffice

Note: This linter can be disabled with `set_option linter.unnecessarySeqFocus false`
⚠ [9258/9345] Replayed HSFormal.LTheory.Model.Swindle
warning: HSFormal/LTheory/Model/Swindle.lean:214:72: Unused tactic linter: `rfl` does nothing

Note: This linter can be disabled with `set_option linter.unusedTactic false`
warning: HSFormal/LTheory/Model/Swindle.lean:214:72: this tactic is never executed

Note: This linter can be disabled with `set_option linter.unreachableTactic false`
⚠ [9259/9345] Replayed HSFormal.LTheory.Model.Colim
warning: HSFormal/LTheory/Model/Colim.lean:378:59: `AddMonoidHom.finset_sum_apply` has been deprecated: Use `AddMonoidHom.finsetSum_apply` instead

Hint: Replace the deprecated name:
  AddMonoidHom.finset_̵s̵S̲um_apply
warning: HSFormal/LTheory/Model/Colim.lean:379:6: `AddMonoidHom.finset_sum_apply` has been deprecated: Use `AddMonoidHom.finsetSum_apply` instead

Hint: Replace the deprecated name:
  AddMonoidHom.finset_̵s̵S̲um_apply
⚠ [9260/9345] Replayed HSFormal.LTheory.Model.GlueHomotopy
warning: HSFormal/LTheory/Model/GlueHomotopy.lean:165:27: This simp argument is unused:
  dualComplex_d

Hint: Omit it from the simp argument list.
  [apply] simp only [comp_sub, Linear.units_smul_comp, Linear.comp_units_smul, reassoc_of% e]

Note: This linter can be disabled with `set_option linter.unusedSimpArgs false`
⚠ [9262/9345] Replayed HSFormal.LTheory.Model.Cobordism
warning: HSFormal/LTheory/Model/Cobordism.lean:160:13: This simp argument is unused:
  SymPoincare.sum_φ

Hint: Omit it from the simp argument list.
  [apply] simp only [comp_add, add_comp, assoc, inl_j, inr_j]

Note: This linter can be disabled with `set_option linter.unusedSimpArgs false`
warning: HSFormal/LTheory/Model/Cobordism.lean:214:38: Used `tac1 <;> tac2` where `(tac1; tac2)` would suffice

Note: This linter can be disabled with `set_option linter.unnecessarySeqFocus false`
warning: HSFormal/LTheory/Model/Cobordism.lean:214:62: Used `tac1 <;> tac2` where `(tac1; tac2)` would suffice

Note: This linter can be disabled with `set_option linter.unnecessarySeqFocus false`
warning: HSFormal/LTheory/Model/Cobordism.lean:250:39: This simp argument is unused:
  SymPoincare.sum_φ

Hint: Omit it from the simp argument list.
  [apply] simp only [star_f_XIsoOfEq_assoc (sumFst (bD X Z)) hk, Homotopy.compLeft_hom, Homotopy.compRight_hom,
    dualHom_f, add_f_apply, comp_f, add_comp, comp_add, assoc, star_sumFst_sumInl_assoc, star_sumFst_sumInr_assoc,
    inl_j_f, inr_j_f, zero_comp, comp_zero, add_zero]

Note: This linter can be disabled with `set_option linter.unusedSimpArgs false`
⚠ [9263/9345] Replayed HSFormal.LTheory.Model.Bdry
warning: HSFormal/LTheory/Model/Bdry.lean:147:31: This simp argument is unused:
  id_comp

Hint: Omit it from the simp argument list.
  [apply] simp only [Iso.refl_hom, comp_id, SymPoincare.sum_C, sumComplex_d, closedOfIsZero_C, map_D, quotSumBicone,
    Functor.mapBinaryBicone_fst, Functor.mapBinaryBicone_inl, Functor.mapBinaryBicone_snd, Functor.mapBinaryBicone_inr,
    Functor.mapHomologicalComplex_obj_d, ← Functor.map_comp]

Note: This linter can be disabled with `set_option linter.unusedSimpArgs false`
warning: HSFormal/LTheory/Model/Bdry.lean:147:40: This simp argument is unused:
  comp_id

Hint: Omit it from the simp argument list.
  [apply] simp only [Iso.refl_hom, id_comp, SymPoincare.sum_C, sumComplex_d, closedOfIsZero_C, map_D, quotSumBicone,
    Functor.mapBinaryBicone_fst, Functor.mapBinaryBicone_inl, Functor.mapBinaryBicone_snd, Functor.mapBinaryBicone_inr,
    Functor.mapHomologicalComplex_obj_d, ← Functor.map_comp]

Note: This linter can be disabled with `set_option linter.unusedSimpArgs false`
warning: HSFormal/LTheory/Model/Bdry.lean:147:68: This simp argument is unused:
  sumComplex_d

Hint: Omit it from the simp argument list.
  [apply] simp only [Iso.refl_hom, id_comp, comp_id, SymPoincare.sum_C, closedOfIsZero_C, map_D, quotSumBicone,
    Functor.mapBinaryBicone_fst, Functor.mapBinaryBicone_inl, Functor.mapBinaryBicone_snd, Functor.mapBinaryBicone_inr,
    Functor.mapHomologicalComplex_obj_d, ← Functor.map_comp]

Note: This linter can be disabled with `set_option linter.unusedSimpArgs false`
warning: HSFormal/LTheory/Model/Bdry.lean:148:8: This simp argument is unused:
  closedOfIsZero_C

Hint: Omit it from the simp argument list.
  [apply] simp only [Iso.refl_hom, id_comp, comp_id, SymPoincare.sum_C, sumComplex_d, map_D, quotSumBicone,
    Functor.mapBinaryBicone_fst, Functor.mapBinaryBicone_inl, Functor.mapBinaryBicone_snd, Functor.mapBinaryBicone_inr,
    Functor.mapHomologicalComplex_obj_d, ← Functor.map_comp]

Note: This linter can be disabled with `set_option linter.unusedSimpArgs false`
warning: HSFormal/LTheory/Model/Bdry.lean:148:26: This simp argument is unused:
  map_D

Hint: Omit it from the simp argument list.
  [apply] simp only [Iso.refl_hom, id_comp, comp_id, SymPoincare.sum_C, sumComplex_d, closedOfIsZero_C, quotSumBicone,
    Functor.mapBinaryBicone_fst, Functor.mapBinaryBicone_inl, Functor.mapBinaryBicone_snd, Functor.mapBinaryBicone_inr,
    Functor.mapHomologicalComplex_obj_d, ← Functor.map_comp]

Note: This linter can be disabled with `set_option linter.unusedSimpArgs false`
warning: HSFormal/LTheory/Model/Bdry.lean:150:8: This simp argument is unused:
  Functor.mapHomologicalComplex_obj_d

Hint: Omit it from the simp argument list.
  [apply] simp only [Iso.refl_hom, id_comp, comp_id, SymPoincare.sum_C, sumComplex_d, closedOfIsZero_C, map_D,
    quotSumBicone, Functor.mapBinaryBicone_fst, Functor.mapBinaryBicone_inl, Functor.mapBinaryBicone_snd,
    Functor.mapBinaryBicone_inr, ← Functor.map_comp]

Note: This linter can be disabled with `set_option linter.unusedSimpArgs false`
warning: HSFormal/LTheory/Model/Bdry.lean:150:45: This simp argument is unused:
  ← Functor.map_comp

Hint: Omit it from the simp argument list.
  [apply] simp only [Iso.refl_hom, id_comp, comp_id, SymPoincare.sum_C, sumComplex_d, closedOfIsZero_C, map_D,
    quotSumBicone, Functor.mapBinaryBicone_fst, Functor.mapBinaryBicone_inl, Functor.mapBinaryBicone_snd,
    Functor.mapBinaryBicone_inr, Functor.mapHomologicalComplex_obj_d]

Note: Simp arguments with `←` have the additional effect of removing the other direction from the simp set, even if the simp argument itself is unused. If the hint above does not work, try replacing `←` with `-` to only get that effect and silence this warning.

Note: This linter can be disabled with `set_option linter.unusedSimpArgs false`
warning: HSFormal/LTheory/Model/Bdry.lean:154:17: This simp argument is unused:
  Iso.refl_hom

Hint: Omit it from the simp argument list.
  [apply] simp only [comp_f, Hom.isoOfComponents_hom_f, id_comp, comp_id, SymPoincare.sum_p, closedOfIsZero_p, map_pD,
    add_f_apply, sumFst_f, sumInl_f, sumSnd_f, sumInr_f, quotSumBicone, Functor.mapBinaryBicone_fst,
    Functor.mapBinaryBicone_inl, Functor.mapBinaryBicone_snd, Functor.mapBinaryBicone_inr, InvFunctor.mapH,
    Functor.mapHomologicalComplex_map_f, ← Functor.map_comp]

Note: This linter can be disabled with `set_option linter.unusedSimpArgs false`
warning: HSFormal/LTheory/Model/Bdry.lean:154:39: This simp argument is unused:
  Hom.isoOfComponents_hom_f

Hint: Omit it from the simp argument list.
  [apply] simp only [Iso.refl_hom, comp_f, id_comp, comp_id, SymPoincare.sum_p, closedOfIsZero_p, map_pD, add_f_apply,
    sumFst_f, sumInl_f, sumSnd_f, sumInr_f, quotSumBicone, Functor.mapBinaryBicone_fst, Functor.mapBinaryBicone_inl,
    Functor.mapBinaryBicone_snd, Functor.mapBinaryBicone_inr, InvFunctor.mapH, Functor.mapHomologicalComplex_map_f,
    ← Functor.map_comp]

Note: This linter can be disabled with `set_option linter.unusedSimpArgs false`
warning: HSFormal/LTheory/Model/Bdry.lean:154:66: This simp argument is unused:
  id_comp

Hint: Omit it from the simp argument list.
  [apply] simp only [Iso.refl_hom, comp_f, Hom.isoOfComponents_hom_f, comp_id, SymPoincare.sum_p, closedOfIsZero_p,
    map_pD, add_f_apply, sumFst_f, sumInl_f, sumSnd_f, sumInr_f, quotSumBicone, Functor.mapBinaryBicone_fst,
    Functor.mapBinaryBicone_inl, Functor.mapBinaryBicone_snd, Functor.mapBinaryBicone_inr, InvFunctor.mapH,
    Functor.mapHomologicalComplex_map_f, ← Functor.map_comp]

Note: This linter can be disabled with `set_option linter.unusedSimpArgs false`
warning: HSFormal/LTheory/Model/Bdry.lean:154:75: This simp argument is unused:
  comp_id

Hint: Omit it from the simp argument list.
  [apply] simp only [Iso.refl_hom, comp_f, Hom.isoOfComponents_hom_f, id_comp, SymPoincare.sum_p, closedOfIsZero_p,
    map_pD, add_f_apply, sumFst_f, sumInl_f, sumSnd_f, sumInr_f, quotSumBicone, Functor.mapBinaryBicone_fst,
    Functor.mapBinaryBicone_inl, Functor.mapBinaryBicone_snd, Functor.mapBinaryBicone_inr, InvFunctor.mapH,
    Functor.mapHomologicalComplex_map_f, ← Functor.map_comp]

Note: This linter can be disabled with `set_option linter.unusedSimpArgs false`
warning: HSFormal/LTheory/Model/Bdry.lean:155:8: This simp argument is unused:
  SymPoincare.sum_p

Hint: Omit it from the simp argument list.
  [apply] simp only [Iso.refl_hom, comp_f, Hom.isoOfComponents_hom_f, id_comp, comp_id, closedOfIsZero_p, map_pD,
    add_f_apply, sumFst_f, sumInl_f, sumSnd_f, sumInr_f, quotSumBicone, Functor.mapBinaryBicone_fst,
    Functor.mapBinaryBicone_inl, Functor.mapBinaryBicone_snd, Functor.mapBinaryBicone_inr, InvFunctor.mapH,
    Functor.mapHomologicalComplex_map_f, ← Functor.map_comp]

Note: This linter can be disabled with `set_option linter.unusedSimpArgs false`
warning: HSFormal/LTheory/Model/Bdry.lean:158:45: This simp argument is unused:
  ← Functor.map_comp

Hint: Omit it from the simp argument list.
  [apply] simp only [Iso.refl_hom, comp_f, Hom.isoOfComponents_hom_f, id_comp, comp_id, SymPoincare.sum_p,
    closedOfIsZero_p, map_pD, add_f_apply, sumFst_f, sumInl_f, sumSnd_f, sumInr_f, quotSumBicone,
    Functor.mapBinaryBicone_fst, Functor.mapBinaryBicone_inl, Functor.mapBinaryBicone_snd, Functor.mapBinaryBicone_inr,
    InvFunctor.mapH, Functor.mapHomologicalComplex_map_f]

Note: Simp arguments with `←` have the additional effect of removing the other direction from the simp set, even if the simp argument itself is unused. If the hint above does not work, try replacing `←` with `-` to only get that effect and silence this warning.

Note: This linter can be disabled with `set_option linter.unusedSimpArgs false`
warning: HSFormal/LTheory/Model/Bdry.lean:162:25: This simp argument is unused:
  Hom.isoOfComponents_hom_f

Hint: Omit it from the simp argument list.
  [apply] simp only [comp_f, Iso.refl_hom, dualHom_f, comp_id, SymPoincare.sum_φ, closedOfIsZero_φ, topHom_f, map_top]

Note: This linter can be disabled with `set_option linter.unusedSimpArgs false`
warning: HSFormal/LTheory/Model/Bdry.lean:162:52: This simp argument is unused:
  Iso.refl_hom

Hint: Omit it from the simp argument list.
  [apply] simp only [comp_f, Hom.isoOfComponents_hom_f, dualHom_f, comp_id, SymPoincare.sum_φ, closedOfIsZero_φ,
    topHom_f, map_top]

Note: This linter can be disabled with `set_option linter.unusedSimpArgs false`
warning: HSFormal/LTheory/Model/Bdry.lean:162:77: This simp argument is unused:
  comp_id

Hint: Omit it from the simp argument list.
  [apply] simp only [comp_f, Hom.isoOfComponents_hom_f, Iso.refl_hom, dualHom_f, SymPoincare.sum_φ, closedOfIsZero_φ,
    topHom_f, map_top]

Note: This linter can be disabled with `set_option linter.unusedSimpArgs false`
warning: HSFormal/LTheory/Model/Bdry.lean:163:8: This simp argument is unused:
  SymPoincare.sum_φ

Hint: Omit it from the simp argument list.
  [apply] simp only [comp_f, Hom.isoOfComponents_hom_f, Iso.refl_hom, dualHom_f, comp_id, closedOfIsZero_φ, topHom_f,
    map_top]

Note: This linter can be disabled with `set_option linter.unusedSimpArgs false`
warning: HSFormal/LTheory/Model/Bdry.lean:168:8: This simp argument is unused:
  ← F.proj.map_star

Hint: Omit it from the simp argument list.
  [apply] simp only [add_f_apply, comp_f, dualHom_f, topHom_f, map_top, sumInl_f, sumInr_f, quotSumBicone,
    Functor.mapBinaryBicone_inl, Functor.mapBinaryBicone_inr, Functor.map_add, Functor.map_comp]

Note: Simp arguments with `←` have the additional effect of removing the other direction from the simp set, even if the simp argument itself is unused. If the hint above does not work, try replacing `←` with `-` to only get that effect and silence this warning.

Note: This linter can be disabled with `set_option linter.unusedSimpArgs false`
warning: HSFormal/LTheory/Model/Bdry.lean:168:27: This simp argument is unused:
  Functor.map_add

Hint: Omit it from the simp argument list.
  [apply] simp only [add_f_apply, comp_f, dualHom_f, topHom_f, map_top, sumInl_f, sumInr_f, quotSumBicone,
    Functor.mapBinaryBicone_inl, Functor.mapBinaryBicone_inr, ← F.proj.map_star, Functor.map_comp]

Note: This linter can be disabled with `set_option linter.unusedSimpArgs false`
warning: HSFormal/LTheory/Model/Bdry.lean:168:44: This simp argument is unused:
  Functor.map_comp

Hint: Omit it from the simp argument list.
  [apply] simp only [add_f_apply, comp_f, dualHom_f, topHom_f, map_top, sumInl_f, sumInr_f, quotSumBicone,
    Functor.mapBinaryBicone_inl, Functor.mapBinaryBicone_inr, ← F.proj.map_star, Functor.map_add]

Note: This linter can be disabled with `set_option linter.unusedSimpArgs false`
warning: HSFormal/LTheory/Model/Bdry.lean:362:13: `dif_pos` has been deprecated: Use `dite_eq_left` instead

Hint: Replace the deprecated name:
  d̵i̵f̵_̵p̵o̵s̵d̲i̲t̲e̲_̲e̲q̲_̲l̲e̲f̲t̲
warning: HSFormal/LTheory/Model/Bdry.lean:367:13: `dif_neg` has been deprecated: Use `dite_eq_right` instead

Hint: Replace the deprecated name:
  d̵i̵f̵_̵n̵e̵g̵d̲i̲t̲e̲_̲e̲q̲_̲r̲i̲g̲h̲t̲
⚠ [9264/9345] Replayed HSFormal.LTheory.Model.Triads
warning: HSFormal/LTheory/Model/Triads.lean:126:13: This simp argument is unused:
  dualComplex_d

Hint: Omit it from the simp argument list.
  [apply] simp only [comp_sub, Linear.units_smul_comp, Linear.comp_units_smul,
    XIsoOfEq_star_d_assoc D (show N + 1 - r' = N - (r' - 1) by omega) (show N + 1 - (r' + 1) = N - r' by omega)]

Note: This linter can be disabled with `set_option linter.unusedSimpArgs false`
warning: HSFormal/LTheory/Model/Triads.lean:530:13: This simp argument is unused:
  dualComplex_d

Hint: Omit it from the simp argument list.
  [apply] simp only [triadCycle_f, comp_f, dualHom_f] at hφ h₀ h₁ hT

Note: This linter can be disabled with `set_option linter.unusedSimpArgs false`
warning: HSFormal/LTheory/Model/Triads.lean:533:24: This simp argument is unused:
  dualComplex_d

Hint: Omit it from the simp argument list.
  [apply] simp only [assoc, Linear.units_smul_comp, Linear.comp_units_smul, cone.star_fstX_d_assoc T.i₀ _ _ _ hi,
    star_fstX_ΨF_assoc]

Note: This linter can be disabled with `set_option linter.unusedSimpArgs false`
warning: HSFormal/LTheory/Model/Triads.lean:542:24: This simp argument is unused:
  dualComplex_d

Hint: Omit it from the simp argument list.
  [apply] simp only [assoc, Linear.units_smul_comp, Linear.comp_units_smul, cone.star_fstX_d_assoc T.i₀ _ _ _ hi,
    star_fstX_ΨF_assoc]

Note: This linter can be disabled with `set_option linter.unusedSimpArgs false`
warning: HSFormal/LTheory/Model/Triads.lean:553:24: This simp argument is unused:
  dualComplex_d

Hint: Omit it from the simp argument list.
  [apply] simp only [assoc, Linear.units_smul_comp, Linear.comp_units_smul, cone.star_sndX_d_assoc T.i₀ _ _ hi,
    star_sndX_ΨF_assoc]

Note: This linter can be disabled with `set_option linter.unusedSimpArgs false`
warning: HSFormal/LTheory/Model/Triads.lean:564:24: This simp argument is unused:
  dualComplex_d

Hint: Omit it from the simp argument list.
  [apply] simp only [assoc, Linear.units_smul_comp, Linear.comp_units_smul, cone.star_sndX_d_assoc T.i₀ _ _ hi,
    star_sndX_ΨF_assoc]

Note: This linter can be disabled with `set_option linter.unusedSimpArgs false`
warning: HSFormal/LTheory/Model/Triads.lean:800:85: `dif_pos` has been deprecated: Use `dite_eq_left` instead

Hint: Replace the deprecated name:
  d̵i̵f̵_̵p̵o̵s̵d̲i̲t̲e̲_̲e̲q̲_̲l̲e̲f̲t̲
warning: HSFormal/LTheory/Model/Triads.lean:804:27: `dif_neg` has been deprecated: Use `dite_eq_right` instead

Hint: Replace the deprecated name:
  d̵i̵f̵_̵n̵e̵g̵d̲i̲t̲e̲_̲e̲q̲_̲r̲i̲g̲h̲t̲
warning: HSFormal/LTheory/Model/Triads.lean:852:19: This simp argument is unused:
  dualComplex_d

Hint: Omit it from the simp argument list.
  [apply] simp only at hφ

Note: This linter can be disabled with `set_option linter.unusedSimpArgs false`
warning: HSFormal/LTheory/Model/Triads.lean:853:68: This simp argument is unused:
  dualComplex_d

Hint: Omit it from the simp argument list.
  [apply] simp only [SymPoincare.zero_φ, comp_zero, zero_f, add_zero, assoc, Linear.units_smul_comp, hφ,
    star_d_XIsoOfEq_assoc, Int.negOnePow_succ, Units.neg_smul, neg_comp, comp_neg, Linear.comp_units_smul,
    XIsoOfEq_hom_comp_star_d_assoc]

Note: This linter can be disabled with `set_option linter.unusedSimpArgs false`
warning: HSFormal/LTheory/Model/Triads.lean:1064:30: This simp argument is unused:
  ObjectProperty.eqToHom_hom

Hint: Omit it from the simp argument list.
  [apply] simp [transposeHomFamily, liftδφ_hom] at h' ⊢

Note: This linter can be disabled with `set_option linter.unusedSimpArgs false`
warning: HSFormal/LTheory/Model/Triads.lean:1337:25: This simp argument is unused:
  SymPoincare.map_p

Hint: Omit it from the simp argument list.
  [apply] simp only [← Functor.map_comp, X.j_kar]

Note: This linter can be disabled with `set_option linter.unusedSimpArgs false`
⚠ [9265/9345] Replayed HSFormal.LTheory.Model.Exact
warning: HSFormal/LTheory/Model/Exact.lean:207:13: This simp argument is unused:
  SymPoincare.map_φ

Hint: Omit it from the simp argument list.
  [apply] simp only [InvFunctor.mapDual_f]

Note: This linter can be disabled with `set_option linter.unusedSimpArgs false`
⚠ [9267/9345] Replayed HSFormal.LTheory.Model.BoundaryConstructionRel
warning: HSFormal/LTheory/Model/BoundaryConstructionRel.lean:152:13: This simp argument is unused:
  dualComplex_d

Hint: Omit it from the simp argument list.
  [apply] simp only [Linear.units_smul_comp, assoc, XIsoOfEq_hom_comp_XIsoOfEq_hom_assoc, XIsoOfEq_rfl, Iso.refl_hom,
    id_comp]

Note: This linter can be disabled with `set_option linter.unusedSimpArgs false`
warning: HSFormal/LTheory/Model/BoundaryConstructionRel.lean:523:18: `dif_neg` has been deprecated: Use `dite_eq_right` instead

Hint: Replace the deprecated name:
  d̵i̵f̵_̵n̵e̵g̵d̲i̲t̲e̲_̲e̲q̲_̲r̲i̲g̲h̲t̲
warning: HSFormal/LTheory/Model/BoundaryConstructionRel.lean:527:6: `dif_pos` has been deprecated: Use `dite_eq_left` instead

Hint: Replace the deprecated name:
  d̵i̵f̵_̵p̵o̵s̵d̲i̲t̲e̲_̲e̲q̲_̲l̲e̲f̲t̲
warning: HSFormal/LTheory/Model/BoundaryConstructionRel.lean:527:42: `dif_pos` has been deprecated: Use `dite_eq_left` instead

Hint: Replace the deprecated name:
  d̵i̵f̵_̵p̵o̵s̵d̲i̲t̲e̲_̲e̲q̲_̲l̲e̲f̲t̲
warning: HSFormal/LTheory/Model/BoundaryConstructionRel.lean:536:2: `dif_pos` has been deprecated: Use `dite_eq_left` instead

Hint: Replace the deprecated name:
  d̵i̵f̵_̵p̵o̵s̵d̲i̲t̲e̲_̲e̲q̲_̲l̲e̲f̲t̲
warning: HSFormal/LTheory/Model/BoundaryConstructionRel.lean:540:4: `dif_pos` has been deprecated: Use `dite_eq_left` instead

Hint: Replace the deprecated name:
  d̵i̵f̵_̵p̵o̵s̵d̲i̲t̲e̲_̲e̲q̲_̲l̲e̲f̲t̲
warning: HSFormal/LTheory/Model/BoundaryConstructionRel.lean:545:20: `dif_pos` has been deprecated: Use `dite_eq_left` instead

Hint: Replace the deprecated name:
  d̵i̵f̵_̵p̵o̵s̵d̲i̲t̲e̲_̲e̲q̲_̲l̲e̲f̲t̲
warning: HSFormal/LTheory/Model/BoundaryConstructionRel.lean:547:15: `dif_neg` has been deprecated: Use `dite_eq_right` instead

Hint: Replace the deprecated name:
  d̵i̵f̵_̵n̵e̵g̵d̲i̲t̲e̲_̲e̲q̲_̲r̲i̲g̲h̲t̲
warning: HSFormal/LTheory/Model/BoundaryConstructionRel.lean:556:71: `dif_pos` has been deprecated: Use `dite_eq_left` instead

Hint: Replace the deprecated name:
  d̵i̵f̵_̵p̵o̵s̵d̲i̲t̲e̲_̲e̲q̲_̲l̲e̲f̲t̲
warning: HSFormal/LTheory/Model/BoundaryConstructionRel.lean:565:15: `dif_neg` has been deprecated: Use `dite_eq_right` instead

Hint: Replace the deprecated name:
  d̵i̵f̵_̵n̵e̵g̵d̲i̲t̲e̲_̲e̲q̲_̲r̲i̲g̲h̲t̲
warning: HSFormal/LTheory/Model/BoundaryConstructionRel.lean:565:26: `dif_neg` has been deprecated: Use `dite_eq_right` instead

Hint: Replace the deprecated name:
  d̵i̵f̵_̵n̵e̵g̵d̲i̲t̲e̲_̲e̲q̲_̲r̲i̲g̲h̲t̲
warning: HSFormal/LTheory/Model/BoundaryConstructionRel.lean:1333:27: This simp argument is unused:
  desusp_d

Hint: Omit it from the simp argument list.
  [apply] simp only [ιT, assoc, homotopyCofiber_d, inlX_d T.i₁' (n' + 1) n' (n' - 1) (by simp) (by simp), comp_add,
    neg_comp, neg_neg, desuspMap_f]

Note: This linter can be disabled with `set_option linter.unusedSimpArgs false`
warning: HSFormal/LTheory/Model/BoundaryConstructionRel.lean:2025:24: Used `tac1 <;> tac2` where `(tac1; tac2)` would suffice

Note: This linter can be disabled with `set_option linter.unnecessarySeqFocus false`
warning: HSFormal/LTheory/Model/BoundaryConstructionRel.lean:2035:18: Used `tac1 <;> tac2` where `(tac1; tac2)` would suffice

Note: This linter can be disabled with `set_option linter.unnecessarySeqFocus false`
warning: HSFormal/LTheory/Model/BoundaryConstructionRel.lean:2444:47: This simp argument is unused:
  SymLift.quotComplex_d

Hint: Omit it from the simp argument list.
  [apply] simp only [Iso.refl_hom, id_comp, comp_id, RelLift.toSymLift, RelLift.ofQuotFam_d, map_liftQuotHom]

Note: This linter can be disabled with `set_option linter.unusedSimpArgs false`
warning: HSFormal/LTheory/Model/BoundaryConstructionRel.lean:2587:36: `if_pos` has been deprecated: Use `ite_eq_left` instead

Hint: Replace the deprecated name:
  i̵f̵_̵p̵o̵s̵i̲t̲e̲_̲e̲q̲_̲l̲e̲f̲t̲
warning: HSFormal/LTheory/Model/BoundaryConstructionRel.lean:2588:40: `if_neg` has been deprecated: Use `ite_eq_right` instead

Hint: Replace the deprecated name:
  i̵f̵_̵n̵e̵g̵i̲t̲e̲_̲e̲q̲_̲r̲i̲g̲h̲t̲
⚠ [9268/9345] Replayed HSFormal.LTheory.Model.CutIsoGen
warning: HSFormal/LTheory/Model/CutIsoGen.lean:103:27: This simp argument is unused:
  dualComplex_d

Hint: Omit it from the simp argument list.
  [apply] simp only [comp_sub, Linear.units_smul_comp, Linear.comp_units_smul, reassoc_of% e]

Note: This linter can be disabled with `set_option linter.unusedSimpArgs false`
warning: HSFormal/LTheory/Model/CutIsoGen.lean:259:0: automatically included section variable(s) unused in theorem `HSFormal.LTheory.PairOn.retargetδφ_hom`:
  [HasFiniteBiproducts V]
  [Linear ℚ V]
consider restructuring your `variable` declarations so that the variables are not in scope or explicitly omit them:
  omit [HasFiniteBiproducts V] [Linear ℚ V] in theorem ...

Note: This linter can be disabled with `set_option linter.unusedSectionVars false`
warning: HSFormal/LTheory/Model/CutIsoGen.lean:262:0: automatically included section variable(s) unused in theorem `HSFormal.LTheory.PairOn.retargetδφ_kar`:
  [HasFiniteBiproducts V]
  [Linear ℚ V]
consider restructuring your `variable` declarations so that the variables are not in scope or explicitly omit them:
  omit [HasFiniteBiproducts V] [Linear ℚ V] in theorem ...

Note: This linter can be disabled with `set_option linter.unusedSectionVars false`
warning: HSFormal/LTheory/Model/CutIsoGen.lean:308:0: automatically included section variable(s) unused in theorem `HSFormal.LTheory.PairOn.retarget_j_kar`:
  [HasFiniteBiproducts V]
  [Linear ℚ V]
consider restructuring your `variable` declarations so that the variables are not in scope or explicitly omit them:
  omit [HasFiniteBiproducts V] [Linear ℚ V] in theorem ...

Note: This linter can be disabled with `set_option linter.unusedSectionVars false`
warning: HSFormal/LTheory/Model/CutIsoGen.lean:370:0: automatically included section variable(s) unused in theorem `HSFormal.LTheory.unionK_hom`:
  [Linear ℚ V]
consider restructuring your `variable` declarations so that the variables are not in scope or explicitly omit them:
  omit [Linear ℚ V] in theorem ...

Note: This linter can be disabled with `set_option linter.unusedSectionVars false`
warning: HSFormal/LTheory/Model/CutIsoGen.lean:406:17: This simp argument is unused:
  dualHom_neg

Hint: Omit it from the simp argument list.
  [apply] simp only [neg_f_apply, SymPoincare.neg, comp_add, add_comp, comp_neg, neg_comp, Preadditive.neg_comp_neg,
    Preadditive.comp_neg, Preadditive.neg_comp]

Note: This linter can be disabled with `set_option linter.unusedSimpArgs false`
warning: HSFormal/LTheory/Model/CutIsoGen.lean:406:70: This simp argument is unused:
  add_comp

Hint: Omit it from the simp argument list.
  [apply] simp only [dualHom_neg, neg_f_apply, SymPoincare.neg, comp_add, comp_neg, neg_comp, Preadditive.neg_comp_neg,
    Preadditive.comp_neg, Preadditive.neg_comp]

Note: This linter can be disabled with `set_option linter.unusedSimpArgs false`
warning: HSFormal/LTheory/Model/CutIsoGen.lean:407:18: This simp argument is unused:
  Preadditive.neg_comp_neg

Hint: Omit it from the simp argument list.
  [apply] simp only [dualHom_neg, neg_f_apply, SymPoincare.neg, comp_add, add_comp, comp_neg, neg_comp,
    Preadditive.comp_neg, Preadditive.neg_comp]

Note: This linter can be disabled with `set_option linter.unusedSimpArgs false`
warning: HSFormal/LTheory/Model/CutIsoGen.lean:410:0: automatically included section variable(s) unused in theorem `HSFormal.LTheory.glue_u_kar`:
  [Linear ℚ V]
consider restructuring your `variable` declarations so that the variables are not in scope or explicitly omit them:
  omit [Linear ℚ V] in theorem ...

Note: This linter can be disabled with `set_option linter.unusedSectionVars false`
warning: HSFormal/LTheory/Model/CutIsoGen.lean:491:0: automatically included section variable(s) unused in theorem `HSFormal.LTheory.isoW_symm`:
  [HasBinaryBiproducts V]
  [HasFiniteBiproducts V]
consider restructuring your `variable` declarations so that the variables are not in scope or explicitly omit them:
  omit [HasBinaryBiproducts V] [HasFiniteBiproducts V] in theorem ...

Note: This linter can be disabled with `set_option linter.unusedSectionVars false`
warning: HSFormal/LTheory/Model/CutIsoGen.lean:495:79: This simp argument is unused:
  SymPoincare.neg

Hint: Omit it from the simp argument list.
  [apply] simp

Note: This linter can be disabled with `set_option linter.unusedSimpArgs false`
warning: HSFormal/LTheory/Model/CutIsoGen.lean:497:0: automatically included section variable(s) unused in theorem `HSFormal.LTheory.isoWneg_hom`:
  [HasBinaryBiproducts V]
  [HasFiniteBiproducts V]
consider restructuring your `variable` declarations so that the variables are not in scope or explicitly omit them:
  omit [HasBinaryBiproducts V] [HasFiniteBiproducts V] in theorem ...

Note: This linter can be disabled with `set_option linter.unusedSectionVars false`
warning: HSFormal/LTheory/Model/CutIsoGen.lean:509:0: automatically included section variable(s) unused in theorem `HSFormal.LTheory.iso_g_isKarEquiv`:
  [HasBinaryBiproducts V]
  [HasFiniteBiproducts V]
  [Linear ℚ V]
consider restructuring your `variable` declarations so that the variables are not in scope or explicitly omit them:
  omit [HasBinaryBiproducts V] [HasFiniteBiproducts V] [Linear ℚ V] in theorem ...

Note: This linter can be disabled with `set_option linter.unusedSectionVars false`
⚠ [9270/9345] Replayed HSFormal.LTheory.Model.CutWindow
warning: HSFormal/LTheory/Model/CutWindow.lean:416:79: `if_true` has been deprecated: Use `ite_true` instead

Hint: Replace the deprecated name:
  i̵f̵_̵t̵r̵u̵e̵i̲t̲e̲_̲t̲r̲u̲e̲
warning: HSFormal/LTheory/Model/CutWindow.lean:536:23: `if_neg` has been deprecated: Use `ite_eq_right` instead

Hint: Replace the deprecated name:
  i̵f̵_̵n̵e̵g̵i̲t̲e̲_̲e̲q̲_̲r̲i̲g̲h̲t̲
warning: HSFormal/LTheory/Model/CutWindow.lean:537:51: `if_true` has been deprecated: Use `ite_true` instead

Hint: Replace the deprecated name:
  i̵f̵_̵t̵r̵u̵e̵i̲t̲e̲_̲t̲r̲u̲e̲
⚠ [9271/9345] Replayed HSFormal.LTheory.Model.CutComplex
warning: HSFormal/LTheory/Model/CutComplex.lean:121:6: `if_pos` has been deprecated: Use `ite_eq_left` instead

Hint: Replace the deprecated name:
  i̵f̵_̵p̵o̵s̵i̲t̲e̲_̲e̲q̲_̲l̲e̲f̲t̲
warning: HSFormal/LTheory/Model/CutComplex.lean:281:10: `if_pos` has been deprecated: Use `ite_eq_left` instead

Hint: Replace the deprecated name:
  i̵f̵_̵p̵o̵s̵i̲t̲e̲_̲e̲q̲_̲l̲e̲f̲t̲
warning: HSFormal/LTheory/Model/CutComplex.lean:285:10: `if_neg` has been deprecated: Use `ite_eq_right` instead

Hint: Replace the deprecated name:
  i̵f̵_̵n̵e̵g̵i̲t̲e̲_̲e̲q̲_̲r̲i̲g̲h̲t̲
warning: HSFormal/LTheory/Model/CutComplex.lean:307:8: `if_pos` has been deprecated: Use `ite_eq_left` instead

Hint: Replace the deprecated name:
  i̵f̵_̵p̵o̵s̵i̲t̲e̲_̲e̲q̲_̲l̲e̲f̲t̲
warning: HSFormal/LTheory/Model/CutComplex.lean:311:8: `if_neg` has been deprecated: Use `ite_eq_right` instead

Hint: Replace the deprecated name:
  i̵f̵_̵n̵e̵g̵i̲t̲e̲_̲e̲q̲_̲r̲i̲g̲h̲t̲
warning: HSFormal/LTheory/Model/CutComplex.lean:323:31: This simp argument is unused:
  SymPoincare.map_p

Hint: Omit it from the simp argument list.
  [apply] simp only [comp_f, eBar_f, Functor.mapHomologicalComplex_map_f, ← Functor.map_comp, D.p_comm]

Note: This linter can be disabled with `set_option linter.unusedSimpArgs false`
warning: HSFormal/LTheory/Model/CutComplex.lean:327:42: This simp argument is unused:
  SymPoincare.map_φ

Hint: Omit it from the simp argument list.
  [apply] simp only [comp_f, dualHom_f, eBar_f, InvFunctor.mapDual_f]

Note: This linter can be disabled with `set_option linter.unusedSimpArgs false`
warning: HSFormal/LTheory/Model/CutComplex.lean:350:10: `if_pos` has been deprecated: Use `ite_eq_left` instead

Hint: Replace the deprecated name:
  i̵f̵_̵p̵o̵s̵i̲t̲e̲_̲e̲q̲_̲l̲e̲f̲t̲
warning: HSFormal/LTheory/Model/CutComplex.lean:351:10: `if_neg` has been deprecated: Use `ite_eq_right` instead

Hint: Replace the deprecated name:
  i̵f̵_̵n̵e̵g̵i̲t̲e̲_̲e̲q̲_̲r̲i̲g̲h̲t̲
warning: HSFormal/LTheory/Model/CutComplex.lean:377:15: This simp argument is unused:
  SymPoincare.cut_p

Hint: Omit it from the simp argument list.
  [apply] simp only [SymPoincare.map_p, comp_f, eBar_f, Functor.mapHomologicalComplex_map_f, SplitCx.toQuot_f,
    ← Functor.map_comp, assoc]

Note: This linter can be disabled with `set_option linter.unusedSimpArgs false`
warning: HSFormal/LTheory/Model/CutComplex.lean:377:34: This simp argument is unused:
  SymPoincare.map_p

Hint: Omit it from the simp argument list.
  [apply] simp only [SymPoincare.cut_p, comp_f, eBar_f, Functor.mapHomologicalComplex_map_f, SplitCx.toQuot_f,
    ← Functor.map_comp, assoc]

Note: This linter can be disabled with `set_option linter.unusedSimpArgs false`
warning: HSFormal/LTheory/Model/CutComplex.lean:393:15: This simp argument is unused:
  SymPoincare.cut_p

Hint: Omit it from the simp argument list.
  [apply] simp only [SymPoincare.map_p, comp_f, eBar_f, Functor.mapHomologicalComplex_map_f, incl_f, ← Functor.map_comp,
    assoc]

Note: This linter can be disabled with `set_option linter.unusedSimpArgs false`
warning: HSFormal/LTheory/Model/CutComplex.lean:393:34: This simp argument is unused:
  SymPoincare.map_p

Hint: Omit it from the simp argument list.
  [apply] simp only [SymPoincare.cut_p, comp_f, eBar_f, Functor.mapHomologicalComplex_map_f, incl_f, ← Functor.map_comp,
    assoc]

Note: This linter can be disabled with `set_option linter.unusedSimpArgs false`
warning: HSFormal/LTheory/Model/CutComplex.lean:399:15: This simp argument is unused:
  SymPoincare.cut_p

Hint: Omit it from the simp argument list.
  [apply] simp only [SymPoincare.map_p, comp_f, eBar_f, Functor.mapHomologicalComplex_map_f, incl_f, SplitCx.toQuot_f,
    ← Functor.map_comp, assoc]

Note: This linter can be disabled with `set_option linter.unusedSimpArgs false`
warning: HSFormal/LTheory/Model/CutComplex.lean:399:34: This simp argument is unused:
  SymPoincare.map_p

Hint: Omit it from the simp argument list.
  [apply] simp only [SymPoincare.cut_p, comp_f, eBar_f, Functor.mapHomologicalComplex_map_f, incl_f, SplitCx.toQuot_f,
    ← Functor.map_comp, assoc]

Note: This linter can be disabled with `set_option linter.unusedSimpArgs false`
warning: HSFormal/LTheory/Model/CutComplex.lean:416:27: This simp argument is unused:
  SymPoincare.cut_φ

Hint: Omit it from the simp argument list.
  [apply] simp only [thomEquiv, θ, SymPoincare.map_φ, comp_f, dualHom_f, eBar_f, InvFunctor.mapDual_f,
    Functor.mapHomologicalComplex_map_f, SplitCx.toQuot_f]

Note: This linter can be disabled with `set_option linter.unusedSimpArgs false`
warning: HSFormal/LTheory/Model/CutComplex.lean:416:46: This simp argument is unused:
  SymPoincare.map_φ

Hint: Omit it from the simp argument list.
  [apply] simp only [thomEquiv, θ, SymPoincare.cut_φ, comp_f, dualHom_f, eBar_f, InvFunctor.mapDual_f,
    Functor.mapHomologicalComplex_map_f, SplitCx.toQuot_f]

Note: This linter can be disabled with `set_option linter.unusedSimpArgs false`
⚠ [9275/9345] Replayed HSFormal.LTheory.Model.CutUpper
warning: HSFormal/LTheory/Model/CutUpper.lean:84:55: This simp argument is unused:
  desusp_d

Hint: Omit it from the simp argument list.
  [apply] simp only [comp_f, dualDesuspIso_hom_f, desuspMap_f, dualComplex_d, Preadditive.comp_neg,
    Linear.units_smul_comp, assoc] at h

Note: This linter can be disabled with `set_option linter.unusedSimpArgs false`
warning: HSFormal/LTheory/Model/CutUpper.lean:84:65: This simp argument is unused:
  dualComplex_d

Hint: Omit it from the simp argument list.
  [apply] simp only [comp_f, dualDesuspIso_hom_f, desuspMap_f, desusp_d, Preadditive.comp_neg, Linear.units_smul_comp,
    assoc] at h

Note: This linter can be disabled with `set_option linter.unusedSimpArgs false`
warning: HSFormal/LTheory/Model/CutUpper.lean:156:19: This simp argument is unused:
  dualComplex_d

Hint: Omit it from the simp argument list.
  [apply] simp only [SymComplex.bdφ, D.bdP_eq_id hp, comp_id, Preadditive.neg_comp, Preadditive.comp_neg, neg_f_apply,
    comp_f, dualHom_f, jPlus_f, jPlusF, SymComplex.bdSwap_f, StrictInvolution.star_add, StrictInvolution.star_comp,
    add_comp, comp_add, assoc, SymComplex.star_fstX_swapF_assoc, SymComplex.star_sndX_swapF_assoc,
    Linear.units_smul_comp, Linear.comp_units_smul, inrX_fstX_assoc, inrX_sndX_assoc, inlX_fstX_assoc, inlX_sndX_assoc,
    zero_comp, comp_zero, add_zero, zero_add, smul_zero, compA, cross, SplitCx.cross, SplitCx.sub_d, topPlus, star_σ_πU,
    star_σ_ιU, star_σ_πE, star_σ_ιE, πU_ιU'_assoc, dualDesuspIso_hom_f, desuspMap_f, comp_sub, smul_sub, sub_comp]

Note: This linter can be disabled with `set_option linter.unusedSimpArgs false`
warning: HSFormal/LTheory/Model/CutUpper.lean:156:65: This simp argument is unused:
  star_σ_πE

Hint: Omit it from the simp argument list.
  [apply] simp only [SymComplex.bdφ, D.bdP_eq_id hp, comp_id, Preadditive.neg_comp, Preadditive.comp_neg, neg_f_apply,
    comp_f, dualHom_f, jPlus_f, jPlusF, SymComplex.bdSwap_f, StrictInvolution.star_add, StrictInvolution.star_comp,
    add_comp, comp_add, assoc, SymComplex.star_fstX_swapF_assoc, SymComplex.star_sndX_swapF_assoc,
    Linear.units_smul_comp, Linear.comp_units_smul, inrX_fstX_assoc, inrX_sndX_assoc, inlX_fstX_assoc, inlX_sndX_assoc,
    zero_comp, comp_zero, add_zero, zero_add, smul_zero, compA, cross, SplitCx.cross, SplitCx.sub_d, dualComplex_d,
    topPlus, star_σ_πU, star_σ_ιU, star_σ_ιE, πU_ιU'_assoc, dualDesuspIso_hom_f, desuspMap_f, comp_sub, smul_sub,
    sub_comp]

Note: This linter can be disabled with `set_option linter.unusedSimpArgs false`
warning: HSFormal/LTheory/Model/CutUpper.lean:177:62: `dif_pos` has been deprecated: Use `dite_eq_left` instead

Hint: Replace the deprecated name:
  d̵i̵f̵_̵p̵o̵s̵d̲i̲t̲e̲_̲e̲q̲_̲l̲e̲f̲t̲
warning: HSFormal/LTheory/Model/CutUpper.lean:180:36: `dif_neg` has been deprecated: Use `dite_eq_right` instead

Hint: Replace the deprecated name:
  d̵i̵f̵_̵n̵e̵g̵d̲i̲t̲e̲_̲e̲q̲_̲r̲i̲g̲h̲t̲
warning: HSFormal/LTheory/Model/CutUpper.lean:202:6: This simp argument is unused:
  XIsoOfEq_hom_comp_XIsoOfEq_hom_assoc

Hint: Omit it from the simp argument list.
  [apply] simp only [Linear.units_smul_comp, Linear.comp_units_smul, smul_smul, XIsoOfEq_rfl, Iso.refl_hom, id_comp]

Note: This linter can be disabled with `set_option linter.unusedSimpArgs false`
warning: HSFormal/LTheory/Model/CutUpper.lean:227:8: `dif_pos` has been deprecated: Use `dite_eq_left` instead

Hint: Replace the deprecated name:
  d̵i̵f̵_̵p̵o̵s̵d̲i̲t̲e̲_̲e̲q̲_̲l̲e̲f̲t̲
warning: HSFormal/LTheory/Model/CutUpper.lean:247:2: `simp` already closes the goal

Hint: Use `simp` instead of `simpa`:
  [apply] simp [coneComp]

Note: This linter can be disabled with `set_option linter.unnecessarySimpa false`
warning: HSFormal/LTheory/Model/CutUpper.lean:256:27: This simp argument is unused:
  Pi.add_apply

Hint: Omit it from the simp argument list.
  [apply] simp only [coneH, Homotopy.trans_hom, homotopyCongr, Homotopy.compRight_hom, Homotopy.compLeft_hom]

Note: This linter can be disabled with `set_option linter.unusedSimpArgs false`
warning: HSFormal/LTheory/Model/CutUpper.lean:427:30: This simp argument is unused:
  D.coneComp_fstX

Hint: Omit it from the simp argument list.
  [apply] simp only [comp_f, assoc, transposeHom_relDuality_f, Linear.units_smul_comp, Linear.comp_units_smul,
    StrictInvolution.star_add, StrictInvolution.star_comp, StrictInvolution.star_units_smul, StrictInvolution.star_star,
    add_comp, comp_add, HomologicalComplex.units_smul_f_apply, cokerToCone_f, coneMap_f_fstX, sub_comp,
    cone_inrX_eqToHom_assoc, cone_inlX_eqToHom_assoc, inrX_fstX_assoc, inlX_fstX_assoc, zero_comp, comp_zero, smul_zero,
    zero_add, add_zero, neg_f_apply, SymComplex.bdφ, comp_f, D.bdP_eq_id hp, id_f, comp_id, StrictInvolution.star_neg,
    Preadditive.neg_comp, Preadditive.comp_neg, SymComplex.bdSwap_f, SymComplex.star_swapF, jPlus_f, jPlusF,
    cone.star_fstX_inrX_assoc, cone.star_sndX_inrX_assoc, cone.star_fstX_inlX_assoc, cone.star_sndX_inlX_assoc]

Note: This linter can be disabled with `set_option linter.unusedSimpArgs false`
warning: HSFormal/LTheory/Model/CutUpper.lean:427:47: This simp argument is unused:
  transposeHom_relDuality_f

Hint: Omit it from the simp argument list.
  [apply] simp only [comp_f, assoc, D.coneComp_fstX, Linear.units_smul_comp, Linear.comp_units_smul,
    StrictInvolution.star_add, StrictInvolution.star_comp, StrictInvolution.star_units_smul, StrictInvolution.star_star,
    add_comp, comp_add, HomologicalComplex.units_smul_f_apply, cokerToCone_f, coneMap_f_fstX, sub_comp,
    cone_inrX_eqToHom_assoc, cone_inlX_eqToHom_assoc, inrX_fstX_assoc, inlX_fstX_assoc, zero_comp, comp_zero, smul_zero,
    zero_add, add_zero, neg_f_apply, SymComplex.bdφ, comp_f, D.bdP_eq_id hp, id_f, comp_id, StrictInvolution.star_neg,
    Preadditive.neg_comp, Preadditive.comp_neg, SymComplex.bdSwap_f, SymComplex.star_swapF, jPlus_f, jPlusF,
    cone.star_fstX_inrX_assoc, cone.star_sndX_inrX_assoc, cone.star_fstX_inlX_assoc, cone.star_sndX_inlX_assoc]

Note: This linter can be disabled with `set_option linter.unusedSimpArgs false`
warning: HSFormal/LTheory/Model/CutUpper.lean:429:34: This simp argument is unused:
  StrictInvolution.star_units_smul

Hint: Omit it from the simp argument list.
  [apply] simp only [comp_f, assoc, D.coneComp_fstX, transposeHom_relDuality_f, Linear.units_smul_comp,
    Linear.comp_units_smul, StrictInvolution.star_add, StrictInvolution.star_comp, StrictInvolution.star_star, add_comp,
    comp_add, HomologicalComplex.units_smul_f_apply, cokerToCone_f, coneMap_f_fstX, sub_comp, cone_inrX_eqToHom_assoc,
    cone_inlX_eqToHom_assoc, inrX_fstX_assoc, inlX_fstX_assoc, zero_comp, comp_zero, smul_zero, zero_add, add_zero,
    neg_f_apply, SymComplex.bdφ, comp_f, D.bdP_eq_id hp, id_f, comp_id, StrictInvolution.star_neg, Preadditive.neg_comp,
    Preadditive.comp_neg, SymComplex.bdSwap_f, SymComplex.star_swapF, jPlus_f, jPlusF, cone.star_fstX_inrX_assoc,
    cone.star_sndX_inrX_assoc, cone.star_fstX_inlX_assoc, cone.star_sndX_inlX_assoc]

Note: This linter can be disabled with `set_option linter.unusedSimpArgs false`
warning: HSFormal/LTheory/Model/CutUpper.lean:429:68: This simp argument is unused:
  StrictInvolution.star_star

Hint: Omit it from the simp argument list.
  [apply] simp only [comp_f, assoc, D.coneComp_fstX, transposeHom_relDuality_f, Linear.units_smul_comp,
    Linear.comp_units_smul, StrictInvolution.star_add, StrictInvolution.star_comp, StrictInvolution.star_units_smul,
    add_comp, comp_add, HomologicalComplex.units_smul_f_apply, cokerToCone_f, coneMap_f_fstX, sub_comp,
    cone_inrX_eqToHom_assoc, cone_inlX_eqToHom_assoc, inrX_fstX_assoc, inlX_fstX_assoc, zero_comp, comp_zero, smul_zero,
    zero_add, add_zero, neg_f_apply, SymComplex.bdφ, comp_f, D.bdP_eq_id hp, id_f, comp_id, StrictInvolution.star_neg,
    Preadditive.neg_comp, Preadditive.comp_neg, SymComplex.bdSwap_f, SymComplex.star_swapF, jPlus_f, jPlusF,
    cone.star_fstX_inrX_assoc, cone.star_sndX_inrX_assoc, cone.star_fstX_inlX_assoc, cone.star_sndX_inlX_assoc]

Note: This linter can be disabled with `set_option linter.unusedSimpArgs false`
warning: HSFormal/LTheory/Model/CutUpper.lean:431:16: This simp argument is unused:
  cone_inrX_eqToHom_assoc

Hint: Omit it from the simp argument list.
  [apply] simp only [comp_f, assoc, D.coneComp_fstX, transposeHom_relDuality_f, Linear.units_smul_comp,
    Linear.comp_units_smul, StrictInvolution.star_add, StrictInvolution.star_comp, StrictInvolution.star_units_smul,
    StrictInvolution.star_star, add_comp, comp_add, HomologicalComplex.units_smul_f_apply, cokerToCone_f,
    coneMap_f_fstX, sub_comp, cone_inlX_eqToHom_assoc, inrX_fstX_assoc, inlX_fstX_assoc, zero_comp, comp_zero,
    smul_zero, zero_add, add_zero, neg_f_apply, SymComplex.bdφ, comp_f, D.bdP_eq_id hp, id_f, comp_id,
    StrictInvolution.star_neg, Preadditive.neg_comp, Preadditive.comp_neg, SymComplex.bdSwap_f, SymComplex.star_swapF,
    jPlus_f, jPlusF, cone.star_fstX_inrX_assoc, cone.star_sndX_inrX_assoc, cone.star_fstX_inlX_assoc,
    cone.star_sndX_inlX_assoc]

Note: This linter can be disabled with `set_option linter.unusedSimpArgs false`
warning: HSFormal/LTheory/Model/CutUpper.lean:431:41: This simp argument is unused:
  cone_inlX_eqToHom_assoc

Hint: Omit it from the simp argument list.
  [apply] simp only [comp_f, assoc, D.coneComp_fstX, transposeHom_relDuality_f, Linear.units_smul_comp,
    Linear.comp_units_smul, StrictInvolution.star_add, StrictInvolution.star_comp, StrictInvolution.star_units_smul,
    StrictInvolution.star_star, add_comp, comp_add, HomologicalComplex.units_smul_f_apply, cokerToCone_f,
    coneMap_f_fstX, sub_comp, cone_inrX_eqToHom_assoc, inrX_fstX_assoc, inlX_fstX_assoc, zero_comp, comp_zero,
    smul_zero, zero_add, add_zero, neg_f_apply, SymComplex.bdφ, comp_f, D.bdP_eq_id hp, id_f, comp_id,
    StrictInvolution.star_neg, Preadditive.neg_comp, Preadditive.comp_neg, SymComplex.bdSwap_f, SymComplex.star_swapF,
    jPlus_f, jPlusF, cone.star_fstX_inrX_assoc, cone.star_sndX_inrX_assoc, cone.star_fstX_inlX_assoc,
    cone.star_sndX_inlX_assoc]

Note: This linter can be disabled with `set_option linter.unusedSimpArgs false`
warning: HSFormal/LTheory/Model/CutUpper.lean:432:45: This simp argument is unused:
  smul_zero

Hint: Omit it from the simp argument list.
  [apply] simp only [comp_f, assoc, D.coneComp_fstX, transposeHom_relDuality_f, Linear.units_smul_comp,
    Linear.comp_units_smul, StrictInvolution.star_add, StrictInvolution.star_comp, StrictInvolution.star_units_smul,
    StrictInvolution.star_star, add_comp, comp_add, HomologicalComplex.units_smul_f_apply, cokerToCone_f,
    coneMap_f_fstX, sub_comp, cone_inrX_eqToHom_assoc, cone_inlX_eqToHom_assoc, inrX_fstX_assoc, inlX_fstX_assoc,
    zero_comp, comp_zero, zero_add, add_zero, neg_f_apply, SymComplex.bdφ, comp_f, D.bdP_eq_id hp, id_f, comp_id,
    StrictInvolution.star_neg, Preadditive.neg_comp, Preadditive.comp_neg, SymComplex.bdSwap_f, SymComplex.star_swapF,
    jPlus_f, jPlusF, cone.star_fstX_inrX_assoc, cone.star_sndX_inrX_assoc, cone.star_fstX_inlX_assoc,
    cone.star_sndX_inlX_assoc]

Note: This linter can be disabled with `set_option linter.unusedSimpArgs false`
warning: HSFormal/LTheory/Model/CutUpper.lean:439:56: This simp argument is unused:
  zero_add

Hint: Omit it from the simp argument list.
  [apply] simp only [inlX_fstX_assoc, inrX_fstX_assoc, inlX_fstX, inrX_fstX, zero_comp, comp_zero, smul_zero, add_zero,
    comp_id, zero_sub, smul_neg, Preadditive.comp_neg, Preadditive.neg_comp, DegreewiseSplit.dual_s,
    DegreewiseSplit.dual_t, split₀_s, split₀_t, star_σ_πU, star_σ_ιE, dualComplex_d, cross, SplitCx.cross,
    StrictInvolution.star_comp, assoc, BoundaryConstruction.dualComplex_XIsoOfEq_hom, XIsoOfEq_hom_comp_XIsoOfEq_hom,
    Linear.units_smul_comp, Linear.comp_units_smul]

Note: This linter can be disabled with `set_option linter.unusedSimpArgs false`
warning: HSFormal/LTheory/Model/CutUpper.lean:439:66: This simp argument is unused:
  Preadditive.comp_neg

Hint: Omit it from the simp argument list.
  [apply] simp only [inlX_fstX_assoc, inrX_fstX_assoc, inlX_fstX, inrX_fstX, zero_comp, comp_zero, smul_zero, add_zero,
    comp_id, zero_sub, smul_neg, zero_add, Preadditive.neg_comp, DegreewiseSplit.dual_s, DegreewiseSplit.dual_t,
    split₀_s, split₀_t, star_σ_πU, star_σ_ιE, dualComplex_d, cross, SplitCx.cross, StrictInvolution.star_comp, assoc,
    BoundaryConstruction.dualComplex_XIsoOfEq_hom, XIsoOfEq_hom_comp_XIsoOfEq_hom, Linear.units_smul_comp,
    Linear.comp_units_smul]

Note: This linter can be disabled with `set_option linter.unusedSimpArgs false`
warning: HSFormal/LTheory/Model/CutUpper.lean:440:6: This simp argument is unused:
  Preadditive.neg_comp

Hint: Omit it from the simp argument list.
  [apply] simp only [inlX_fstX_assoc, inrX_fstX_assoc, inlX_fstX, inrX_fstX, zero_comp, comp_zero, smul_zero, add_zero,
    comp_id, zero_sub, smul_neg, zero_add, Preadditive.comp_neg, DegreewiseSplit.dual_s, DegreewiseSplit.dual_t,
    split₀_s, split₀_t, star_σ_πU, star_σ_ιE, dualComplex_d, cross, SplitCx.cross, StrictInvolution.star_comp, assoc,
    BoundaryConstruction.dualComplex_XIsoOfEq_hom, XIsoOfEq_hom_comp_XIsoOfEq_hom, Linear.units_smul_comp,
    Linear.comp_units_smul]

Note: This linter can be disabled with `set_option linter.unusedSimpArgs false`
warning: HSFormal/LTheory/Model/CutUpper.lean:441:28: This simp argument is unused:
  dualComplex_d

Hint: Omit it from the simp argument list.
  [apply] simp only [inlX_fstX_assoc, inrX_fstX_assoc, inlX_fstX, inrX_fstX, zero_comp, comp_zero, smul_zero, add_zero,
    comp_id, zero_sub, smul_neg, zero_add, Preadditive.comp_neg, Preadditive.neg_comp, DegreewiseSplit.dual_s,
    DegreewiseSplit.dual_t, split₀_s, split₀_t, star_σ_πU, star_σ_ιE, cross, SplitCx.cross, StrictInvolution.star_comp,
    assoc, BoundaryConstruction.dualComplex_XIsoOfEq_hom, XIsoOfEq_hom_comp_XIsoOfEq_hom, Linear.units_smul_comp,
    Linear.comp_units_smul]

Note: This linter can be disabled with `set_option linter.unusedSimpArgs false`
warning: HSFormal/LTheory/Model/CutUpper.lean:442:53: This simp argument is unused:
  XIsoOfEq_hom_comp_XIsoOfEq_hom

Hint: Omit it from the simp argument list.
  [apply] simp only [inlX_fstX_assoc, inrX_fstX_assoc, inlX_fstX, inrX_fstX, zero_comp, comp_zero, smul_zero, add_zero,
    comp_id, zero_sub, smul_neg, zero_add, Preadditive.comp_neg, Preadditive.neg_comp, DegreewiseSplit.dual_s,
    DegreewiseSplit.dual_t, split₀_s, split₀_t, star_σ_πU, star_σ_ιE, dualComplex_d, cross, SplitCx.cross,
    StrictInvolution.star_comp, assoc, BoundaryConstruction.dualComplex_XIsoOfEq_hom, Linear.units_smul_comp,
    Linear.comp_units_smul]

Note: This linter can be disabled with `set_option linter.unusedSimpArgs false`
warning: HSFormal/LTheory/Model/CutUpper.lean:443:6: This simp argument is unused:
  Linear.units_smul_comp

Hint: Omit it from the simp argument list.
  [apply] simp only [inlX_fstX_assoc, inrX_fstX_assoc, inlX_fstX, inrX_fstX, zero_comp, comp_zero, smul_zero, add_zero,
    comp_id, zero_sub, smul_neg, zero_add, Preadditive.comp_neg, Preadditive.neg_comp, DegreewiseSplit.dual_s,
    DegreewiseSplit.dual_t, split₀_s, split₀_t, star_σ_πU, star_σ_ιE, dualComplex_d, cross, SplitCx.cross,
    StrictInvolution.star_comp, assoc, BoundaryConstruction.dualComplex_XIsoOfEq_hom, XIsoOfEq_hom_comp_XIsoOfEq_hom,
    Linear.comp_units_smul]

Note: This linter can be disabled with `set_option linter.unusedSimpArgs false`
warning: HSFormal/LTheory/Model/CutUpper.lean:443:30: This simp argument is unused:
  Linear.comp_units_smul

Hint: Omit it from the simp argument list.
  [apply] simp only [inlX_fstX_assoc, inrX_fstX_assoc, inlX_fstX, inrX_fstX, zero_comp, comp_zero, smul_zero, add_zero,
    comp_id, zero_sub, smul_neg, zero_add, Preadditive.comp_neg, Preadditive.neg_comp, DegreewiseSplit.dual_s,
    DegreewiseSplit.dual_t, split₀_s, split₀_t, star_σ_πU, star_σ_ιE, dualComplex_d, cross, SplitCx.cross,
    StrictInvolution.star_comp, assoc, BoundaryConstruction.dualComplex_XIsoOfEq_hom, XIsoOfEq_hom_comp_XIsoOfEq_hom,
    Linear.units_smul_comp]

Note: This linter can be disabled with `set_option linter.unusedSimpArgs false`
warning: HSFormal/LTheory/Model/CutUpper.lean:455:22: This simp argument is unused:
  id_f

Hint: Omit it from the simp argument list.
  [apply] simp only [comp_add, Linear.units_smul_comp, add_comp, assoc, inrX_fstX_assoc, inrX_sndX_assoc,
    inlX_fstX_assoc, inlX_sndX_assoc, zero_comp, comp_zero, smul_zero, add_zero, zero_add, D.bdC_cast_sndX_assoc,
    neg_f_apply, SymComplex.bdφ, comp_f, D.bdP_eq_id hp, comp_id, StrictInvolution.star_neg, Preadditive.neg_comp,
    Preadditive.comp_neg, SymComplex.bdSwap_f, SymComplex.star_swapF, jPlus_f, jPlusF, StrictInvolution.star_add,
    StrictInvolution.star_comp, StrictInvolution.star_units_smul, cone.star_fstX_inrX_assoc, cone.star_sndX_inrX_assoc,
    cone.star_fstX_inlX_assoc, cone.star_sndX_inlX_assoc, Linear.comp_units_smul, D.relTop_deltaPlus hp, compA,
    star_σ_πU, star_σ_ιU, star_σ_πE, star_σ_ιE, D.πU_cast_assoc, HomologicalComplex.units_smul_f_apply, cokerToCone_f,
    coneMap_f_sndX, sub_comp, inrX_sndX, inlX_sndX, DegreewiseSplit.dual_s, split₀_t, smul_neg]

Note: This linter can be disabled with `set_option linter.unusedSimpArgs false`
warning: HSFormal/LTheory/Model/CutUpper.lean:460:28: This simp argument is unused:
  star_σ_πE

Hint: Omit it from the simp argument list.
  [apply] simp only [comp_add, Linear.units_smul_comp, add_comp, assoc, inrX_fstX_assoc, inrX_sndX_assoc,
    inlX_fstX_assoc, inlX_sndX_assoc, zero_comp, comp_zero, smul_zero, add_zero, zero_add, D.bdC_cast_sndX_assoc,
    neg_f_apply, SymComplex.bdφ, comp_f, D.bdP_eq_id hp, id_f, comp_id, StrictInvolution.star_neg, Preadditive.neg_comp,
    Preadditive.comp_neg, SymComplex.bdSwap_f, SymComplex.star_swapF, jPlus_f, jPlusF, StrictInvolution.star_add,
    StrictInvolution.star_comp, StrictInvolution.star_units_smul, cone.star_fstX_inrX_assoc, cone.star_sndX_inrX_assoc,
    cone.star_fstX_inlX_assoc, cone.star_sndX_inlX_assoc, Linear.comp_units_smul, D.relTop_deltaPlus hp, compA,
    star_σ_πU, star_σ_ιU, star_σ_ιE, D.πU_cast_assoc, HomologicalComplex.units_smul_f_apply, cokerToCone_f,
    coneMap_f_sndX, sub_comp, inrX_sndX, inlX_sndX, DegreewiseSplit.dual_s, split₀_t, smul_neg]

Note: This linter can be disabled with `set_option linter.unusedSimpArgs false`
warning: HSFormal/LTheory/Model/CutUpper.lean:462:6: This simp argument is unused:
  inrX_sndX

Hint: Omit it from the simp argument list.
  [apply] simp only [comp_add, Linear.units_smul_comp, add_comp, assoc, inrX_fstX_assoc, inrX_sndX_assoc,
    inlX_fstX_assoc, inlX_sndX_assoc, zero_comp, comp_zero, smul_zero, add_zero, zero_add, D.bdC_cast_sndX_assoc,
    neg_f_apply, SymComplex.bdφ, comp_f, D.bdP_eq_id hp, id_f, comp_id, StrictInvolution.star_neg, Preadditive.neg_comp,
    Preadditive.comp_neg, SymComplex.bdSwap_f, SymComplex.star_swapF, jPlus_f, jPlusF, StrictInvolution.star_add,
    StrictInvolution.star_comp, StrictInvolution.star_units_smul, cone.star_fstX_inrX_assoc, cone.star_sndX_inrX_assoc,
    cone.star_fstX_inlX_assoc, cone.star_sndX_inlX_assoc, Linear.comp_units_smul, D.relTop_deltaPlus hp, compA,
    star_σ_πU, star_σ_ιU, star_σ_πE, star_σ_ιE, D.πU_cast_assoc, HomologicalComplex.units_smul_f_apply, cokerToCone_f,
    coneMap_f_sndX, sub_comp, inlX_sndX, DegreewiseSplit.dual_s, split₀_t, smul_neg]

Note: This linter can be disabled with `set_option linter.unusedSimpArgs false`
warning: HSFormal/LTheory/Model/CutUpper.lean:462:17: This simp argument is unused:
  inlX_sndX

Hint: Omit it from the simp argument list.
  [apply] simp only [comp_add, Linear.units_smul_comp, add_comp, assoc, inrX_fstX_assoc, inrX_sndX_assoc,
    inlX_fstX_assoc, inlX_sndX_assoc, zero_comp, comp_zero, smul_zero, add_zero, zero_add, D.bdC_cast_sndX_assoc,
    neg_f_apply, SymComplex.bdφ, comp_f, D.bdP_eq_id hp, id_f, comp_id, StrictInvolution.star_neg, Preadditive.neg_comp,
    Preadditive.comp_neg, SymComplex.bdSwap_f, SymComplex.star_swapF, jPlus_f, jPlusF, StrictInvolution.star_add,
    StrictInvolution.star_comp, StrictInvolution.star_units_smul, cone.star_fstX_inrX_assoc, cone.star_sndX_inrX_assoc,
    cone.star_fstX_inlX_assoc, cone.star_sndX_inlX_assoc, Linear.comp_units_smul, D.relTop_deltaPlus hp, compA,
    star_σ_πU, star_σ_ιU, star_σ_πE, star_σ_ιE, D.πU_cast_assoc, HomologicalComplex.units_smul_f_apply, cokerToCone_f,
    coneMap_f_sndX, sub_comp, inrX_sndX, DegreewiseSplit.dual_s, split₀_t, smul_neg]

Note: This linter can be disabled with `set_option linter.unusedSimpArgs false`
warning: HSFormal/LTheory/Model/CutUpper.lean:467:41: This simp argument is unused:
  assoc

Hint: Omit it from the simp argument list.
  [apply] simp only [XIsoOfEq_rfl, Iso.refl_hom, id_comp, Linear.units_smul_comp, Linear.comp_units_smul, smul_smul]

Note: This linter can be disabled with `set_option linter.unusedSimpArgs false`
warning: HSFormal/LTheory/Model/CutUpper.lean:578:6: This simp argument is unused:
  SymPoincare.neg

Hint: Omit it from the simp argument list.
  [apply] simp [upperPair, lowerPair, rawUpperPair, RawPair.transportBd, RawPair.bdTransport]

Note: This linter can be disabled with `set_option linter.unusedSimpArgs false`
⚠ [9276/9345] Replayed HSFormal.LTheory.Model.CutHalf
warning: HSFormal/LTheory/Model/CutHalf.lean:151:73: This simp argument is unused:
  SymPoincare.neg

Hint: Omit it from the simp argument list.
  [apply] simp [upperPairW, lowerPairW, SymPair.transportBd, SymPoincare.transport, upperPair, lowerPair, rawUpperPair,
    RawPair.transportBd, RawPair.bdTransport]

Note: This linter can be disabled with `set_option linter.unusedSimpArgs false`
⚠ [9277/9345] Replayed HSFormal.LTheory.Model.CutIso
warning: HSFormal/LTheory/Model/CutIso.lean:235:31: This simp argument is unused:
  StrictInvolution.star_units_smul

Hint: Omit it from the simp argument list.
  [apply] simp only [glueHom, topPlus, comp_f, neg_f_apply, dualHom_f, SymComplex.bdSwap_f, jPlus_f, jPlusF,
    SplitCx.fromSub_f, coneFst_f, StrictInvolution.star_neg, StrictInvolution.star_comp, StrictInvolution.star_add,
    Preadditive.neg_comp, Preadditive.comp_neg, add_comp, comp_add, assoc, Linear.units_smul_comp,
    Linear.comp_units_smul, neg_neg, star_σ_πU, star_σ_ιU, star_σ_πE, star_σ_ιE, SymComplex.star_sndX_swapF_assoc,
    SymComplex.star_fstX_swapF_assoc, compA, cross, SplitCx.cross, BoundaryConstruction.star_XIsoOfEq_hom,
    inlX_fstX_assoc, inrX_sndX_assoc, inlX_sndX_assoc, inrX_fstX_assoc, zero_comp, comp_zero, smul_zero, add_zero,
    zero_add, SplitCx.toQuot_f, dualDesuspIso_hom_f, desuspMap_f]

Note: This linter can be disabled with `set_option linter.unusedSimpArgs false`
warning: HSFormal/LTheory/Model/CutIso.lean:240:21: This simp argument is unused:
  inrX_fstX_assoc

Hint: Omit it from the simp argument list.
  [apply] simp only [glueHom, topPlus, comp_f, neg_f_apply, dualHom_f, SymComplex.bdSwap_f, jPlus_f, jPlusF,
    SplitCx.fromSub_f, coneFst_f, StrictInvolution.star_neg, StrictInvolution.star_comp, StrictInvolution.star_add,
    StrictInvolution.star_units_smul, Preadditive.neg_comp, Preadditive.comp_neg, add_comp, comp_add, assoc,
    Linear.units_smul_comp, Linear.comp_units_smul, neg_neg, star_σ_πU, star_σ_ιU, star_σ_πE, star_σ_ιE,
    SymComplex.star_sndX_swapF_assoc, SymComplex.star_fstX_swapF_assoc, compA, cross, SplitCx.cross,
    BoundaryConstruction.star_XIsoOfEq_hom, inlX_fstX_assoc, inrX_sndX_assoc, inlX_sndX_assoc, zero_comp, comp_zero,
    smul_zero, add_zero, zero_add, SplitCx.toQuot_f, dualDesuspIso_hom_f, desuspMap_f]

Note: This linter can be disabled with `set_option linter.unusedSimpArgs false`
warning: HSFormal/LTheory/Model/CutIso.lean:240:81: This simp argument is unused:
  zero_add

Hint: Omit it from the simp argument list.
  [apply] simp only [glueHom, topPlus, comp_f, neg_f_apply, dualHom_f, SymComplex.bdSwap_f, jPlus_f, jPlusF,
    SplitCx.fromSub_f, coneFst_f, StrictInvolution.star_neg, StrictInvolution.star_comp, StrictInvolution.star_add,
    StrictInvolution.star_units_smul, Preadditive.neg_comp, Preadditive.comp_neg, add_comp, comp_add, assoc,
    Linear.units_smul_comp, Linear.comp_units_smul, neg_neg, star_σ_πU, star_σ_ιU, star_σ_πE, star_σ_ιE,
    SymComplex.star_sndX_swapF_assoc, SymComplex.star_fstX_swapF_assoc, compA, cross, SplitCx.cross,
    BoundaryConstruction.star_XIsoOfEq_hom, inlX_fstX_assoc, inrX_sndX_assoc, inlX_sndX_assoc, inrX_fstX_assoc,
    zero_comp, comp_zero, smul_zero, add_zero, SplitCx.toQuot_f, dualDesuspIso_hom_f, desuspMap_f]

Note: This linter can be disabled with `set_option linter.unusedSimpArgs false`
warning: HSFormal/LTheory/Model/CutIso.lean:377:12: This simp argument is unused:
  inlX_coneMap_f

Hint: Omit it from the simp argument list.
  [apply] simp

Note: This linter can be disabled with `set_option linter.unusedSimpArgs false`
warning: HSFormal/LTheory/Model/CutIso.lean:380:18: This simp argument is unused:
  comp_id

Hint: Omit it from the simp argument list.
  [apply] simp only [Glue.bS, comp_add, inrX_sndX_assoc, comp_f, sumInr_f, inr_f, assoc, inrX_coneMap_f_assoc, sumFst_f,
    inrX_fstX_assoc, zero_comp, inrX_sndX_assoc, comp_zero, zero_add, sumSnd_f, sumInl_f]

Note: This linter can be disabled with `set_option linter.unusedSimpArgs false`
⚠ [9280/9345] Replayed HSFormal.LTheory.Model.Wall
warning: HSFormal/LTheory/Model/Wall.lean:214:8: `if_neg` has been deprecated: Use `ite_eq_right` instead

Hint: Replace the deprecated name:
  i̵f̵_̵n̵e̵g̵i̲t̲e̲_̲e̲q̲_̲r̲i̲g̲h̲t̲
warning: HSFormal/LTheory/Model/Wall.lean:238:18: `if_neg` has been deprecated: Use `ite_eq_right` instead

Hint: Replace the deprecated name:
  i̵f̵_̵n̵e̵g̵i̲t̲e̲_̲e̲q̲_̲r̲i̲g̲h̲t̲
warning: HSFormal/LTheory/Model/Wall.lean:245:8: `if_neg` has been deprecated: Use `ite_eq_right` instead

Hint: Replace the deprecated name:
  i̵f̵_̵n̵e̵g̵i̲t̲e̲_̲e̲q̲_̲r̲i̲g̲h̲t̲
warning: HSFormal/LTheory/Model/Wall.lean:271:22: `if_pos` has been deprecated: Use `ite_eq_left` instead

Hint: Replace the deprecated name:
  i̵f̵_̵p̵o̵s̵i̲t̲e̲_̲e̲q̲_̲l̲e̲f̲t̲
warning: HSFormal/LTheory/Model/Wall.lean:274:20: `if_neg` has been deprecated: Use `ite_eq_right` instead

Hint: Replace the deprecated name:
  i̵f̵_̵n̵e̵g̵i̲t̲e̲_̲e̲q̲_̲r̲i̲g̲h̲t̲
warning: HSFormal/LTheory/Model/Wall.lean:282:18: `if_pos` has been deprecated: Use `ite_eq_left` instead

Hint: Replace the deprecated name:
  i̵f̵_̵p̵o̵s̵i̲t̲e̲_̲e̲q̲_̲l̲e̲f̲t̲
warning: HSFormal/LTheory/Model/Wall.lean:455:24: This simp argument is unused:
  sum_p_f

Hint: Omit it from the simp argument list.
  [apply] simp only [KarFree]

Note: This linter can be disabled with `set_option linter.unusedSimpArgs false`
warning: HSFormal/LTheory/Model/Wall.lean:458:24: This simp argument is unused:
  sum_p_f

Hint: Omit it from the simp argument list.
  [apply] simp only [KarFree]

Note: This linter can be disabled with `set_option linter.unusedSimpArgs false`
warning: HSFormal/LTheory/Model/Wall.lean:546:6: `if_neg` has been deprecated: Use `ite_eq_right` instead

Hint: Replace the deprecated name:
  i̵f̵_̵n̵e̵g̵i̲t̲e̲_̲e̲q̲_̲r̲i̲g̲h̲t̲
warning: HSFormal/LTheory/Model/Wall.lean:557:4: `if_pos` has been deprecated: Use `ite_eq_left` instead

Hint: Replace the deprecated name:
  i̵f̵_̵p̵o̵s̵i̲t̲e̲_̲e̲q̲_̲l̲e̲f̲t̲
warning: HSFormal/LTheory/Model/Wall.lean:557:26: `if_pos` has been deprecated: Use `ite_eq_left` instead

Hint: Replace the deprecated name:
  i̵f̵_̵p̵o̵s̵i̲t̲e̲_̲e̲q̲_̲l̲e̲f̲t̲
warning: HSFormal/LTheory/Model/Wall.lean:591:16: Used `tac1 <;> tac2` where `(tac1; tac2)` would suffice

Note: This linter can be disabled with `set_option linter.unnecessarySeqFocus false`
⚠ [9282/9345] Replayed HSFormal.LTheory.Model.CutInjQuot
warning: HSFormal/LTheory/Model/CutInjQuot.lean:462:15: This simp argument is unused:
  SymPoincare.map_p

Hint: Omit it from the simp argument list.
  [apply] simp only [SymPair.closedOfIsZero_p, SymPair.map_pD, comp_f, unionGermπ_f, InvFunctor.mapH,
    Functor.mapHomologicalComplex_map_f, ← Functor.map_comp, PairOn.toPair_pD, assoc]

Note: This linter can be disabled with `set_option linter.unusedSimpArgs false`
warning: HSFormal/LTheory/Model/CutInjQuot.lean:469:15: This simp argument is unused:
  SymPoincare.map_p

Hint: Omit it from the simp argument list.
  [apply] simp only [SymPair.closedOfIsZero_p, SymPair.map_pD, comp_f, InvFunctor.mapH,
    Functor.mapHomologicalComplex_map_f, ← Functor.map_comp, PairOn.toPair_pD]

Note: This linter can be disabled with `set_option linter.unusedSimpArgs false`
warning: HSFormal/LTheory/Model/CutInjQuot.lean:475:15: This simp argument is unused:
  SymPoincare.map_p

Hint: Omit it from the simp argument list.
  [apply] simp only [comp_f, unionGermπ_f, InvFunctor.mapH, Functor.mapHomologicalComplex_map_f, ← Functor.map_comp,
    union_p]

Note: This linter can be disabled with `set_option linter.unusedSimpArgs false`
warning: HSFormal/LTheory/Model/CutInjQuot.lean:490:15: This simp argument is unused:
  SymPoincare.map_φ

Hint: Omit it from the simp argument list.
  [apply] simp only [InvFunctor.mapDual_f, SymPair.toClosed_φ_f, comp_f, dualHom_f, unionGermπ_f, InvFunctor.mapH,
    Functor.mapHomologicalComplex_map_f, ← (lowGerm A).map_star, ← Functor.map_comp]

Note: This linter can be disabled with `set_option linter.unusedSimpArgs false`
⚠ [9284/9345] Replayed HSFormal.LTheory.Model.NegK.KarSwindle
warning: HSFormal/LTheory/Model/NegK/KarSwindle.lean:272:2: Try this: 
  letI̵

The goal is a proposition, so `let` is preferred over `letI`.
The difference between `let` and `letI` is that `letI` inlines the value.
But this is not relevant for proofs because of proof irrelevance.

Note: This linter can be disabled with `set_option linter.style.haveILetI false`
warning: HSFormal/LTheory/Model/NegK/KarSwindle.lean:273:2: Try this: 
  haveI̵

The goal is a proposition, so `have` is preferred over `haveI`.
The difference between `have` and `haveI` is that `haveI` inlines the value.
But this is not relevant for proofs because of proof irrelevance.

Note: This linter can be disabled with `set_option linter.style.haveILetI false`
warning: HSFormal/LTheory/Model/NegK/KarSwindle.lean:299:6: `if_pos` has been deprecated: Use `ite_eq_left` instead

Hint: Replace the deprecated name:
  i̵f̵_̵p̵o̵s̵i̲t̲e̲_̲e̲q̲_̲l̲e̲f̲t̲
⚠ [9290/9345] Replayed HSFormal.LTheory.Model.NegK.IntervalDecomp
warning: HSFormal/LTheory/Model/NegK/IntervalDecomp.lean:257:6: `iSupIndep_iff_finset_sum_eq_zero_imp_eq_zero` has been deprecated: Use `iSupIndep_iff_finsetSum_eq_zero_imp_eq_zero` instead

Hint: Replace the deprecated name:
  iSupIndep_iff_finset_̵s̵S̲um_eq_zero_imp_eq_zero
warning: HSFormal/LTheory/Model/NegK/IntervalDecomp.lean:310:33: `if_neg` has been deprecated: Use `ite_eq_right` instead

Hint: Replace the deprecated name:
  i̵f̵_̵n̵e̵g̵i̲t̲e̲_̲e̲q̲_̲r̲i̲g̲h̲t̲
warning: HSFormal/LTheory/Model/NegK/IntervalDecomp.lean:311:53: `if_pos` has been deprecated: Use `ite_eq_left` instead

Hint: Replace the deprecated name:
  i̵f̵_̵p̵o̵s̵i̲t̲e̲_̲e̲q̲_̲l̲e̲f̲t̲
⚠ [9292/9345] Replayed HSFormal.LTheory.Model.NegK.KarDiag
warning: HSFormal/LTheory/Model/NegK/KarDiag.lean:270:15: `if_true` has been deprecated: Use `ite_true` instead

Hint: Replace the deprecated name:
  i̵f̵_̵t̵r̵u̵e̵i̲t̲e̲_̲t̲r̲u̲e̲
warning: HSFormal/LTheory/Model/NegK/KarDiag.lean:272:18: `if_false` has been deprecated: Use `ite_false` instead

Hint: Replace the deprecated name:
  i̵f̵_̵f̵a̵l̵s̵e̵i̲t̲e̲_̲f̲a̲l̲s̲e̲
⚠ [9294/9345] Replayed HSFormal.LTheory.Model.LiftingClosedSubAux
warning: HSFormal/LTheory/Model/LiftingClosedSubAux.lean:276:36: This simp argument is unused:
  dualComplex_d

Hint: Omit it from the simp argument list.
  [apply] simp only [zconeDualIsoX_hom, Linear.units_smul_comp, Linear.comp_units_smul, cone.star_fstX_inlX_assoc,
    smul_smul,
    cone.star_fstX_d_assoc _ (M + 1 - r') (M + 1 - (r' + 1)) (M - (r' + 1)) (by simp; omega) (down_rel_sub M (r' + 1)),
    neg_comp, assoc,
    cone.star_fstX_inlX' _ (by simp; omega : (ComplexShape.down ℤ).Rel (M + 1 - r') (M + 1 - (r' + 1)))
        (down_rel_sub M r'),
    smul_neg, star_d_XIsoOfEq]

Note: This linter can be disabled with `set_option linter.unusedSimpArgs false`
⚠ [9296/9345] Replayed HSFormal.LTheory.Model.LiftingClosedSub
warning: HSFormal/LTheory/Model/LiftingClosedSub.lean:94:4: This simp argument is unused:
  SymPoincare.sum_φ

Hint: Omit it from the simp argument list.
  [apply] simp only [RawPair.transportBd_bd, RawPair.bdTransport_φ, unionRaw_φ, Bu, RawSym.sum_φ,
    RawSym.ofSymPoincare_φ, RawSym.neg_φ, KarHtpyEquiv.sum_f, KarHtpyEquiv.refl_f, SymPoincare.neg_φ, faceZ,
    RawSym.transport_φ]

Note: This linter can be disabled with `set_option linter.unusedSimpArgs false`
warning: HSFormal/LTheory/Model/LiftingClosedSub.lean:94:23: This simp argument is unused:
  SymPoincare.neg_φ

Hint: Omit it from the simp argument list.
  [apply] simp only [RawPair.transportBd_bd, RawPair.bdTransport_φ, unionRaw_φ, Bu, RawSym.sum_φ,
    RawSym.ofSymPoincare_φ, RawSym.neg_φ, KarHtpyEquiv.sum_f, KarHtpyEquiv.refl_f, SymPoincare.sum_φ, faceZ,
    RawSym.transport_φ]

Note: This linter can be disabled with `set_option linter.unusedSimpArgs false`
⚠ [9297/9345] Replayed HSFormal.LTheory.Model.UnionRelCone
warning: HSFormal/LTheory/Model/UnionRelCone.lean:233:15: This simp argument is unused:
  dualComplex_d

Hint: Omit it from the simp argument list.
  [apply] simp only [Linear.units_smul_comp, Linear.comp_units_smul, smul_smul, ← J.star_comp]

Note: This linter can be disabled with `set_option linter.unusedSimpArgs false`
warning: HSFormal/LTheory/Model/UnionRelCone.lean:256:60: This simp argument is unused:
  assoc

Hint: Omit it from the simp argument list.
  [apply] simp only [comp_f, coneDualInv_f, coneDualFst_f, Linear.units_smul_comp, Linear.comp_units_smul, smul_smul,
    Int.units_mul_self, one_smul, ← J.star_comp, dualHom_f,
    S.conePi_f heM heQ hc (n + 1 - r) (n - r) (down_rel_sub n r)]

Note: This linter can be disabled with `set_option linter.unusedSimpArgs false`
warning: HSFormal/LTheory/Model/UnionRelCone.lean:269:21: This simp argument is unused:
  assoc

Hint: Omit it from the simp argument list.
  [apply] simp only [comp_f, coneDualInv_f, dualHom_f, Linear.units_smul_comp, Linear.comp_units_smul, ← J.star_comp,
    S.ρ_eK heK, S.coneMap_ρ heM heQ hc]

Note: This linter can be disabled with `set_option linter.unusedSimpArgs false`
warning: HSFormal/LTheory/Model/UnionRelCone.lean:278:0: automatically included section variable(s) unused in theorem `HSFormal.LTheory.KarSplit.star_q_φ_q`:
  [HasBinaryBiproducts V]
consider restructuring your `variable` declarations so that the variables are not in scope or explicitly omit them:
  omit [HasBinaryBiproducts V] in theorem ...

Note: This linter can be disabled with `set_option linter.unusedSectionVars false`
warning: HSFormal/LTheory/Model/UnionRelCone.lean:296:15: This simp argument is unused:
  dualComplex_d

Hint: Omit it from the simp argument list.
  [apply] simp only

Note: This linter can be disabled with `set_option linter.unusedSimpArgs false`
warning: HSFormal/LTheory/Model/UnionRelCone.lean:312:0: automatically included section variable(s) unused in theorem `HSFormal.LTheory.KarSplit.relDuality_eq`:
  heQ
consider restructuring your `variable` declarations so that the variables are not in scope or explicitly omit them:
  omit heQ in theorem ...

Note: This linter can be disabled with `set_option linter.unusedSectionVars false`
warning: HSFormal/LTheory/Model/UnionRelCone.lean:322:50: This simp argument is unused:
  add_comp

Hint: Omit it from the simp argument list.
  [apply] simp only [relDuality_f, relTop, hH, comp_zero, zero_add, neg_f_apply, comp_f, coneDualFst_f, lam_f,
    Linear.units_smul_comp, assoc, e, Int.negOnePow_succ, Units.neg_smul]

Note: This linter can be disabled with `set_option linter.unusedSimpArgs false`
warning: HSFormal/LTheory/Model/UnionRelCone.lean:326:0: automatically included section variable(s) unused in theorem `HSFormal.LTheory.KarSplit.i_comp_q_cone`:
  [HasBinaryBiproducts V]
consider restructuring your `variable` declarations so that the variables are not in scope or explicitly omit them:
  omit [HasBinaryBiproducts V] in theorem ...

Note: This linter can be disabled with `set_option linter.unusedSectionVars false`
⚠ [9298/9345] Replayed HSFormal.LTheory.Model.UnionRelDouble
warning: HSFormal/LTheory/Model/UnionRelDouble.lean:113:8: automatically included section variable(s) unused in theorem `HSFormal.LTheory.Double.Xn_pD`:
  [HasFiniteBiproducts V]
consider restructuring your `variable` declarations so that the variables are not in scope or explicitly omit them:
  omit [HasFiniteBiproducts V] in theorem ...

Note: This linter can be disabled with `set_option linter.unusedSectionVars false`
warning: HSFormal/LTheory/Model/UnionRelDouble.lean:114:8: automatically included section variable(s) unused in theorem `HSFormal.LTheory.Double.Xn_j`:
  [HasFiniteBiproducts V]
consider restructuring your `variable` declarations so that the variables are not in scope or explicitly omit them:
  omit [HasFiniteBiproducts V] in theorem ...

Note: This linter can be disabled with `set_option linter.unusedSectionVars false`
warning: HSFormal/LTheory/Model/UnionRelDouble.lean:115:0: automatically included section variable(s) unused in theorem `HSFormal.LTheory.Double.Xn_δφ_hom`:
  [HasFiniteBiproducts V]
consider restructuring your `variable` declarations so that the variables are not in scope or explicitly omit them:
  omit [HasFiniteBiproducts V] in theorem ...

Note: This linter can be disabled with `set_option linter.unusedSectionVars false`
warning: HSFormal/LTheory/Model/UnionRelDouble.lean:128:0: automatically included section variable(s) unused in theorem `HSFormal.LTheory.Double.inl_fold`:
  [HasFiniteBiproducts V]
consider restructuring your `variable` declarations so that the variables are not in scope or explicitly omit them:
  omit [HasFiniteBiproducts V] in theorem ...

Note: This linter can be disabled with `set_option linter.unusedSectionVars false`
warning: HSFormal/LTheory/Model/UnionRelDouble.lean:131:0: automatically included section variable(s) unused in theorem `HSFormal.LTheory.Double.inr_fold`:
  [HasFiniteBiproducts V]
consider restructuring your `variable` declarations so that the variables are not in scope or explicitly omit them:
  omit [HasFiniteBiproducts V] in theorem ...

Note: This linter can be disabled with `set_option linter.unusedSectionVars false`
warning: HSFormal/LTheory/Model/UnionRelDouble.lean:197:0: automatically included section variable(s) unused in theorem `HSFormal.LTheory.Double.diag_fst`:
  [HasFiniteBiproducts V]
consider restructuring your `variable` declarations so that the variables are not in scope or explicitly omit them:
  omit [HasFiniteBiproducts V] in theorem ...

Note: This linter can be disabled with `set_option linter.unusedSectionVars false`
warning: HSFormal/LTheory/Model/UnionRelDouble.lean:200:0: automatically included section variable(s) unused in theorem `HSFormal.LTheory.Double.diag_snd`:
  [HasFiniteBiproducts V]
consider restructuring your `variable` declarations so that the variables are not in scope or explicitly omit them:
  omit [HasFiniteBiproducts V] in theorem ...

Note: This linter can be disabled with `set_option linter.unusedSectionVars false`
warning: HSFormal/LTheory/Model/UnionRelDouble.lean:258:0: automatically included section variable(s) unused in theorem `HSFormal.LTheory.Double.star_pD_δφ_pD`:
  [HasFiniteBiproducts V]
consider restructuring your `variable` declarations so that the variables are not in scope or explicitly omit them:
  omit [HasFiniteBiproducts V] in theorem ...

Note: This linter can be disabled with `set_option linter.unusedSectionVars false`
warning: HSFormal/LTheory/Model/UnionRelDouble.lean:262:0: automatically included section variable(s) unused in theorem `HSFormal.LTheory.Double.star_pD_δφ`:
  [HasFiniteBiproducts V]
consider restructuring your `variable` declarations so that the variables are not in scope or explicitly omit them:
  omit [HasFiniteBiproducts V] in theorem ...

Note: This linter can be disabled with `set_option linter.unusedSectionVars false`
warning: HSFormal/LTheory/Model/UnionRelDouble.lean:267:0: automatically included section variable(s) unused in theorem `HSFormal.LTheory.Double.δφ_pD`:
  [HasFiniteBiproducts V]
consider restructuring your `variable` declarations so that the variables are not in scope or explicitly omit them:
  omit [HasFiniteBiproducts V] in theorem ...

Note: This linter can be disabled with `set_option linter.unusedSectionVars false`
warning: HSFormal/LTheory/Model/UnionRelDouble.lean:325:0: automatically included section variable(s) unused in theorem `HSFormal.LTheory.Double.star_p_φ`:
  [HasBinaryBiproducts V]
  [HasFiniteBiproducts V]
consider restructuring your `variable` declarations so that the variables are not in scope or explicitly omit them:
  omit [HasBinaryBiproducts V] [HasFiniteBiproducts V] in theorem ...

Note: This linter can be disabled with `set_option linter.unusedSectionVars false`
warning: HSFormal/LTheory/Model/UnionRelDouble.lean:336:56: This simp argument is unused:
  add_zero

Hint: Omit it from the simp argument list.
  [apply] simp only [Union.HW_hom, Union.HY_hom, Union.G_hom, dualHom_f, comp_add, add_comp, assoc,
    star_tD_star_ιW_assoc, star_tD_star_ιY_assoc, ιY_f_jD_f, K'_hom_jD, comp_zero, dualHomotopy_hom,
    Linear.comp_units_smul, Linear.units_smul_comp, star_tD_star_K'_assoc X _ _ h, zero_comp, zero_add, Xn_δφ_hom,
    neg_comp, comp_neg, neg_neg, star_pD_δφ_pD, neg_f_apply, β'_f_jD_f, star_p_φ_assoc, sub_add_cancel,
    Int.negOnePow_succ, Units.neg_smul, smul_neg]

Note: This linter can be disabled with `set_option linter.unusedSimpArgs false`
warning: HSFormal/LTheory/Model/UnionRelDouble.lean:338:40: This simp argument is unused:
  smul_neg

Hint: Omit it from the simp argument list.
  [apply] simp only [Union.HW_hom, Union.HY_hom, Union.G_hom, dualHom_f, comp_add, add_comp, assoc,
    star_tD_star_ιW_assoc, star_tD_star_ιY_assoc, ιY_f_jD_f, K'_hom_jD, comp_zero, dualHomotopy_hom,
    Linear.comp_units_smul, Linear.units_smul_comp, star_tD_star_K'_assoc X _ _ h, zero_comp, zero_add, add_zero,
    Xn_δφ_hom, neg_comp, comp_neg, neg_neg, star_pD_δφ_pD, neg_f_apply, β'_f_jD_f, star_p_φ_assoc, sub_add_cancel,
    Int.negOnePow_succ, Units.neg_smul]

Note: This linter can be disabled with `set_option linter.unusedSimpArgs false`
warning: HSFormal/LTheory/Model/UnionRelDouble.lean:350:56: This simp argument is unused:
  add_zero

Hint: Omit it from the simp argument list.
  [apply] simp only [Union.HW_hom, Union.HY_hom, Union.TG_hom, dualHom_f, comp_add, add_comp, assoc,
    star_tD_star_ιW_assoc, star_tD_star_ιY_assoc, ιY_f_jD_f, K'_hom_jD, comp_zero, dualHomotopy_hom,
    Linear.comp_units_smul, Linear.units_smul_comp, star_tD_star_K'_assoc X _ _ h, zero_comp, zero_add, Xn_δφ_hom,
    neg_comp, comp_neg, neg_neg, star_pD_δφ_pD, neg_f_apply, c'_f_jD_f, star_p_φ_assoc, sub_add_cancel,
    Int.negOnePow_succ, Units.neg_smul, smul_neg]

Note: This linter can be disabled with `set_option linter.unusedSimpArgs false`
warning: HSFormal/LTheory/Model/UnionRelDouble.lean:363:0: automatically included section variable(s) unused in theorem `HSFormal.LTheory.Double.hc`:
  [Linear ℚ V]
consider restructuring your `variable` declarations so that the variables are not in scope or explicitly omit them:
  omit [Linear ℚ V] in theorem ...

Note: This linter can be disabled with `set_option linter.unusedSectionVars false`
warning: HSFormal/LTheory/Model/UnionRelDouble.lean:366:0: automatically included section variable(s) unused in theorem `HSFormal.LTheory.Double.hi`:
  [Linear ℚ V]
consider restructuring your `variable` declarations so that the variables are not in scope or explicitly omit them:
  omit [Linear ℚ V] in theorem ...

Note: This linter can be disabled with `set_option linter.unusedSectionVars false`
⚠ [9299/9345] Replayed HSFormal.LTheory.Model.UnionRelTrans
warning: HSFormal/LTheory/Model/UnionRelTrans.lean:41:0: automatically included section variable(s) unused in theorem `HSFormal.LTheory.Union.star_sndX_XIsoOfEq`:
  [HasFiniteBiproducts V]
consider restructuring your `variable` declarations so that the variables are not in scope or explicitly omit them:
  omit [HasFiniteBiproducts V] in theorem ...

Note: This linter can be disabled with `set_option linter.unusedSectionVars false`
warning: HSFormal/LTheory/Model/UnionRelTrans.lean:46:0: automatically included section variable(s) unused in theorem `HSFormal.LTheory.Union.star_fstX_XIsoOfEq`:
  [HasFiniteBiproducts V]
consider restructuring your `variable` declarations so that the variables are not in scope or explicitly omit them:
  omit [HasFiniteBiproducts V] in theorem ...

Note: This linter can be disabled with `set_option linter.unusedSectionVars false`
warning: HSFormal/LTheory/Model/UnionRelTrans.lean:52:0: automatically included section variable(s) unused in theorem `HSFormal.LTheory.Union.star_sumSnd_XIsoOfEq`:
  [HasBinaryBiproducts V]
  [HasFiniteBiproducts V]
consider restructuring your `variable` declarations so that the variables are not in scope or explicitly omit them:
  omit [HasBinaryBiproducts V] [HasFiniteBiproducts V] in theorem ...

Note: This linter can be disabled with `set_option linter.unusedSectionVars false`
warning: HSFormal/LTheory/Model/UnionRelTrans.lean:136:0: automatically included section variable(s) unused in theorem `HSFormal.LTheory.Union.THns_kar_left`:
  [Linear ℚ V]
consider restructuring your `variable` declarations so that the variables are not in scope or explicitly omit them:
  omit [Linear ℚ V] in theorem ...

Note: This linter can be disabled with `set_option linter.unusedSectionVars false`
warning: HSFormal/LTheory/Model/UnionRelTrans.lean:152:0: automatically included section variable(s) unused in theorem `HSFormal.LTheory.Union.ιW_f_sumFst_f`:
  [Linear ℚ V]
consider restructuring your `variable` declarations so that the variables are not in scope or explicitly omit them:
  omit [Linear ℚ V] in theorem ...

Note: This linter can be disabled with `set_option linter.unusedSectionVars false`
warning: HSFormal/LTheory/Model/UnionRelTrans.lean:169:16: This simp argument is unused:
  neg_zero

Hint: Omit it from the simp argument list.
  [apply] simp only [phiT_f, relTop, THns_hom, assoc, add_comp, comp_add, Union.HW_hom, Union.HY_hom, Union.TG_hom,
    Glue.ιW_f_fstX_assoc, Glue.ιY_f_fstX_assoc, comp_zero, zero_comp, zero_add, add_zero, neg_neg,
    K'_hom_eq _ _ _ _ hrel, inlX_fstX_assoc, neg_f_apply, neg_comp, Glue.c', comp_f, comp_neg, hφ', dualHom_f, Glue.β',
    β_f, J.star_comp, dualHom_f]

Note: This linter can be disabled with `set_option linter.unusedSimpArgs false`
warning: HSFormal/LTheory/Model/UnionRelTrans.lean:173:75: This simp argument is unused:
  zero_add

Hint: Omit it from the simp argument list.
  [apply] simp only [phiT_f, relTop, THns_hom, assoc, add_comp, comp_add, Union.HW_hom, Union.HY_hom, Union.TG_hom,
    Glue.ιW_f_sndX_assoc, Glue.ιY_f_sndX_assoc, comp_zero, add_zero, K'_hom_eq _ _ _ _ hrel, inlX_sndX_assoc, zero_comp,
    neg_f_apply, neg_comp, Glue.c', comp_f, comp_neg, neg_zero, dualHom_f, sumFst_f, BinaryBiproduct.bicone_fst,
    biprod.inl_fst_assoc, biprod.inr_fst_assoc, PairOn.δφ_kar]

Note: This linter can be disabled with `set_option linter.unusedSimpArgs false`
warning: HSFormal/LTheory/Model/UnionRelTrans.lean:176:50: This simp argument is unused:
  PairOn.δφ_kar

Hint: Omit it from the simp argument list.
  [apply] simp only [phiT_f, relTop, THns_hom, assoc, add_comp, comp_add, Union.HW_hom, Union.HY_hom, Union.TG_hom,
    Glue.ιW_f_sndX_assoc, Glue.ιY_f_sndX_assoc, comp_zero, zero_add, add_zero, K'_hom_eq _ _ _ _ hrel, inlX_sndX_assoc,
    zero_comp, neg_f_apply, neg_comp, Glue.c', comp_f, comp_neg, neg_zero, dualHom_f, sumFst_f,
    BinaryBiproduct.bicone_fst, biprod.inl_fst_assoc, biprod.inr_fst_assoc]

Note: This linter can be disabled with `set_option linter.unusedSimpArgs false`
warning: HSFormal/LTheory/Model/UnionRelTrans.lean:183:0: automatically included section variable(s) unused in theorem `HSFormal.LTheory.Union.star_snd_star_sndX_star_ιW`:
  [Linear ℚ V]
consider restructuring your `variable` declarations so that the variables are not in scope or explicitly omit them:
  omit [Linear ℚ V] in theorem ...

Note: This linter can be disabled with `set_option linter.unusedSectionVars false`
warning: HSFormal/LTheory/Model/UnionRelTrans.lean:190:0: automatically included section variable(s) unused in theorem `HSFormal.LTheory.Union.star_snd_star_sndX_star_ιY`:
  [Linear ℚ V]
consider restructuring your `variable` declarations so that the variables are not in scope or explicitly omit them:
  omit [Linear ℚ V] in theorem ...

Note: This linter can be disabled with `set_option linter.unusedSectionVars false`
warning: HSFormal/LTheory/Model/UnionRelTrans.lean:197:0: automatically included section variable(s) unused in theorem `HSFormal.LTheory.Union.star_snd_star_sndX_star_inlX`:
  [Linear ℚ V]
consider restructuring your `variable` declarations so that the variables are not in scope or explicitly omit them:
  omit [Linear ℚ V] in theorem ...

Note: This linter can be disabled with `set_option linter.unusedSectionVars false`
warning: HSFormal/LTheory/Model/UnionRelTrans.lean:203:0: automatically included section variable(s) unused in theorem `HSFormal.LTheory.Union.star_fstX_star_ιW`:
  [Linear ℚ V]
consider restructuring your `variable` declarations so that the variables are not in scope or explicitly omit them:
  omit [Linear ℚ V] in theorem ...

Note: This linter can be disabled with `set_option linter.unusedSectionVars false`
warning: HSFormal/LTheory/Model/UnionRelTrans.lean:208:0: automatically included section variable(s) unused in theorem `HSFormal.LTheory.Union.star_fstX_star_ιY`:
  [Linear ℚ V]
consider restructuring your `variable` declarations so that the variables are not in scope or explicitly omit them:
  omit [Linear ℚ V] in theorem ...

Note: This linter can be disabled with `set_option linter.unusedSectionVars false`
warning: HSFormal/LTheory/Model/UnionRelTrans.lean:224:46: This simp argument is unused:
  id_comp

Hint: Omit it from the simp argument list.
  [apply] simp only [THns_hom, comp_add, Union.HW_hom, Union.HY_hom, Union.TG_hom, dualHom_f, Glue.β', comp_f,
    J.star_comp, assoc, star_snd_star_sndX_star_ιW_assoc, star_snd_star_sndX_star_ιY_assoc, dualHomotopy_hom,
    K'_hom_eq _ _ _ _ h₂, Linear.comp_units_smul, Linear.units_smul_comp, star_snd_star_sndX_star_inlX_assoc, zero_comp,
    smul_zero, zero_add, add_zero]

Note: This linter can be disabled with `set_option linter.unusedSimpArgs false`
⚠ [9300/9345] Replayed HSFormal.LTheory.Model.UnionRelTurn
warning: HSFormal/LTheory/Model/UnionRelTurn.lean:43:5: Ambiguous namespace `Union`: it is interpreted as `_root_.HSFormal.LTheory.Union` because this `open` occurs inside `namespace HSFormal.LTheory.UTurn`, while `_root_.Union` is silently not opened. Specify the namespace unambiguously, e.g. `_root_.HSFormal.LTheory.Union`. The warning can sometimes also be addressed by moving the `open` outside of the surrounding `namespace`.

Note: This linter can be disabled with `set_option linter.ambiguousOpen false`
warning: HSFormal/LTheory/Model/UnionRelTurn.lean:60:0: automatically included section variable(s) unused in theorem `HSFormal.LTheory.UTurn.sum_neg_φ`:
  [HasBinaryBiproducts V]
  [HasFiniteBiproducts V]
consider restructuring your `variable` declarations so that the variables are not in scope or explicitly omit them:
  omit [HasBinaryBiproducts V] [HasFiniteBiproducts V] in theorem ...

Note: This linter can be disabled with `set_option linter.unusedSectionVars false`
warning: HSFormal/LTheory/Model/UnionRelTurn.lean:61:25: This simp argument is unused:
  comp_add

Hint: Omit it from the simp argument list.
  [apply] simp [SymPoincare.sum, add_comp, neg_add]

Note: This linter can be disabled with `set_option linter.unusedSimpArgs false`
warning: HSFormal/LTheory/Model/UnionRelTurn.lean:61:35: This simp argument is unused:
  add_comp

Hint: Omit it from the simp argument list.
  [apply] simp [SymPoincare.sum, comp_add, neg_add]

Note: This linter can be disabled with `set_option linter.unusedSimpArgs false`
warning: HSFormal/LTheory/Model/UnionRelTurn.lean:61:45: This simp argument is unused:
  neg_add

Hint: Omit it from the simp argument list.
  [apply] simp [SymPoincare.sum, comp_add, add_comp]

Note: This linter can be disabled with `set_option linter.unusedSimpArgs false`
warning: HSFormal/LTheory/Model/UnionRelTurn.lean:94:0: automatically included section variable(s) unused in theorem `HSFormal.LTheory.UTurn.cyl_j`:
  [HasFiniteBiproducts V]
consider restructuring your `variable` declarations so that the variables are not in scope or explicitly omit them:
  omit [HasFiniteBiproducts V] in theorem ...

Note: This linter can be disabled with `set_option linter.unusedSectionVars false`
warning: HSFormal/LTheory/Model/UnionRelTurn.lean:96:0: automatically included section variable(s) unused in theorem `HSFormal.LTheory.UTurn.cyl_pD`:
  [HasFiniteBiproducts V]
consider restructuring your `variable` declarations so that the variables are not in scope or explicitly omit them:
  omit [HasFiniteBiproducts V] in theorem ...

Note: This linter can be disabled with `set_option linter.unusedSectionVars false`
warning: HSFormal/LTheory/Model/UnionRelTurn.lean:98:0: automatically included section variable(s) unused in theorem `HSFormal.LTheory.UTurn.cyl_δφ_hom`:
  [HasFiniteBiproducts V]
consider restructuring your `variable` declarations so that the variables are not in scope or explicitly omit them:
  omit [HasFiniteBiproducts V] in theorem ...

Note: This linter can be disabled with `set_option linter.unusedSectionVars false`
warning: HSFormal/LTheory/Model/UnionRelTurn.lean:132:0: automatically included section variable(s) unused in theorem `HSFormal.LTheory.UTurn.B_p_kZ`:
  [HasFiniteBiproducts V]
  [Linear ℚ V]
consider restructuring your `variable` declarations so that the variables are not in scope or explicitly omit them:
  omit [HasFiniteBiproducts V] [Linear ℚ V] in theorem ...

Note: This linter can be disabled with `set_option linter.unusedSectionVars false`
warning: HSFormal/LTheory/Model/UnionRelTurn.lean:135:0: automatically included section variable(s) unused in theorem `HSFormal.LTheory.UTurn.kZ_pD`:
  [HasFiniteBiproducts V]
  [Linear ℚ V]
consider restructuring your `variable` declarations so that the variables are not in scope or explicitly omit them:
  omit [HasFiniteBiproducts V] [Linear ℚ V] in theorem ...

Note: This linter can be disabled with `set_option linter.unusedSectionVars false`
warning: HSFormal/LTheory/Model/UnionRelTurn.lean:144:0: automatically included section variable(s) unused in theorem `HSFormal.LTheory.UTurn.Qp_cJ`:
  [HasBinaryBiproducts V]
  [HasFiniteBiproducts V]
  [Linear ℚ V]
consider restructuring your `variable` declarations so that the variables are not in scope or explicitly omit them:
  omit [HasBinaryBiproducts V] [HasFiniteBiproducts V] [Linear ℚ V] in theorem ...

Note: This linter can be disabled with `set_option linter.unusedSectionVars false`
warning: HSFormal/LTheory/Model/UnionRelTurn.lean:145:12: This simp argument is unused:
  SymPoincare.sum

Hint: Omit it from the simp argument list.
  [apply] simp [cJ, add_comp, comp_add]

Note: This linter can be disabled with `set_option linter.unusedSimpArgs false`
warning: HSFormal/LTheory/Model/UnionRelTurn.lean:154:4: This simp argument is unused:
  reassoc_of% h₁

Hint: Omit it from the simp argument list.
  [apply] simp only [comp_add, add_comp, assoc, pSW, sumInl_sumFst_assoc, sumInl_sumSnd_assoc, sumInr_sumFst_assoc,
    sumInr_sumSnd_assoc, zero_comp, comp_zero, add_zero, zero_add, reassoc_of% h₂, Qp_cJ_assoc, kZ_pD_assoc]

Note: This linter can be disabled with `set_option linter.unusedSimpArgs false`
warning: HSFormal/LTheory/Model/UnionRelTurn.lean:154:36: This simp argument is unused:
  Qp_cJ_assoc

Hint: Omit it from the simp argument list.
  [apply] simp only [comp_add, add_comp, assoc, pSW, sumInl_sumFst_assoc, sumInl_sumSnd_assoc, sumInr_sumFst_assoc,
    sumInr_sumSnd_assoc, zero_comp, comp_zero, add_zero, zero_add, reassoc_of% h₁, reassoc_of% h₂, kZ_pD_assoc]

Note: This linter can be disabled with `set_option linter.unusedSimpArgs false`
warning: HSFormal/LTheory/Model/UnionRelTurn.lean:168:0: automatically included section variable(s) unused in theorem `HSFormal.LTheory.UTurn.inl_fold`:
  [HasFiniteBiproducts V]
  [Linear ℚ V]
consider restructuring your `variable` declarations so that the variables are not in scope or explicitly omit them:
  omit [HasFiniteBiproducts V] [Linear ℚ V] in theorem ...

Note: This linter can be disabled with `set_option linter.unusedSectionVars false`
warning: HSFormal/LTheory/Model/UnionRelTurn.lean:172:0: automatically included section variable(s) unused in theorem `HSFormal.LTheory.UTurn.inr_fold`:
  [HasFiniteBiproducts V]
  [Linear ℚ V]
consider restructuring your `variable` declarations so that the variables are not in scope or explicitly omit them:
  omit [HasFiniteBiproducts V] [Linear ℚ V] in theorem ...

Note: This linter can be disabled with `set_option linter.unusedSectionVars false`
warning: HSFormal/LTheory/Model/UnionRelTurn.lean:185:44: This simp argument is unused:
  comp_add

Hint: Omit it from the simp argument list.
  [apply] simp [uturn, PairSum.j, cJ, kZ, add_comp, h]

Note: This linter can be disabled with `set_option linter.unusedSimpArgs false`
warning: HSFormal/LTheory/Model/UnionRelTurn.lean:197:0: automatically included section variable(s) unused in theorem `HSFormal.LTheory.UTurn.β_pD`:
  [Linear ℚ V]
consider restructuring your `variable` declarations so that the variables are not in scope or explicitly omit them:
  omit [Linear ℚ V] in theorem ...

Note: This linter can be disabled with `set_option linter.unusedSectionVars false`
warning: HSFormal/LTheory/Model/UnionRelTurn.lean:199:0: automatically included section variable(s) unused in theorem `HSFormal.LTheory.UTurn.Qp_β`:
  [Linear ℚ V]
consider restructuring your `variable` declarations so that the variables are not in scope or explicitly omit them:
  omit [Linear ℚ V] in theorem ...

Note: This linter can be disabled with `set_option linter.unusedSectionVars false`
warning: HSFormal/LTheory/Model/UnionRelTurn.lean:210:4: This simp argument is unused:
  reassoc_of% (Qp_β X)

Hint: Omit it from the simp argument list.
  [apply] simp only [Glue.u, na, comp_add, add_comp, assoc, sumInl_sumFst_assoc, sumInl_sumSnd_assoc,
    sumInr_sumFst_assoc, sumInr_sumSnd_assoc, zero_comp, comp_zero, add_zero, zero_add, reassoc_of% (β_pD X),
    Qp_cJ_assoc, Glue.jY]

Note: This linter can be disabled with `set_option linter.unusedSimpArgs false`
warning: HSFormal/LTheory/Model/UnionRelTurn.lean:210:48: This simp argument is unused:
  Qp_cJ_assoc

Hint: Omit it from the simp argument list.
  [apply] simp only [Glue.u, na, comp_add, add_comp, assoc, sumInl_sumFst_assoc, sumInl_sumSnd_assoc,
    sumInr_sumFst_assoc, sumInr_sumSnd_assoc, zero_comp, comp_zero, add_zero, zero_add, reassoc_of% (Qp_β X),
    reassoc_of% (β_pD X), Glue.jY]

Note: This linter can be disabled with `set_option linter.unusedSimpArgs false`
warning: HSFormal/LTheory/Model/UnionRelTurn.lean:217:4: This simp argument is unused:
  reassoc_of% (Qp_β X)

Hint: Omit it from the simp argument list.
  [apply] simp only [Glue.u, nb, comp_add, add_comp, assoc, sumInl_sumFst_assoc, sumInl_sumSnd_assoc,
    sumInr_sumFst_assoc, sumInr_sumSnd_assoc, zero_comp, comp_zero, add_zero, zero_add, reassoc_of% (β_pD X),
    Qp_cJ_assoc, Glue.jY, cyl_j]

Note: This linter can be disabled with `set_option linter.unusedSimpArgs false`
warning: HSFormal/LTheory/Model/UnionRelTurn.lean:217:48: This simp argument is unused:
  Qp_cJ_assoc

Hint: Omit it from the simp argument list.
  [apply] simp only [Glue.u, nb, comp_add, add_comp, assoc, sumInl_sumFst_assoc, sumInl_sumSnd_assoc,
    sumInr_sumFst_assoc, sumInr_sumSnd_assoc, zero_comp, comp_zero, add_zero, zero_add, reassoc_of% (Qp_β X),
    reassoc_of% (β_pD X), Glue.jY, cyl_j]

Note: This linter can be disabled with `set_option linter.unusedSimpArgs false`
warning: HSFormal/LTheory/Model/UnionRelTurn.lean:225:0: automatically included section variable(s) unused in theorem `HSFormal.LTheory.UTurn.pS_na`:
  [Linear ℚ V]
consider restructuring your `variable` declarations so that the variables are not in scope or explicitly omit them:
  omit [Linear ℚ V] in theorem ...

Note: This linter can be disabled with `set_option linter.unusedSectionVars false`
warning: HSFormal/LTheory/Model/UnionRelTurn.lean:254:33: `dif_pos` has been deprecated: Use `dite_eq_left` instead

Hint: Replace the deprecated name:
  d̵i̵f̵_̵p̵o̵s̵d̲i̲t̲e̲_̲e̲q̲_̲l̲e̲f̲t̲
warning: HSFormal/LTheory/Model/UnionRelTurn.lean:255:38: `dif_neg` has been deprecated: Use `dite_eq_right` instead

Hint: Replace the deprecated name:
  d̵i̵f̵_̵n̵e̵g̵d̲i̲t̲e̲_̲e̲q̲_̲r̲i̲g̲h̲t̲
warning: HSFormal/LTheory/Model/UnionRelTurn.lean:260:33: `dif_pos` has been deprecated: Use `dite_eq_left` instead

Hint: Replace the deprecated name:
  d̵i̵f̵_̵p̵o̵s̵d̲i̲t̲e̲_̲e̲q̲_̲l̲e̲f̲t̲
warning: HSFormal/LTheory/Model/UnionRelTurn.lean:261:38: `dif_neg` has been deprecated: Use `dite_eq_right` instead

Hint: Replace the deprecated name:
  d̵i̵f̵_̵n̵e̵g̵d̲i̲t̲e̲_̲e̲q̲_̲r̲i̲g̲h̲t̲
warning: HSFormal/LTheory/Model/UnionRelTurn.lean:410:0: automatically included section variable(s) unused in theorem `HSFormal.LTheory.UTurn.sandδφZ_eq`:
  [Linear ℚ V]
consider restructuring your `variable` declarations so that the variables are not in scope or explicitly omit them:
  omit [Linear ℚ V] in theorem ...

Note: This linter can be disabled with `set_option linter.unusedSectionVars false`
warning: HSFormal/LTheory/Model/UnionRelTurn.lean:410:6: Overlapping instance parameters in `sandδφZ_eq`:

⚠️ There are 2 `[Linear ℚ V]` instances; one is sufficient.

Note: This linter can be disabled with `set_option linter.overlappingInstances false`
warning: HSFormal/LTheory/Model/UnionRelTurn.lean:416:0: automatically included section variable(s) unused in theorem `HSFormal.LTheory.UTurn.sandTH_eq`:
  [Linear ℚ V]
consider restructuring your `variable` declarations so that the variables are not in scope or explicitly omit them:
  omit [Linear ℚ V] in theorem ...

Note: This linter can be disabled with `set_option linter.unusedSectionVars false`
warning: HSFormal/LTheory/Model/UnionRelTurn.lean:416:6: Overlapping instance parameters in `sandTH_eq`:

⚠️ There are 2 `[Linear ℚ V]` instances; one is sufficient.

Note: This linter can be disabled with `set_option linter.overlappingInstances false`
warning: HSFormal/LTheory/Model/UnionRelTurn.lean:422:0: automatically included section variable(s) unused in theorem `HSFormal.LTheory.UTurn.fa_union_fa`:
  [Linear ℚ V]
consider restructuring your `variable` declarations so that the variables are not in scope or explicitly omit them:
  omit [Linear ℚ V] in theorem ...

Note: This linter can be disabled with `set_option linter.unusedSectionVars false`
warning: HSFormal/LTheory/Model/UnionRelTurn.lean:422:6: Overlapping instance parameters in `fa_union_fa`:

⚠️ There are 2 `[Linear ℚ V]` instances; one is sufficient.

Note: This linter can be disabled with `set_option linter.overlappingInstances false`
warning: HSFormal/LTheory/Model/UnionRelTurn.lean:428:0: automatically included section variable(s) unused in theorem `HSFormal.LTheory.UTurn.fa_phiT_fa`:
  [Linear ℚ V]
consider restructuring your `variable` declarations so that the variables are not in scope or explicitly omit them:
  omit [Linear ℚ V] in theorem ...

Note: This linter can be disabled with `set_option linter.unusedSectionVars false`
warning: HSFormal/LTheory/Model/UnionRelTurn.lean:428:6: Overlapping instance parameters in `fa_phiT_fa`:

⚠️ There are 2 `[Linear ℚ V]` instances; one is sufficient.

Note: This linter can be disabled with `set_option linter.overlappingInstances false`
warning: HSFormal/LTheory/Model/UnionRelTurn.lean:435:7: Overlapping instance parameters in `bb`:

⚠️ There are 2 `[Linear ℚ V]` instances; one is sufficient.

Note: This linter can be disabled with `set_option linter.overlappingInstances false`
warning: HSFormal/LTheory/Model/UnionRelTurn.lean:438:7: Overlapping instance parameters in `bd`:

⚠️ There are 2 `[Linear ℚ V]` instances; one is sufficient.

Note: This linter can be disabled with `set_option linter.overlappingInstances false`
warning: HSFormal/LTheory/Model/UnionRelTurn.lean:441:4: Overlapping instance parameters in `jj`:

⚠️ There are 2 `[Linear ℚ V]` instances; one is sufficient.

Note: This linter can be disabled with `set_option linter.overlappingInstances false`
warning: HSFormal/LTheory/Model/UnionRelTurn.lean:444:0: automatically included section variable(s) unused in theorem `HSFormal.LTheory.UTurn.inl_jj`:
  [Linear ℚ V]
consider restructuring your `variable` declarations so that the variables are not in scope or explicitly omit them:
  omit [Linear ℚ V] in theorem ...

Note: This linter can be disabled with `set_option linter.unusedSectionVars false`
warning: HSFormal/LTheory/Model/UnionRelTurn.lean:444:6: Overlapping instance parameters in `inl_jj`:

⚠️ There are 2 `[Linear ℚ V]` instances; one is sufficient.

Note: This linter can be disabled with `set_option linter.overlappingInstances false`
warning: HSFormal/LTheory/Model/UnionRelTurn.lean:447:0: automatically included section variable(s) unused in theorem `HSFormal.LTheory.UTurn.inr_jj`:
  [Linear ℚ V]
consider restructuring your `variable` declarations so that the variables are not in scope or explicitly omit them:
  omit [Linear ℚ V] in theorem ...

Note: This linter can be disabled with `set_option linter.unusedSectionVars false`
warning: HSFormal/LTheory/Model/UnionRelTurn.lean:447:6: Overlapping instance parameters in `inr_jj`:

⚠️ There are 2 `[Linear ℚ V]` instances; one is sufficient.

Note: This linter can be disabled with `set_option linter.overlappingInstances false`
warning: HSFormal/LTheory/Model/UnionRelTurn.lean:449:0: automatically included section variable(s) unused in theorem `HSFormal.LTheory.UTurn.jj_kar`:
  [Linear ℚ V]
consider restructuring your `variable` declarations so that the variables are not in scope or explicitly omit them:
  omit [Linear ℚ V] in theorem ...

Note: This linter can be disabled with `set_option linter.unusedSectionVars false`
warning: HSFormal/LTheory/Model/UnionRelTurn.lean:452:13: This simp argument is unused:
  SymPoincare.sum

Hint: Omit it from the simp argument list.
  [apply] simp only [jj, comp_add, add_comp, assoc, sumInl_sumFst_assoc, sumInl_sumSnd_assoc, sumInr_sumFst_assoc,
    sumInr_sumSnd_assoc, zero_comp, comp_zero, add_zero, zero_add]

Note: This linter can be disabled with `set_option linter.unusedSimpArgs false`
warning: HSFormal/LTheory/Model/UnionRelTurn.lean:449:6: Overlapping instance parameters in `jj_kar`:

⚠️ There are 2 `[Linear ℚ V]` instances; one is sufficient.

Note: This linter can be disabled with `set_option linter.overlappingInstances false`
warning: HSFormal/LTheory/Model/UnionRelTurn.lean:459:0: automatically included section variable(s) unused in theorem `HSFormal.LTheory.UTurn.jj_bd_jj`:
  [Linear ℚ V]
consider restructuring your `variable` declarations so that the variables are not in scope or explicitly omit them:
  omit [Linear ℚ V] in theorem ...

Note: This linter can be disabled with `set_option linter.unusedSectionVars false`
warning: HSFormal/LTheory/Model/UnionRelTurn.lean:461:13: This simp argument is unused:
  SymPoincare.sum

Hint: Omit it from the simp argument list.
  [apply] simp only [SymPoincare.neg, comp_add, add_comp, assoc, inl_jj, inr_jj, neg_comp, comp_neg]

Note: This linter can be disabled with `set_option linter.unusedSimpArgs false`
warning: HSFormal/LTheory/Model/UnionRelTurn.lean:459:6: Overlapping instance parameters in `jj_bd_jj`:

⚠️ There are 2 `[Linear ℚ V]` instances; one is sufficient.

Note: This linter can be disabled with `set_option linter.overlappingInstances false`
warning: HSFormal/LTheory/Model/UnionRelTurn.lean:468:4: Overlapping instance parameters in `phiD`:

⚠️ There are 2 `[Linear ℚ V]` instances; one is sufficient.

Note: This linter can be disabled with `set_option linter.overlappingInstances false`
warning: HSFormal/LTheory/Model/UnionRelTurn.lean:472:0: automatically included section variable(s) unused in theorem `HSFormal.LTheory.UTurn.jj_phiD_jj`:
  [Linear ℚ V]
consider restructuring your `variable` declarations so that the variables are not in scope or explicitly omit them:
  omit [Linear ℚ V] in theorem ...

Note: This linter can be disabled with `set_option linter.unusedSectionVars false`
warning: HSFormal/LTheory/Model/UnionRelTurn.lean:472:6: Overlapping instance parameters in `jj_phiD_jj`:

⚠️ There are 2 `[Linear ℚ V]` instances; one is sufficient.

Note: This linter can be disabled with `set_option linter.overlappingInstances false`
⚠ [9301/9345] Replayed HSFormal.LTheory.Model.UnionRelSplit
warning: HSFormal/LTheory/Model/UnionRelSplit.lean:33:5: Ambiguous namespace `Union`: it is interpreted as `_root_.HSFormal.LTheory.Union` because this `open` occurs inside `namespace HSFormal.LTheory.UTurn`, while `_root_.Union` is silently not opened. Specify the namespace unambiguously, e.g. `_root_.HSFormal.LTheory.Union`. The warning can sometimes also be addressed by moving the `open` outside of the surrounding `namespace`.

Note: This linter can be disabled with `set_option linter.ambiguousOpen false`
warning: HSFormal/LTheory/Model/UnionRelSplit.lean:74:0: automatically included section variable(s) unused in theorem `HSFormal.LTheory.UTurn.Qp_fst`:
  [HasBinaryBiproducts V]
  [HasFiniteBiproducts V]
  [Linear ℚ V]
consider restructuring your `variable` declarations so that the variables are not in scope or explicitly omit them:
  omit [HasBinaryBiproducts V] [HasFiniteBiproducts V] [Linear ℚ V] in theorem ...

Note: This linter can be disabled with `set_option linter.unusedSectionVars false`
warning: HSFormal/LTheory/Model/UnionRelSplit.lean:74:59: This simp argument is unused:
  SymPoincare.sum

Hint: Omit it from the simp argument list.
  [apply] simp [fstQ]

Note: This linter can be disabled with `set_option linter.unusedSimpArgs false`
warning: HSFormal/LTheory/Model/UnionRelSplit.lean:80:4: This simp argument is unused:
  Qp_cJ_assoc

Hint: Omit it from the simp argument list.
  [apply] simp (config := { proj := false }) only [vB, pSB, comp_add, add_comp, assoc, sumInl_sumFst_assoc,
    sumInl_sumSnd_assoc, sumInr_sumFst_assoc, sumInr_sumSnd_assoc, zero_comp, comp_zero, add_zero, zero_add,
    kZ_pD_assoc]

Note: This linter can be disabled with `set_option linter.unusedSimpArgs false`
warning: HSFormal/LTheory/Model/UnionRelSplit.lean:123:0: automatically included section variable(s) unused in theorem `HSFormal.LTheory.UTurn.Qp_uj`:
  [Linear ℚ V]
consider restructuring your `variable` declarations so that the variables are not in scope or explicitly omit them:
  omit [Linear ℚ V] in theorem ...

Note: This linter can be disabled with `set_option linter.unusedSectionVars false`
warning: HSFormal/LTheory/Model/UnionRelSplit.lean:126:0: automatically included section variable(s) unused in theorem `HSFormal.LTheory.UTurn.cJ_Bp`:
  [HasBinaryBiproducts V]
  [HasFiniteBiproducts V]
  [Linear ℚ V]
consider restructuring your `variable` declarations so that the variables are not in scope or explicitly omit them:
  omit [HasBinaryBiproducts V] [HasFiniteBiproducts V] [Linear ℚ V] in theorem ...

Note: This linter can be disabled with `set_option linter.unusedSectionVars false`
warning: HSFormal/LTheory/Model/UnionRelSplit.lean:128:0: automatically included section variable(s) unused in theorem `HSFormal.LTheory.UTurn.vB_mB`:
  [Linear ℚ V]
consider restructuring your `variable` declarations so that the variables are not in scope or explicitly omit them:
  omit [Linear ℚ V] in theorem ...

Note: This linter can be disabled with `set_option linter.unusedSectionVars false`
warning: HSFormal/LTheory/Model/UnionRelSplit.lean:201:23: This simp argument is unused:
  comp_add

Hint: Omit it from the simp argument list.
  [apply] simp only [sW, fa, inrX_sndX_assoc, inrX_fstX_assoc, zero_comp, zero_add, assoc, inrX_coneMap_f,
    inrX_coneMap_f_assoc]

Note: This linter can be disabled with `set_option linter.unusedSimpArgs false`
warning: HSFormal/LTheory/Model/UnionRelSplit.lean:201:33: This simp argument is unused:
  inrX_sndX_assoc

Hint: Omit it from the simp argument list.
  [apply] simp only [sW, fa, comp_add, inrX_fstX_assoc, zero_comp, zero_add, assoc, inrX_coneMap_f,
    inrX_coneMap_f_assoc]

Note: This linter can be disabled with `set_option linter.unusedSimpArgs false`
warning: HSFormal/LTheory/Model/UnionRelSplit.lean:201:50: This simp argument is unused:
  inrX_fstX_assoc

Hint: Omit it from the simp argument list.
  [apply] simp only [sW, fa, comp_add, inrX_sndX_assoc, zero_comp, zero_add, assoc, inrX_coneMap_f,
    inrX_coneMap_f_assoc]

Note: This linter can be disabled with `set_option linter.unusedSimpArgs false`
warning: HSFormal/LTheory/Model/UnionRelSplit.lean:201:67: This simp argument is unused:
  zero_comp

Hint: Omit it from the simp argument list.
  [apply] simp only [sW, fa, comp_add, inrX_sndX_assoc, inrX_fstX_assoc, zero_add, assoc, inrX_coneMap_f,
    inrX_coneMap_f_assoc]

Note: This linter can be disabled with `set_option linter.unusedSimpArgs false`
warning: HSFormal/LTheory/Model/UnionRelSplit.lean:201:78: This simp argument is unused:
  zero_add

Hint: Omit it from the simp argument list.
  [apply] simp only [sW, fa, comp_add, inrX_sndX_assoc, inrX_fstX_assoc, zero_comp, assoc, inrX_coneMap_f,
    inrX_coneMap_f_assoc]

Note: This linter can be disabled with `set_option linter.unusedSimpArgs false`
warning: HSFormal/LTheory/Model/UnionRelSplit.lean:201:88: This simp argument is unused:
  assoc

Hint: Omit it from the simp argument list.
  [apply] simp only [sW, fa, comp_add, inrX_sndX_assoc, inrX_fstX_assoc, zero_comp, zero_add, inrX_coneMap_f,
    inrX_coneMap_f_assoc]

Note: This linter can be disabled with `set_option linter.unusedSimpArgs false`
warning: HSFormal/LTheory/Model/UnionRelSplit.lean:202:22: This simp argument is unused:
  inrX_coneMap_f_assoc

Hint: Omit it from the simp argument list.
  [apply] simp only [sW, fa, comp_add, inrX_sndX_assoc, inrX_fstX_assoc, zero_comp, zero_add, assoc, inrX_coneMap_f]

Note: This linter can be disabled with `set_option linter.unusedSimpArgs false`
warning: HSFormal/LTheory/Model/UnionRelSplit.lean:206:0: automatically included section variable(s) unused in theorem `HSFormal.LTheory.UTurn.Qp_f_idem`:
  [HasBinaryBiproducts V]
  [HasFiniteBiproducts V]
  [Linear ℚ V]
consider restructuring your `variable` declarations so that the variables are not in scope or explicitly omit them:
  omit [HasBinaryBiproducts V] [HasFiniteBiproducts V] [Linear ℚ V] in theorem ...

Note: This linter can be disabled with `set_option linter.unusedSectionVars false`
warning: HSFormal/LTheory/Model/UnionRelSplit.lean:216:63: This simp argument is unused:
  assoc

Hint: Omit it from the simp argument list.
  [apply] simp only [ka, kb, ta, tb, comp_add, inrX_coneMap_f_assoc, comp_neg, comp_sub, inrX_coneMap_f]

Note: This linter can be disabled with `set_option linter.unusedSimpArgs false`
warning: HSFormal/LTheory/Model/UnionRelSplit.lean:225:8: This simp argument is unused:
  SymPoincare.sum

Hint: Omit it from the simp argument list.
  [apply] simp [add_comp, comp_add, union_p]

Note: This linter can be disabled with `set_option linter.unusedSimpArgs false`
warning: HSFormal/LTheory/Model/UnionRelSplit.lean:225:25: This simp argument is unused:
  add_comp

Hint: Omit it from the simp argument list.
  [apply] simp [SymPoincare.sum, comp_add, union_p]

Note: This linter can be disabled with `set_option linter.unusedSimpArgs false`
warning: HSFormal/LTheory/Model/UnionRelSplit.lean:230:8: This simp argument is unused:
  SymPoincare.sum

Hint: Omit it from the simp argument list.
  [apply] simp [SymPoincare.neg, add_comp, comp_add, union_p]

Note: This linter can be disabled with `set_option linter.unusedSimpArgs false`
warning: HSFormal/LTheory/Model/UnionRelSplit.lean:230:42: This simp argument is unused:
  add_comp

Hint: Omit it from the simp argument list.
  [apply] simp [SymPoincare.sum, SymPoincare.neg, comp_add, union_p]

Note: This linter can be disabled with `set_option linter.unusedSimpArgs false`
warning: HSFormal/LTheory/Model/UnionRelSplit.lean:233:0: automatically included section variable(s) unused in theorem `HSFormal.LTheory.UTurn.uturn_pD_sndD_f`:
  [Linear ℚ V]
consider restructuring your `variable` declarations so that the variables are not in scope or explicitly omit them:
  omit [Linear ℚ V] in theorem ...

Note: This linter can be disabled with `set_option linter.unusedSectionVars false`
warning: HSFormal/LTheory/Model/UnionRelSplit.lean:237:0: automatically included section variable(s) unused in theorem `HSFormal.LTheory.UTurn.inlD_uturn_pD_f`:
  [Linear ℚ V]
consider restructuring your `variable` declarations so that the variables are not in scope or explicitly omit them:
  omit [Linear ℚ V] in theorem ...

Note: This linter can be disabled with `set_option linter.unusedSectionVars false`
warning: HSFormal/LTheory/Model/UnionRelSplit.lean:247:0: automatically included section variable(s) unused in theorem `HSFormal.LTheory.UTurn.biprod_inr_uturn_pD_f`:
  [Linear ℚ V]
consider restructuring your `variable` declarations so that the variables are not in scope or explicitly omit them:
  omit [Linear ℚ V] in theorem ...

Note: This linter can be disabled with `set_option linter.unusedSectionVars false`
warning: HSFormal/LTheory/Model/UnionRelSplit.lean:283:80: This simp argument is unused:
  add_comp

Hint: Omit it from the simp argument list.
  [apply] simp only [ta, ka, fa, sW, comp_add, inrX_coneMap_f_assoc, assoc, comp_neg, inrX_coneMap_f, neg_comp,
    inrX_sndX_assoc, inrX_fstX_assoc, zero_comp, zero_add]

Note: This linter can be disabled with `set_option linter.unusedSimpArgs false`
warning: HSFormal/LTheory/Model/UnionRelSplit.lean:284:77: This simp argument is unused:
  zero_add

Hint: Omit it from the simp argument list.
  [apply] simp only [ta, ka, fa, sW, comp_add, inrX_coneMap_f_assoc, assoc, comp_neg, add_comp, inrX_coneMap_f,
    neg_comp, inrX_sndX_assoc, inrX_fstX_assoc, zero_comp]

Note: This linter can be disabled with `set_option linter.unusedSimpArgs false`
warning: HSFormal/LTheory/Model/UnionRelSplit.lean:287:78: Used `tac1 <;> tac2` where `(tac1; tac2)` would suffice

Note: This linter can be disabled with `set_option linter.unnecessarySeqFocus false`
warning: HSFormal/LTheory/Model/UnionRelSplit.lean:296:77: This simp argument is unused:
  zero_add

Hint: Omit it from the simp argument list.
  [apply] simp only [tb, ka, fb, sW, comp_add, inrX_coneMap_f_assoc, assoc, comp_neg, add_comp, inrX_coneMap_f,
    neg_comp, inrX_sndX_assoc, inrX_fstX_assoc, zero_comp, comp_sub, sub_comp]

Note: This linter can be disabled with `set_option linter.unusedSimpArgs false`
warning: HSFormal/LTheory/Model/UnionRelSplit.lean:298:45: This simp argument is unused:
  Glue.pS

Hint: Omit it from the simp argument list.
  [apply] simp [nka, nb, mB, inrD, sndD]

Note: This linter can be disabled with `set_option linter.unusedSimpArgs false`
warning: HSFormal/LTheory/Model/UnionRelSplit.lean:298:64: This simp argument is unused:
  sndD

Hint: Omit it from the simp argument list.
  [apply] simp [nka, nb, Glue.pS, mB, inrD]

Note: This linter can be disabled with `set_option linter.unusedSimpArgs false`
warning: HSFormal/LTheory/Model/UnionRelSplit.lean:304:33: This simp argument is unused:
  inrX_coneMap_f_assoc

Hint: Omit it from the simp argument list.
  [apply] simp only [tb, kb, comp_add, assoc, comp_neg, add_comp, inrX_coneMap_f, neg_comp, inrX_sndX_assoc,
    inrX_fstX_assoc, zero_comp, zero_add, comp_sub, sub_comp]

Note: This linter can be disabled with `set_option linter.unusedSimpArgs false`
warning: HSFormal/LTheory/Model/UnionRelSplit.lean:305:77: This simp argument is unused:
  zero_add

Hint: Omit it from the simp argument list.
  [apply] simp only [tb, kb, comp_add, inrX_coneMap_f_assoc, assoc, comp_neg, add_comp, inrX_coneMap_f, neg_comp,
    inrX_sndX_assoc, inrX_fstX_assoc, zero_comp, comp_sub, sub_comp]

Note: This linter can be disabled with `set_option linter.unusedSimpArgs false`
⚠ [9302/9345] Replayed HSFormal.LTheory.Model.UnionRelLadder
warning: HSFormal/LTheory/Model/UnionRelLadder.lean:36:0: automatically included section variable(s) unused in theorem `HSFormal.LTheory.star_biprod_fst_inl`:
  [HasFiniteBiproducts V]
  [Linear ℚ V]
consider restructuring your `variable` declarations so that the variables are not in scope or explicitly omit them:
  omit [HasFiniteBiproducts V] [Linear ℚ V] in theorem ...

Note: This linter can be disabled with `set_option linter.unusedSectionVars false`
warning: HSFormal/LTheory/Model/UnionRelLadder.lean:40:0: automatically included section variable(s) unused in theorem `HSFormal.LTheory.star_biprod_fst_inr`:
  [HasFiniteBiproducts V]
  [Linear ℚ V]
consider restructuring your `variable` declarations so that the variables are not in scope or explicitly omit them:
  omit [HasFiniteBiproducts V] [Linear ℚ V] in theorem ...

Note: This linter can be disabled with `set_option linter.unusedSectionVars false`
warning: HSFormal/LTheory/Model/UnionRelLadder.lean:44:0: automatically included section variable(s) unused in theorem `HSFormal.LTheory.star_biprod_snd_inl`:
  [HasFiniteBiproducts V]
  [Linear ℚ V]
consider restructuring your `variable` declarations so that the variables are not in scope or explicitly omit them:
  omit [HasFiniteBiproducts V] [Linear ℚ V] in theorem ...

Note: This linter can be disabled with `set_option linter.unusedSectionVars false`
warning: HSFormal/LTheory/Model/UnionRelLadder.lean:48:0: automatically included section variable(s) unused in theorem `HSFormal.LTheory.star_biprod_snd_inr`:
  [HasFiniteBiproducts V]
  [Linear ℚ V]
consider restructuring your `variable` declarations so that the variables are not in scope or explicitly omit them:
  omit [HasFiniteBiproducts V] [Linear ℚ V] in theorem ...

Note: This linter can be disabled with `set_option linter.unusedSectionVars false`
warning: HSFormal/LTheory/Model/UnionRelLadder.lean:52:0: automatically included section variable(s) unused in theorem `HSFormal.LTheory.star_comp_star`:
  [HasBinaryBiproducts V]
  [HasFiniteBiproducts V]
  [Linear ℚ V]
consider restructuring your `variable` declarations so that the variables are not in scope or explicitly omit them:
  omit [HasBinaryBiproducts V] [HasFiniteBiproducts V] [Linear ℚ V] in theorem ...

Note: This linter can be disabled with `set_option linter.unusedSectionVars false`
warning: HSFormal/LTheory/Model/UnionRelLadder.lean:56:0: automatically included section variable(s) unused in theorem `HSFormal.LTheory.biprod_ext_star`:
  [HasFiniteBiproducts V]
  [Linear ℚ V]
consider restructuring your `variable` declarations so that the variables are not in scope or explicitly omit them:
  omit [HasFiniteBiproducts V] [Linear ℚ V] in theorem ...

Note: This linter can be disabled with `set_option linter.unusedSectionVars false`
warning: HSFormal/LTheory/Model/UnionRelLadder.lean:69:5: Ambiguous namespace `Union`: it is interpreted as `_root_.HSFormal.LTheory.Union` because this `open` occurs inside `namespace HSFormal.LTheory.UTurn`, while `_root_.Union` is silently not opened. Specify the namespace unambiguously, e.g. `_root_.HSFormal.LTheory.Union`. The warning can sometimes also be addressed by moving the `open` outside of the surrounding `namespace`.

Note: This linter can be disabled with `set_option linter.ambiguousOpen false`
warning: HSFormal/LTheory/Model/UnionRelLadder.lean:87:0: automatically included section variable(s) unused in theorem `HSFormal.LTheory.UTurn.v_sumSnd`:
  [Linear ℚ V]
consider restructuring your `variable` declarations so that the variables are not in scope or explicitly omit them:
  omit [Linear ℚ V] in theorem ...

Note: This linter can be disabled with `set_option linter.unusedSectionVars false`
warning: HSFormal/LTheory/Model/UnionRelLadder.lean:106:0: automatically included section variable(s) unused in theorem `HSFormal.LTheory.UTurn.pSB_idem_f`:
  [HasFiniteBiproducts V]
  [Linear ℚ V]
consider restructuring your `variable` declarations so that the variables are not in scope or explicitly omit them:
  omit [HasFiniteBiproducts V] [Linear ℚ V] in theorem ...

Note: This linter can be disabled with `set_option linter.unusedSectionVars false`
warning: HSFormal/LTheory/Model/UnionRelLadder.lean:126:51: This simp argument is unused:
  add_comp

Hint: Omit it from the simp argument list.
  [apply] simp only [tK, iK, qK, sK, comp_f, comp_add, assoc, inrX_sndX_assoc, inrX_coneMap_f_assoc, inrX_coneMap_f,
    inrX_fstX_assoc, zero_comp, zero_add]

Note: This linter can be disabled with `set_option linter.unusedSimpArgs false`
warning: HSFormal/LTheory/Model/UnionRelLadder.lean:127:74: This simp argument is unused:
  zero_add

Hint: Omit it from the simp argument list.
  [apply] simp only [tK, iK, qK, sK, comp_f, comp_add, add_comp, assoc, inrX_sndX_assoc, inrX_coneMap_f_assoc,
    inrX_coneMap_f, inrX_fstX_assoc, zero_comp]

Note: This linter can be disabled with `set_option linter.unusedSimpArgs false`
warning: HSFormal/LTheory/Model/UnionRelLadder.lean:139:0: automatically included section variable(s) unused in theorem `HSFormal.LTheory.UTurn.πW_comm`:
  [Linear ℚ V]
consider restructuring your `variable` declarations so that the variables are not in scope or explicitly omit them:
  omit [Linear ℚ V] in theorem ...

Note: This linter can be disabled with `set_option linter.unusedSectionVars false`
warning: HSFormal/LTheory/Model/UnionRelLadder.lean:172:53: This simp argument is unused:
  add_comp

Hint: Omit it from the simp argument list.
  [apply] simp only [tW, ιZk, πW, sWc, comp_f, comp_add, assoc, inrX_sndX_assoc, inrX_coneMap_f_assoc, inrX_coneMap_f,
    inrX_fstX_assoc, zero_comp, zero_add]

Note: This linter can be disabled with `set_option linter.unusedSimpArgs false`
warning: HSFormal/LTheory/Model/UnionRelLadder.lean:173:74: This simp argument is unused:
  zero_add

Hint: Omit it from the simp argument list.
  [apply] simp only [tW, ιZk, πW, sWc, comp_f, comp_add, add_comp, assoc, inrX_sndX_assoc, inrX_coneMap_f_assoc,
    inrX_coneMap_f, inrX_fstX_assoc, zero_comp]

Note: This linter can be disabled with `set_option linter.unusedSimpArgs false`
warning: HSFormal/LTheory/Model/UnionRelLadder.lean:188:65: This simp argument is unused:
  comp_sub

Hint: Omit it from the simp argument list.
  [apply] simp [vB, fstQ, cJ, kZ, pSB, c₁, add_comp, comp_add, sub_comp, Z.j_comp_pD, reassoc_of% h]

Note: This linter can be disabled with `set_option linter.unusedSimpArgs false`
warning: HSFormal/LTheory/Model/UnionRelLadder.lean:188:75: This simp argument is unused:
  Z.j_comp_pD

Hint: Omit it from the simp argument list.
  [apply] simp [vB, fstQ, cJ, kZ, pSB, c₁, add_comp, comp_add, sub_comp, comp_sub, reassoc_of% h]

Note: This linter can be disabled with `set_option linter.unusedSimpArgs false`
warning: HSFormal/LTheory/Model/UnionRelLadder.lean:189:4: This simp argument is unused:
  reassoc_of% h

Hint: Omit it from the simp argument list.
  [apply] simp [vB, fstQ, cJ, kZ, pSB, c₁, add_comp, comp_add, sub_comp, comp_sub, Z.j_comp_pD]

Note: This linter can be disabled with `set_option linter.unusedSimpArgs false`
warning: HSFormal/LTheory/Model/UnionRelLadder.lean:201:0: automatically included section variable(s) unused in theorem `HSFormal.LTheory.UTurn.c'_comm`:
  [HasFiniteBiproducts V]
  [Linear ℚ V]
consider restructuring your `variable` declarations so that the variables are not in scope or explicitly omit them:
  omit [HasFiniteBiproducts V] [Linear ℚ V] in theorem ...

Note: This linter can be disabled with `set_option linter.unusedSectionVars false`
warning: HSFormal/LTheory/Model/UnionRelLadder.lean:203:46: This simp argument is unused:
  comp_add

Hint: Omit it from the simp argument list.
  [apply] simp [vB, fstQ, cJ, kZ, c'₀, c'₁, add_comp, sub_comp, comp_sub, Z.j_comp_pD, reassoc_of% h, h]

Note: This linter can be disabled with `set_option linter.unusedSimpArgs false`
warning: HSFormal/LTheory/Model/UnionRelLadder.lean:203:56: This simp argument is unused:
  sub_comp

Hint: Omit it from the simp argument list.
  [apply] simp [vB, fstQ, cJ, kZ, c'₀, c'₁, add_comp, comp_add, comp_sub, Z.j_comp_pD, reassoc_of% h, h]

Note: This linter can be disabled with `set_option linter.unusedSimpArgs false`
warning: HSFormal/LTheory/Model/UnionRelLadder.lean:204:4: This simp argument is unused:
  reassoc_of% h

Hint: Omit it from the simp argument list.
  [apply] simp [vB, fstQ, cJ, kZ, c'₀, c'₁, add_comp, comp_add, sub_comp, comp_sub, Z.j_comp_pD, h]

Note: This linter can be disabled with `set_option linter.unusedSimpArgs false`
warning: HSFormal/LTheory/Model/UnionRelLadder.lean:216:19: This simp argument is unused:
  SymPoincare.sum

Hint: Omit it from the simp argument list.
  [apply] simp [c₀, c'₀, SymPoincare.neg, sub_comp, add_comp, comp_add]

Note: This linter can be disabled with `set_option linter.unusedSimpArgs false`
warning: HSFormal/LTheory/Model/UnionRelLadder.lean:222:15: This simp argument is unused:
  SymPoincare.sum

Hint: Omit it from the simp argument list.
  [apply] simp [c'₀, SymPoincare.neg, add_comp, comp_add]

Note: This linter can be disabled with `set_option linter.unusedSimpArgs false`
warning: HSFormal/LTheory/Model/UnionRelLadder.lean:222:59: This simp argument is unused:
  comp_add

Hint: Omit it from the simp argument list.
  [apply] simp [c'₀, SymPoincare.sum, SymPoincare.neg, add_comp]

Note: This linter can be disabled with `set_option linter.unusedSimpArgs false`
warning: HSFormal/LTheory/Model/UnionRelLadder.lean:227:0: automatically included section variable(s) unused in theorem `HSFormal.LTheory.UTurn.vB_f_fst`:
  [HasFiniteBiproducts V]
  [Linear ℚ V]
consider restructuring your `variable` declarations so that the variables are not in scope or explicitly omit them:
  omit [HasFiniteBiproducts V] [Linear ℚ V] in theorem ...

Note: This linter can be disabled with `set_option linter.unusedSectionVars false`
warning: HSFormal/LTheory/Model/UnionRelLadder.lean:232:0: automatically included section variable(s) unused in theorem `HSFormal.LTheory.UTurn.vB_f_snd`:
  [HasFiniteBiproducts V]
  [Linear ℚ V]
consider restructuring your `variable` declarations so that the variables are not in scope or explicitly omit them:
  omit [HasFiniteBiproducts V] [Linear ℚ V] in theorem ...

Note: This linter can be disabled with `set_option linter.unusedSectionVars false`
warning: HSFormal/LTheory/Model/UnionRelLadder.lean:237:0: automatically included section variable(s) unused in theorem `HSFormal.LTheory.UTurn.inl_vB_f`:
  [HasFiniteBiproducts V]
  [Linear ℚ V]
consider restructuring your `variable` declarations so that the variables are not in scope or explicitly omit them:
  omit [HasFiniteBiproducts V] [Linear ℚ V] in theorem ...

Note: This linter can be disabled with `set_option linter.unusedSectionVars false`
warning: HSFormal/LTheory/Model/UnionRelLadder.lean:252:15: This simp argument is unused:
  SymPoincare.sum

Hint: Omit it from the simp argument list.
  [apply] simp [c, c', hB, homotopyCofiber_d,
    inlX_d_assoc (vB b Z) n (n - 1) (n - 1 - 1) (down_rel_pred n) (down_rel_pred (n - 1)), c₀, c'₀, add_comp, comp_add,
    sub_comp, comp_sub]

Note: This linter can be disabled with `set_option linter.unusedSimpArgs false`
warning: HSFormal/LTheory/Model/UnionRelLadder.lean:252:62: This simp argument is unused:
  comp_sub

Hint: Omit it from the simp argument list.
  [apply] simp [c, c', hB, homotopyCofiber_d,
    inlX_d_assoc (vB b Z) n (n - 1) (n - 1 - 1) (down_rel_pred n) (down_rel_pred (n - 1)), c₀, c'₀, SymPoincare.sum,
    add_comp, comp_add, sub_comp]

Note: This linter can be disabled with `set_option linter.unusedSimpArgs false`
warning: HSFormal/LTheory/Model/UnionRelLadder.lean:256:50: This simp argument is unused:
  comp_sub

Hint: Omit it from the simp argument list.
  [apply] simp [c, c', hB, homotopyCofiber_d, inlX_d (vB b Z) (n + 1) n (n - 1) (down_rel_succ n) (down_rel_pred n), c₁,
    c'₁, pSB, add_comp, comp_add, sub_comp]

Note: This linter can be disabled with `set_option linter.unusedSimpArgs false`
warning: HSFormal/LTheory/Model/UnionRelLadder.lean:314:77: This simp argument is unused:
  id_comp

Hint: Omit it from the simp argument list.
  [apply] simp only [phiD, sub_f_apply, comp_f, dualHom_f, sub_comp, comp_sub, assoc, inl_jj_f, inr_jj_f,
    star_sumFst_sumInl_assoc, star_sumFst_sumInr_assoc, zero_comp, sub_zero]

Note: This linter can be disabled with `set_option linter.unusedSimpArgs false`
warning: HSFormal/LTheory/Model/UnionRelLadder.lean:320:77: This simp argument is unused:
  id_comp

Hint: Omit it from the simp argument list.
  [apply] simp only [phiD, sub_f_apply, comp_f, dualHom_f, sub_comp, comp_sub, assoc, inl_jj_f, inr_jj_f,
    star_sumSnd_sumInl_assoc, star_sumSnd_sumInr_assoc, zero_comp, zero_sub]

Note: This linter can be disabled with `set_option linter.unusedSimpArgs false`
warning: HSFormal/LTheory/Model/UnionRelLadder.lean:353:0: automatically included section variable(s) unused in theorem `HSFormal.LTheory.UTurn.Qφ_cJ`:
  [HasBinaryBiproducts V]
  [HasFiniteBiproducts V]
  [Linear ℚ V]
consider restructuring your `variable` declarations so that the variables are not in scope or explicitly omit them:
  omit [HasBinaryBiproducts V] [HasFiniteBiproducts V] [Linear ℚ V] in theorem ...

Note: This linter can be disabled with `set_option linter.unusedSectionVars false`
warning: HSFormal/LTheory/Model/UnionRelLadder.lean:356:8: This simp argument is unused:
  SymPoincare.sum

Hint: Omit it from the simp argument list.
  [apply] simp [cJ, add_comp, comp_add, sub_comp, hφ]

Note: This linter can be disabled with `set_option linter.unusedSimpArgs false`
warning: HSFormal/LTheory/Model/UnionRelLadder.lean:362:0: automatically included section variable(s) unused in theorem `HSFormal.LTheory.UTurn.c₁_f_fst`:
  [HasFiniteBiproducts V]
  [Linear ℚ V]
consider restructuring your `variable` declarations so that the variables are not in scope or explicitly omit them:
  omit [HasFiniteBiproducts V] [Linear ℚ V] in theorem ...

Note: This linter can be disabled with `set_option linter.unusedSectionVars false`
warning: HSFormal/LTheory/Model/UnionRelLadder.lean:365:0: automatically included section variable(s) unused in theorem `HSFormal.LTheory.UTurn.c₁_f_snd`:
  [HasFiniteBiproducts V]
  [Linear ℚ V]
consider restructuring your `variable` declarations so that the variables are not in scope or explicitly omit them:
  omit [HasFiniteBiproducts V] [Linear ℚ V] in theorem ...

Note: This linter can be disabled with `set_option linter.unusedSectionVars false`
warning: HSFormal/LTheory/Model/UnionRelLadder.lean:367:0: automatically included section variable(s) unused in theorem `HSFormal.LTheory.UTurn.relTop_pD`:
  [Linear ℚ V]
consider restructuring your `variable` declarations so that the variables are not in scope or explicitly omit them:
  omit [Linear ℚ V] in theorem ...

Note: This linter can be disabled with `set_option linter.unusedSectionVars false`
warning: HSFormal/LTheory/Model/UnionRelLadder.lean:383:75: This simp argument is unused:
  comp_zero

Hint: Omit it from the simp argument list.
  [apply] simp only [add_comp, comp_add, assoc, cone.star_fstX_inrX_assoc, cone.star_fstX_inlX_assoc,
    Linear.comp_units_smul, Linear.units_smul_comp, zero_comp, zero_add, reassoc_of% (Qφ_cJ (b := b))]

Note: This linter can be disabled with `set_option linter.unusedSimpArgs false`
warning: HSFormal/LTheory/Model/UnionRelLadder.lean:403:17: This simp argument is unused:
  J.star_sub

Hint: Omit it from the simp argument list.
  [apply] simp only [J.star_neg, J.star_comp, sub_comp, neg_comp, assoc, star_fst_phiD_jj, star_snd_phiD_jj, comp_neg,
    star_sndX_phiT_cyl_assoc, zero_comp, comp_zero, neg_zero, J.star_zero]

Note: This linter can be disabled with `set_option linter.unusedSimpArgs false`
warning: HSFormal/LTheory/Model/UnionRelLadder.lean:403:54: This simp argument is unused:
  sub_comp

Hint: Omit it from the simp argument list.
  [apply] simp only [J.star_sub, J.star_neg, J.star_comp, neg_comp, assoc, star_fst_phiD_jj, star_snd_phiD_jj, comp_neg,
    star_sndX_phiT_cyl_assoc, zero_comp, comp_zero, neg_zero, J.star_zero]

Note: This linter can be disabled with `set_option linter.unusedSimpArgs false`
warning: HSFormal/LTheory/Model/UnionRelLadder.lean:404:8: This simp argument is unused:
  star_fst_phiD_jj

Hint: Omit it from the simp argument list.
  [apply] simp only [J.star_sub, J.star_neg, J.star_comp, sub_comp, neg_comp, assoc, star_snd_phiD_jj, comp_neg,
    star_sndX_phiT_cyl_assoc, zero_comp, comp_zero, neg_zero, J.star_zero]

Note: This linter can be disabled with `set_option linter.unusedSimpArgs false`
warning: HSFormal/LTheory/Model/UnionRelLadder.lean:427:19: This simp argument is unused:
  sub_comp

Hint: Omit it from the simp argument list.
  [apply] simp only [phiD, assoc, inl_jj_assoc, inr_jj_assoc, fa_πW, fb_πW, phiT_comp_π, sub_eq_add_neg, dualHom_add,
    dualHom_neg, dualHom_comp, add_comp, neg_comp]

Note: This linter can be disabled with `set_option linter.unusedSimpArgs false`
⚠ [9303/9345] Replayed HSFormal.LTheory.Model.UnionRelNull
warning: HSFormal/LTheory/Model/UnionRelNull.lean:36:5: Ambiguous namespace `Union`: it is interpreted as `_root_.HSFormal.LTheory.Union` because this `open` occurs inside `namespace HSFormal.LTheory.UTurn`, while `_root_.Union` is silently not opened. Specify the namespace unambiguously, e.g. `_root_.HSFormal.LTheory.Union`. The warning can sometimes also be addressed by moving the `open` outside of the surrounding `namespace`.

Note: This linter can be disabled with `set_option linter.ambiguousOpen false`
warning: HSFormal/LTheory/Model/UnionRelNull.lean:43:0: automatically included section variable(s) unused in theorem `HSFormal.LTheory.UTurn.pSW_idem`:
  [HasFiniteBiproducts V]
  [Linear ℚ V]
consider restructuring your `variable` declarations so that the variables are not in scope or explicitly omit them:
  omit [HasFiniteBiproducts V] [Linear ℚ V] in theorem ...

Note: This linter can be disabled with `set_option linter.unusedSectionVars false`
warning: HSFormal/LTheory/Model/UnionRelNull.lean:54:0: automatically included section variable(s) unused in theorem `HSFormal.LTheory.UTurn.pcX_idem`:
  [HasFiniteBiproducts V]
  [Linear ℚ V]
consider restructuring your `variable` declarations so that the variables are not in scope or explicitly omit them:
  omit [HasFiniteBiproducts V] [Linear ℚ V] in theorem ...

Note: This linter can be disabled with `set_option linter.unusedSectionVars false`
warning: HSFormal/LTheory/Model/UnionRelNull.lean:56:0: automatically included section variable(s) unused in theorem `HSFormal.LTheory.UTurn.pcZ_idem`:
  [HasFiniteBiproducts V]
  [Linear ℚ V]
consider restructuring your `variable` declarations so that the variables are not in scope or explicitly omit them:
  omit [HasFiniteBiproducts V] [Linear ℚ V] in theorem ...

Note: This linter can be disabled with `set_option linter.unusedSectionVars false`
warning: HSFormal/LTheory/Model/UnionRelNull.lean:89:0: automatically included section variable(s) unused in theorem `HSFormal.LTheory.UTurn.relDuality_Z_kar`:
  [HasFiniteBiproducts V]
  [Linear ℚ V]
consider restructuring your `variable` declarations so that the variables are not in scope or explicitly omit them:
  omit [HasFiniteBiproducts V] [Linear ℚ V] in theorem ...

Note: This linter can be disabled with `set_option linter.unusedSectionVars false`
warning: HSFormal/LTheory/Model/UnionRelNull.lean:93:0: automatically included section variable(s) unused in theorem `HSFormal.LTheory.UTurn.relDuality_X_kar`:
  [HasFiniteBiproducts V]
  [Linear ℚ V]
consider restructuring your `variable` declarations so that the variables are not in scope or explicitly omit them:
  omit [HasFiniteBiproducts V] [Linear ℚ V] in theorem ...

Note: This linter can be disabled with `set_option linter.unusedSectionVars false`
warning: HSFormal/LTheory/Model/UnionRelNull.lean:138:10: This simp argument is unused:
  SymPoincare.sum

Hint: Omit it from the simp argument list.
  [apply] simp [add_comp, comp_add]

Note: This linter can be disabled with `set_option linter.unusedSimpArgs false`
warning: HSFormal/LTheory/Model/UnionRelNull.lean:203:14: This simp argument is unused:
  SymPoincare.sum

Hint: Omit it from the simp argument list.
  [apply] simp [SymPoincare.neg]

Note: This linter can be disabled with `set_option linter.unusedSimpArgs false`
warning: HSFormal/LTheory/Model/UnionRelNull.lean:213:43: This simp argument is unused:
  Pi.add_apply

Hint: Omit it from the simp argument list.
  [apply] simp only [Wd, homotopyCongr_hom, Homotopy.add_hom, Homotopy.compLeft_hom, Homotopy.compRight_hom,
    Homotopy.smul, comp_add, add_comp, assoc, Linear.smul_comp, Linear.comp_smul, neg_comp, comp_neg, reassoc_of% ea,
    reassoc_of% eb, inl_jj_f, inr_jj_f, sandUnion, neg_one_smul, add_neg_cancel]

Note: This linter can be disabled with `set_option linter.unusedSimpArgs false`
warning: HSFormal/LTheory/Model/UnionRelNull.lean:214:4: This simp argument is unused:
  Linear.smul_comp

Hint: Omit it from the simp argument list.
  [apply] simp only [Wd, homotopyCongr_hom, Homotopy.add_hom, Homotopy.compLeft_hom, Homotopy.compRight_hom,
    Homotopy.smul, Pi.add_apply, comp_add, add_comp, assoc, Linear.comp_smul, neg_comp, comp_neg, reassoc_of% ea,
    reassoc_of% eb, inl_jj_f, inr_jj_f, sandUnion, neg_one_smul, add_neg_cancel]

Note: This linter can be disabled with `set_option linter.unusedSimpArgs false`
warning: HSFormal/LTheory/Model/UnionRelNull.lean:214:22: This simp argument is unused:
  Linear.comp_smul

Hint: Omit it from the simp argument list.
  [apply] simp only [Wd, homotopyCongr_hom, Homotopy.add_hom, Homotopy.compLeft_hom, Homotopy.compRight_hom,
    Homotopy.smul, Pi.add_apply, comp_add, add_comp, assoc, Linear.smul_comp, neg_comp, comp_neg, reassoc_of% ea,
    reassoc_of% eb, inl_jj_f, inr_jj_f, sandUnion, neg_one_smul, add_neg_cancel]

Note: This linter can be disabled with `set_option linter.unusedSimpArgs false`
⚠ [9304/9345] Replayed HSFormal.LTheory.Model.UnionRelSum
warning: HSFormal/LTheory/Model/UnionRelSum.lean:41:5: Ambiguous namespace `Union`: it is interpreted as `_root_.HSFormal.LTheory.Union` because this `open` occurs inside `namespace HSFormal.LTheory.UnionSum`, while `_root_.Union` is silently not opened. Specify the namespace unambiguously, e.g. `_root_.HSFormal.LTheory.Union`. The warning can sometimes also be addressed by moving the `open` outside of the surrounding `namespace`.

Note: This linter can be disabled with `set_option linter.ambiguousOpen false`
warning: HSFormal/LTheory/Model/UnionRelSum.lean:87:0: automatically included section variable(s) unused in theorem `HSFormal.LTheory.UnionSum.Qp_fst`:
  [HasFiniteBiproducts V]
consider restructuring your `variable` declarations so that the variables are not in scope or explicitly omit them:
  omit [HasFiniteBiproducts V] in theorem ...

Note: This linter can be disabled with `set_option linter.unusedSectionVars false`
warning: HSFormal/LTheory/Model/UnionRelSum.lean:87:78: This simp argument is unused:
  SymPoincare.sum

Hint: Omit it from the simp argument list.
  [apply] simp

Note: This linter can be disabled with `set_option linter.unusedSimpArgs false`
warning: HSFormal/LTheory/Model/UnionRelSum.lean:89:0: automatically included section variable(s) unused in theorem `HSFormal.LTheory.UnionSum.Qp_snd`:
  [HasFiniteBiproducts V]
consider restructuring your `variable` declarations so that the variables are not in scope or explicitly omit them:
  omit [HasFiniteBiproducts V] in theorem ...

Note: This linter can be disabled with `set_option linter.unusedSectionVars false`
warning: HSFormal/LTheory/Model/UnionRelSum.lean:89:78: This simp argument is unused:
  SymPoincare.sum

Hint: Omit it from the simp argument list.
  [apply] simp [SymPoincare.neg]

Note: This linter can be disabled with `set_option linter.unusedSimpArgs false`
warning: HSFormal/LTheory/Model/UnionRelSum.lean:91:0: automatically included section variable(s) unused in theorem `HSFormal.LTheory.UnionSum.inl_Qp`:
  [HasFiniteBiproducts V]
consider restructuring your `variable` declarations so that the variables are not in scope or explicitly omit them:
  omit [HasFiniteBiproducts V] in theorem ...

Note: This linter can be disabled with `set_option linter.unusedSectionVars false`
warning: HSFormal/LTheory/Model/UnionRelSum.lean:91:78: This simp argument is unused:
  SymPoincare.sum

Hint: Omit it from the simp argument list.
  [apply] simp

Note: This linter can be disabled with `set_option linter.unusedSimpArgs false`
warning: HSFormal/LTheory/Model/UnionRelSum.lean:93:0: automatically included section variable(s) unused in theorem `HSFormal.LTheory.UnionSum.inr_Qp`:
  [HasFiniteBiproducts V]
consider restructuring your `variable` declarations so that the variables are not in scope or explicitly omit them:
  omit [HasFiniteBiproducts V] in theorem ...

Note: This linter can be disabled with `set_option linter.unusedSectionVars false`
warning: HSFormal/LTheory/Model/UnionRelSum.lean:93:78: This simp argument is unused:
  SymPoincare.sum

Hint: Omit it from the simp argument list.
  [apply] simp [SymPoincare.neg]

Note: This linter can be disabled with `set_option linter.unusedSimpArgs false`
warning: HSFormal/LTheory/Model/UnionRelSum.lean:113:78: This simp argument is unused:
  reassoc_of% (inl_Qp (B := B))

Hint: Omit it from the simp argument list.
  [apply] simp [Union.σ, BdSplit.ofRight, XS, PairOn.sum, PairSum.j, uturn, add_comp]

Note: This linter can be disabled with `set_option linter.unusedSimpArgs false`
warning: HSFormal/LTheory/Model/UnionRelSum.lean:119:78: This simp argument is unused:
  reassoc_of% (inr_Qp (B := B))

Hint: Omit it from the simp argument list.
  [apply] simp [Union.σ, BdSplit.ofRight, XS, PairOn.sum, PairSum.j, uturn, add_comp]

Note: This linter can be disabled with `set_option linter.unusedSimpArgs false`
warning: HSFormal/LTheory/Model/UnionRelSum.lean:150:0: automatically included section variable(s) unused in theorem `HSFormal.LTheory.UnionSum.πι_total`:
  [Linear ℚ V]
consider restructuring your `variable` declarations so that the variables are not in scope or explicitly omit them:
  omit [Linear ℚ V] in theorem ...

Note: This linter can be disabled with `set_option linter.unusedSectionVars false`
warning: HSFormal/LTheory/Model/UnionRelSum.lean:155:0: automatically included section variable(s) unused in theorem `HSFormal.LTheory.UnionSum.ι₁_π₁_f`:
  [Linear ℚ V]
consider restructuring your `variable` declarations so that the variables are not in scope or explicitly omit them:
  omit [Linear ℚ V] in theorem ...

Note: This linter can be disabled with `set_option linter.unusedSectionVars false`
warning: HSFormal/LTheory/Model/UnionRelSum.lean:159:0: automatically included section variable(s) unused in theorem `HSFormal.LTheory.UnionSum.ι₁_π₂_f`:
  [Linear ℚ V]
consider restructuring your `variable` declarations so that the variables are not in scope or explicitly omit them:
  omit [Linear ℚ V] in theorem ...

Note: This linter can be disabled with `set_option linter.unusedSectionVars false`
warning: HSFormal/LTheory/Model/UnionRelSum.lean:163:0: automatically included section variable(s) unused in theorem `HSFormal.LTheory.UnionSum.ι₂_π₁_f`:
  [Linear ℚ V]
consider restructuring your `variable` declarations so that the variables are not in scope or explicitly omit them:
  omit [Linear ℚ V] in theorem ...

Note: This linter can be disabled with `set_option linter.unusedSectionVars false`
warning: HSFormal/LTheory/Model/UnionRelSum.lean:167:0: automatically included section variable(s) unused in theorem `HSFormal.LTheory.UnionSum.ι₂_π₂_f`:
  [Linear ℚ V]
consider restructuring your `variable` declarations so that the variables are not in scope or explicitly omit them:
  omit [Linear ℚ V] in theorem ...

Note: This linter can be disabled with `set_option linter.unusedSectionVars false`
warning: HSFormal/LTheory/Model/UnionRelSum.lean:192:0: automatically included section variable(s) unused in theorem `HSFormal.LTheory.UnionSum.π₁_pS`:
  [Linear ℚ V]
consider restructuring your `variable` declarations so that the variables are not in scope or explicitly omit them:
  omit [Linear ℚ V] in theorem ...

Note: This linter can be disabled with `set_option linter.unusedSectionVars false`
warning: HSFormal/LTheory/Model/UnionRelSum.lean:197:0: automatically included section variable(s) unused in theorem `HSFormal.LTheory.UnionSum.π₂_pS`:
  [Linear ℚ V]
consider restructuring your `variable` declarations so that the variables are not in scope or explicitly omit them:
  omit [Linear ℚ V] in theorem ...

Note: This linter can be disabled with `set_option linter.unusedSectionVars false`
warning: HSFormal/LTheory/Model/UnionRelSum.lean:213:16: This simp argument is unused:
  SymPoincare.sum

Hint: Omit it from the simp argument list.
  [apply] simp only [E, union_p, add_comp, comp_add, assoc, sumInl_sumFst_assoc, sumInl_sumSnd_assoc,
    sumInr_sumFst_assoc, sumInr_sumSnd_assoc, zero_comp, comp_zero, add_zero, zero_add]

Note: This linter can be disabled with `set_option linter.unusedSimpArgs false`
warning: HSFormal/LTheory/Model/UnionRelSum.lean:220:0: automatically included section variable(s) unused in theorem `HSFormal.LTheory.UnionSum.ιW_e₁`:
  [Linear ℚ V]
consider restructuring your `variable` declarations so that the variables are not in scope or explicitly omit them:
  omit [Linear ℚ V] in theorem ...

Note: This linter can be disabled with `set_option linter.unusedSectionVars false`
warning: HSFormal/LTheory/Model/UnionRelSum.lean:225:0: automatically included section variable(s) unused in theorem `HSFormal.LTheory.UnionSum.ιW_e₂`:
  [Linear ℚ V]
consider restructuring your `variable` declarations so that the variables are not in scope or explicitly omit them:
  omit [Linear ℚ V] in theorem ...

Note: This linter can be disabled with `set_option linter.unusedSectionVars false`
warning: HSFormal/LTheory/Model/UnionRelSum.lean:230:0: automatically included section variable(s) unused in theorem `HSFormal.LTheory.UnionSum.ιY_e₁`:
  [Linear ℚ V]
consider restructuring your `variable` declarations so that the variables are not in scope or explicitly omit them:
  omit [Linear ℚ V] in theorem ...

Note: This linter can be disabled with `set_option linter.unusedSectionVars false`
warning: HSFormal/LTheory/Model/UnionRelSum.lean:235:0: automatically included section variable(s) unused in theorem `HSFormal.LTheory.UnionSum.ιY_e₂`:
  [Linear ℚ V]
consider restructuring your `variable` declarations so that the variables are not in scope or explicitly omit them:
  omit [Linear ℚ V] in theorem ...

Note: This linter can be disabled with `set_option linter.unusedSectionVars false`
warning: HSFormal/LTheory/Model/UnionRelSum.lean:240:0: automatically included section variable(s) unused in theorem `HSFormal.LTheory.UnionSum.K'_e₁`:
  [Linear ℚ V]
consider restructuring your `variable` declarations so that the variables are not in scope or explicitly omit them:
  omit [Linear ℚ V] in theorem ...

Note: This linter can be disabled with `set_option linter.unusedSectionVars false`
warning: HSFormal/LTheory/Model/UnionRelSum.lean:246:0: automatically included section variable(s) unused in theorem `HSFormal.LTheory.UnionSum.K'_e₂`:
  [Linear ℚ V]
consider restructuring your `variable` declarations so that the variables are not in scope or explicitly omit them:
  omit [Linear ℚ V] in theorem ...

Note: This linter can be disabled with `set_option linter.unusedSectionVars false`
warning: HSFormal/LTheory/Model/UnionRelSum.lean:425:0: automatically included section variable(s) unused in theorem `HSFormal.LTheory.UnionSum.THns_block`:
  [Linear ℚ V]
consider restructuring your `variable` declarations so that the variables are not in scope or explicitly omit them:
  omit [Linear ℚ V] in theorem ...

Note: This linter can be disabled with `set_option linter.unusedSectionVars false`
⚠ [9306/9345] Replayed HSFormal.LTheory.Model.HalfLineRel
warning: HSFormal/LTheory/Model/HalfLineRel.lean:59:13: This simp argument is unused:
  dualComplex_d

Hint: Omit it from the simp argument list.
  [apply] simp only [comp_sub, Linear.units_smul_comp, Linear.comp_units_smul,
    XIsoOfEq_star_d_assoc D (show N + 1 - r' = N - (r' - 1) by omega) (show N + 1 - (r' + 1) = N - r' by omega)]

Note: This linter can be disabled with `set_option linter.unusedSimpArgs false`
warning: HSFormal/LTheory/Model/HalfLineRel.lean:76:16: `dif_neg` has been deprecated: Use `dite_eq_right` instead

Hint: Replace the deprecated name:
  d̵i̵f̵_̵n̵e̵g̵d̲i̲t̲e̲_̲e̲q̲_̲r̲i̲g̲h̲t̲
warning: HSFormal/LTheory/Model/HalfLineRel.lean:79:69: `dif_pos` has been deprecated: Use `dite_eq_left` instead

Hint: Replace the deprecated name:
  d̵i̵f̵_̵p̵o̵s̵d̲i̲t̲e̲_̲e̲q̲_̲l̲e̲f̲t̲
warning: HSFormal/LTheory/Model/HalfLineRel.lean:80:6: `dif_pos` has been deprecated: Use `dite_eq_left` instead

Hint: Replace the deprecated name:
  d̵i̵f̵_̵p̵o̵s̵d̲i̲t̲e̲_̲e̲q̲_̲l̲e̲f̲t̲
warning: HSFormal/LTheory/Model/HalfLineRel.lean:85:17: This simp argument is unused:
  dualComplex_d

Hint: Omit it from the simp argument list.
  [apply] simp only [Linear.units_smul_comp, Linear.comp_units_smul, star_d_XIsoOfEq, Int.negOnePow_succ,
    Units.neg_smul, Preadditive.comp_neg, neg_neg,
    XIsoOfEq_star_d D (show N + 1 - i = N + 1 - i from rfl) (show N - i = N + 1 - (i + 1) by omega), XIsoOfEq_rfl,
    Iso.refl_hom, comp_id]

Note: This linter can be disabled with `set_option linter.unusedSimpArgs false`
warning: HSFormal/LTheory/Model/HalfLineRel.lean:114:17: This simp argument is unused:
  dualComplex_d

Hint: Omit it from the simp argument list.
  [apply] simp only [comp_add, add_comp, assoc, Linear.comp_units_smul, Linear.units_smul_comp,
    cone.star_fstX_inrX_assoc, cone.star_fstX_inlX_assoc, zero_comp, zero_add,
    cone.star_fstX_d_assoc j _ _ _
        (show (ComplexShape.down ℤ).Rel (N + 1 - r') (N + 1 - r) by simp only [ComplexShape.down_Rel]; omega),
    neg_comp, cone.star_fstX_inlX'_assoc j _ (down_rel_sub N r'), Hom.comm, φ.comm_assoc, comp_zero, neg_zero,
    star_d_XIsoOfEq_assoc]

Note: This linter can be disabled with `set_option linter.unusedSimpArgs false`
warning: HSFormal/LTheory/Model/HalfLineRel.lean:122:17: This simp argument is unused:
  dualComplex_d

Hint: Omit it from the simp argument list.
  [apply] simp only [comp_add, add_comp, assoc, Linear.comp_units_smul, Linear.units_smul_comp,
    cone.star_sndX_inrX_assoc, cone.star_sndX_inlX_assoc, zero_comp, add_zero,
    cone.star_sndX_d_assoc j _ _
        (show (ComplexShape.down ℤ).Rel (N + 1 - r') (N + 1 - r) by simp only [ComplexShape.down_Rel]; omega),
    cone.star_fstX_inlX'_assoc j _ (down_rel_sub N r'), cone.star_fstX_inrX_assoc, relTopH_comm H r r' h, comp_zero,
    smul_zero, add_zero, zero_add, comp_f, dualHom_f, star_f_XIsoOfEq_assoc]

Note: This linter can be disabled with `set_option linter.unusedSimpArgs false`
warning: HSFormal/LTheory/Model/HalfLineRel.lean:172:27: This simp argument is unused:
  dualComplex_d

Hint: Omit it from the simp argument list.
  [apply] simp only [comp_sub, Linear.units_smul_comp, Linear.comp_units_smul, reassoc_of% e]

Note: This linter can be disabled with `set_option linter.unusedSimpArgs false`
⚠ [9307/9345] Replayed HSFormal.LTheory.Model.HalfLineData
warning: HSFormal/LTheory/Model/HalfLineData.lean:491:18: `dif_neg` has been deprecated: Use `dite_eq_right` instead

Hint: Replace the deprecated name:
  d̵i̵f̵_̵n̵e̵g̵d̲i̲t̲e̲_̲e̲q̲_̲r̲i̲g̲h̲t̲
warning: HSFormal/LTheory/Model/HalfLineData.lean:495:38: `dif_pos` has been deprecated: Use `dite_eq_left` instead

Hint: Replace the deprecated name:
  d̵i̵f̵_̵p̵o̵s̵d̲i̲t̲e̲_̲e̲q̲_̲l̲e̲f̲t̲
warning: HSFormal/LTheory/Model/HalfLineData.lean:495:50: `dif_pos` has been deprecated: Use `dite_eq_left` instead

Hint: Replace the deprecated name:
  d̵i̵f̵_̵p̵o̵s̵d̲i̲t̲e̲_̲e̲q̲_̲l̲e̲f̲t̲
⚠ [9308/9345] Replayed HSFormal.LTheory.Model.HalfLinePair
warning: HSFormal/LTheory/Model/HalfLinePair.lean:130:13: This simp argument is unused:
  SymPoincare.map_p

Hint: Omit it from the simp argument list.
  [apply] simp only at this

Note: This linter can be disabled with `set_option linter.unusedSimpArgs false`
warning: HSFormal/LTheory/Model/HalfLinePair.lean:210:43: This simp argument is unused:
  SymPoincare.map_φ

Hint: Omit it from the simp argument list.
  [apply] simp only [InvFunctor.mapDualIso_inv_f, jC_f, assoc, inrX_map, Functor.mapHomologicalComplex_map_f,
    InvFunctor.mapDual_f, comp_f]

Note: This linter can be disabled with `set_option linter.unusedSimpArgs false`
⚠ [9309/9345] Replayed HSFormal.LTheory.Model.HalfLineCZ
warning: HSFormal/LTheory/Model/HalfLineCZ.lean:425:16: Unused tactic linter: `(try dsimp only)` does nothing

Note: This linter can be disabled with `set_option linter.unusedTactic false`
warning: HSFormal/LTheory/Model/HalfLineCZ.lean:434:16: Unused tactic linter: `(try dsimp only)` does nothing

Note: This linter can be disabled with `set_option linter.unusedTactic false`
warning: HSFormal/LTheory/Model/HalfLineCZ.lean:443:16: Unused tactic linter: `(try dsimp only)` does nothing

Note: This linter can be disabled with `set_option linter.unusedTactic false`
warning: HSFormal/LTheory/Model/HalfLineCZ.lean:457:57: Unused tactic linter: `(try dsimp only)` does nothing

Note: This linter can be disabled with `set_option linter.unusedTactic false`
warning: HSFormal/LTheory/Model/HalfLineCZ.lean:458:49: Unused tactic linter: `(try dsimp only)` does nothing

Note: This linter can be disabled with `set_option linter.unusedTactic false`
warning: HSFormal/LTheory/Model/HalfLineCZ.lean:459:54: Unused tactic linter: `(try dsimp only)` does nothing

Note: This linter can be disabled with `set_option linter.unusedTactic false`
warning: HSFormal/LTheory/Model/HalfLineCZ.lean:460:48: Unused tactic linter: `(try dsimp only)` does nothing

Note: This linter can be disabled with `set_option linter.unusedTactic false`
warning: HSFormal/LTheory/Model/HalfLineCZ.lean:461:52: Unused tactic linter: `(try dsimp only)` does nothing

Note: This linter can be disabled with `set_option linter.unusedTactic false`
warning: HSFormal/LTheory/Model/HalfLineCZ.lean:512:16: Unused tactic linter: `(try dsimp only)` does nothing

Note: This linter can be disabled with `set_option linter.unusedTactic false`
warning: HSFormal/LTheory/Model/HalfLineCZ.lean:533:59: Unused tactic linter: `(try dsimp only)` does nothing

Note: This linter can be disabled with `set_option linter.unusedTactic false`
warning: HSFormal/LTheory/Model/HalfLineCZ.lean:534:53: Unused tactic linter: `(try dsimp only)` does nothing

Note: This linter can be disabled with `set_option linter.unusedTactic false`
warning: HSFormal/LTheory/Model/HalfLineCZ.lean:535:54: Unused tactic linter: `(try dsimp only)` does nothing

Note: This linter can be disabled with `set_option linter.unusedTactic false`
warning: HSFormal/LTheory/Model/HalfLineCZ.lean:536:48: Unused tactic linter: `(try dsimp only)` does nothing

Note: This linter can be disabled with `set_option linter.unusedTactic false`
warning: HSFormal/LTheory/Model/HalfLineCZ.lean:537:52: Unused tactic linter: `(try dsimp only)` does nothing

Note: This linter can be disabled with `set_option linter.unusedTactic false`
⚠ [9310/9345] Replayed HSFormal.LTheory.Model.HalfLineUnion
warning: HSFormal/LTheory/Model/HalfLineUnion.lean:173:55: Unused tactic linter: `(try dsimp only)` does nothing

Note: This linter can be disabled with `set_option linter.unusedTactic false`
warning: HSFormal/LTheory/Model/HalfLineUnion.lean:256:49: Unused tactic linter: `(try dsimp only)` does nothing

Note: This linter can be disabled with `set_option linter.unusedTactic false`
warning: HSFormal/LTheory/Model/HalfLineUnion.lean:257:68: Unused tactic linter: `(try dsimp only)` does nothing

Note: This linter can be disabled with `set_option linter.unusedTactic false`
warning: HSFormal/LTheory/Model/HalfLineUnion.lean:281:49: Unused tactic linter: `(try dsimp only)` does nothing

Note: This linter can be disabled with `set_option linter.unusedTactic false`
⚠ [9311/9345] Replayed HSFormal.LTheory.Model.HalfLineSplit
warning: HSFormal/LTheory/Model/HalfLineSplit.lean:81:57: Unused tactic linter: `(try dsimp only)` does nothing

Note: This linter can be disabled with `set_option linter.unusedTactic false`
warning: HSFormal/LTheory/Model/HalfLineSplit.lean:82:49: Unused tactic linter: `(try dsimp only)` does nothing

Note: This linter can be disabled with `set_option linter.unusedTactic false`
warning: HSFormal/LTheory/Model/HalfLineSplit.lean:83:54: Unused tactic linter: `(try dsimp only)` does nothing

Note: This linter can be disabled with `set_option linter.unusedTactic false`
warning: HSFormal/LTheory/Model/HalfLineSplit.lean:84:48: Unused tactic linter: `(try dsimp only)` does nothing

Note: This linter can be disabled with `set_option linter.unusedTactic false`
warning: HSFormal/LTheory/Model/HalfLineSplit.lean:86:16: Unused tactic linter: `(try dsimp only)` does nothing

Note: This linter can be disabled with `set_option linter.unusedTactic false`
warning: HSFormal/LTheory/Model/HalfLineSplit.lean:86:53: Unused tactic linter: `(try dsimp only)` does nothing

Note: This linter can be disabled with `set_option linter.unusedTactic false`
warning: HSFormal/LTheory/Model/HalfLineSplit.lean:96:50: Unused tactic linter: `(try dsimp only)` does nothing

Note: This linter can be disabled with `set_option linter.unusedTactic false`
warning: HSFormal/LTheory/Model/HalfLineSplit.lean:97:54: Unused tactic linter: `(try dsimp only)` does nothing

Note: This linter can be disabled with `set_option linter.unusedTactic false`
warning: HSFormal/LTheory/Model/HalfLineSplit.lean:98:48: Unused tactic linter: `(try dsimp only)` does nothing

Note: This linter can be disabled with `set_option linter.unusedTactic false`
warning: HSFormal/LTheory/Model/HalfLineSplit.lean:151:20: Unused tactic linter: `(try dsimp only at h ⊢)` does nothing

Note: This linter can be disabled with `set_option linter.unusedTactic false`
warning: HSFormal/LTheory/Model/HalfLineSplit.lean:177:70: Unused tactic linter: `(try dsimp only)` does nothing

Note: This linter can be disabled with `set_option linter.unusedTactic false`
warning: HSFormal/LTheory/Model/HalfLineSplit.lean:178:70: Unused tactic linter: `(try dsimp only)` does nothing

Note: This linter can be disabled with `set_option linter.unusedTactic false`
⚠ [9338/9345] Replayed HSFormal.HilbertSmithModel
warning: HSFormal/HilbertSmithModel.lean:95:43: Variable name `k` is not explicitly referenced.

Hint: The binding can be removed (if unused) or named `_` (if used implicitly). Alternatively, prefix the name with `_` to silence this warning:
  [apply] _k

Note: This linter can be disabled with `set_option linter.unusedVariables false`
warning: HSFormal/HilbertSmithModel.lean:104:41: Variable name `k` is not explicitly referenced.

Hint: The binding can be removed (if unused) or named `_` (if used implicitly). Alternatively, prefix the name with `_` to silence this warning:
  [apply] _k

Note: This linter can be disabled with `set_option linter.unusedVariables false`
⚠ [9344/9345] Built FCChallenge (11s)
warning: FCChallenge.lean:30:8: declaration uses `sorry`
warning: FCChallenge.lean:41:8: declaration uses `sorry`
Build completed successfully (9345 jobs).
Currently running on Lean v4.35.0-rc3
Running SafeVerify on target file: .lake/build/lib/lean/FCChallenge.olean and submission file: .lake/build/lib/lean/FCSolution.olean.
------------------
Replaying .lake/build/lib/lean/FCChallenge.olean
Finished setting up the environment.
Finished replay. Found 2 declarations.
------------------
Replaying .lake/build/lib/lean/FCSolution.olean
Finished setting up the environment.
Finished replay. Found 2 declarations.
------------------
------------------
------------------
SafeVerify check passed.
